num_regions,num_heights,seed,endurance,method,objective,solve_time,mip_gap,first_incumbent_obj,first_incumbent_time,heuristic_obj,heuristic_time,num_ops,status,n_vars,n_constrs
1,1,0,300,heuristic,162.2926,0.02,,,,,0.02,1,HEURISTIC,,
1,1,0,300,rings,162.1280,0.07,0.0000,173.4367,0.01,,0.02,1,OPTIMAL,215,372
1,1,0,300,rings_ws,162.1280,0.06,0.0000,162.2926,0.00,162.2926,0.02,1,OPTIMAL,215,372
1,1,0,450,heuristic,162.2926,0.02,,,,,0.02,1,HEURISTIC,,
1,1,0,450,rings,162.1280,0.06,0.0000,183.5364,0.00,,0.02,1,OPTIMAL,215,372
1,1,0,450,rings_ws,162.1280,0.07,0.0000,162.2926,0.00,162.2926,0.02,1,OPTIMAL,215,372
1,1,0,600,heuristic,162.2926,0.02,,,,,0.02,1,HEURISTIC,,
1,1,0,600,rings,162.1280,0.06,0.0000,183.5364,0.00,,0.02,1,OPTIMAL,215,372
1,1,0,600,rings_ws,162.1280,0.07,0.0000,162.2926,0.00,162.2926,0.02,1,OPTIMAL,215,372
1,1,0,900,heuristic,162.2926,0.02,,,,,0.02,1,HEURISTIC,,
1,1,0,900,rings,162.1280,0.06,0.0000,183.5364,0.00,,0.02,1,OPTIMAL,215,372
1,1,0,900,rings_ws,162.1280,0.13,0.0000,162.2926,0.00,162.2926,0.02,1,OPTIMAL,215,372
1,1,0,1500,heuristic,162.2926,0.02,,,,,0.02,1,HEURISTIC,,
1,1,0,1500,rings,162.1280,0.06,0.0000,183.5364,0.00,,0.02,1,OPTIMAL,215,372
1,1,0,1500,rings_ws,162.1280,0.07,0.0000,162.2926,0.00,162.2926,0.02,1,OPTIMAL,215,372
1,1,0,2400,heuristic,162.2926,0.02,,,,,0.02,1,HEURISTIC,,
1,1,0,2400,rings,162.1280,0.06,0.0000,183.5364,0.00,,0.02,1,OPTIMAL,215,372
1,1,0,2400,rings_ws,162.1280,0.07,0.0000,162.2926,0.00,162.2926,0.02,1,OPTIMAL,215,372
1,1,1,300,heuristic,136.6622,0.02,,,,,0.02,1,HEURISTIC,,
1,1,1,300,rings,135.5122,0.06,0.0000,149.4270,0.02,,0.02,1,OPTIMAL,215,372
1,1,1,300,rings_ws,135.5122,0.08,0.0000,136.6622,0.00,136.6622,0.02,1,OPTIMAL,215,372
1,1,1,450,heuristic,136.6622,0.02,,,,,0.02,1,HEURISTIC,,
1,1,1,450,rings,135.5122,0.08,0.0000,158.8887,0.00,,0.02,1,OPTIMAL,215,372
1,1,1,450,rings_ws,135.5122,0.06,0.0000,136.6622,0.00,136.6622,0.02,1,OPTIMAL,215,372
1,1,1,600,heuristic,136.6622,0.02,,,,,0.02,1,HEURISTIC,,
1,1,1,600,rings,135.5122,0.08,0.0000,158.8887,0.00,,0.02,1,OPTIMAL,215,372
1,1,1,600,rings_ws,135.5122,0.05,0.0000,136.6622,0.00,136.6622,0.02,1,OPTIMAL,215,372
1,1,1,900,heuristic,136.6622,0.02,,,,,0.02,1,HEURISTIC,,
1,1,1,900,rings,135.5122,0.11,0.0000,158.8887,0.00,,0.02,1,OPTIMAL,215,372
1,1,1,900,rings_ws,135.5122,0.08,0.0000,136.6622,0.00,136.6622,0.02,1,OPTIMAL,215,372
1,1,1,1500,heuristic,136.6622,0.02,,,,,0.02,1,HEURISTIC,,
1,1,1,1500,rings,135.5122,0.08,0.0000,158.8887,0.00,,0.02,1,OPTIMAL,215,372
1,1,1,1500,rings_ws,135.5122,0.06,0.0000,136.6622,0.00,136.6622,0.02,1,OPTIMAL,215,372
1,1,1,2400,heuristic,136.6622,0.02,,,,,0.02,1,HEURISTIC,,
1,1,1,2400,rings,135.5122,0.08,0.0000,158.8887,0.00,,0.02,1,OPTIMAL,215,372
1,1,1,2400,rings_ws,135.5122,0.06,0.0000,136.6622,0.00,136.6622,0.02,1,OPTIMAL,215,372
1,1,2,300,heuristic,193.1788,0.02,,,,,0.02,1,HEURISTIC,,
1,1,2,300,rings,193.0163,0.05,0.0000,196.1479,0.01,,0.02,1,OPTIMAL,215,372
1,1,2,300,rings_ws,193.0163,0.08,0.0000,193.1788,0.00,193.1788,0.02,1,OPTIMAL,215,372
1,1,2,450,heuristic,193.1788,0.02,,,,,0.02,1,HEURISTIC,,
1,1,2,450,rings,193.0163,0.05,0.0000,194.2715,0.00,,0.02,1,OPTIMAL,215,372
1,1,2,450,rings_ws,193.0163,0.05,0.0000,193.1788,0.00,193.1788,0.02,1,OPTIMAL,215,372
1,1,2,600,heuristic,193.1788,0.02,,,,,0.02,1,HEURISTIC,,
1,1,2,600,rings,193.0163,0.05,0.0000,194.2715,0.00,,0.02,1,OPTIMAL,215,372
1,1,2,600,rings_ws,193.0163,0.05,0.0000,193.1788,0.00,193.1788,0.02,1,OPTIMAL,215,372
1,1,2,900,heuristic,193.1788,0.02,,,,,0.02,1,HEURISTIC,,
1,1,2,900,rings,193.0163,0.05,0.0000,194.2715,0.00,,0.02,1,OPTIMAL,215,372
1,1,2,900,rings_ws,193.0163,0.05,0.0000,193.1788,0.00,193.1788,0.02,1,OPTIMAL,215,372
1,1,2,1500,heuristic,193.1788,0.02,,,,,0.02,1,HEURISTIC,,
1,1,2,1500,rings,193.0163,0.05,0.0000,194.2715,0.00,,0.02,1,OPTIMAL,215,372
1,1,2,1500,rings_ws,193.0163,0.06,0.0000,193.1788,0.00,193.1788,0.02,1,OPTIMAL,215,372
1,1,2,2400,heuristic,193.1788,0.02,,,,,0.02,1,HEURISTIC,,
1,1,2,2400,rings,193.0163,0.05,0.0000,194.2715,0.00,,0.02,1,OPTIMAL,215,372
1,1,2,2400,rings_ws,193.0163,0.05,0.0000,193.1788,0.00,193.1788,0.02,1,OPTIMAL,215,372
1,1,3,300,heuristic,205.7875,0.03,,,,,0.03,1,HEURISTIC,,
1,1,3,300,rings,203.6765,0.42,0.0000,224.2694,0.03,,0.03,1,OPTIMAL,428,733
1,1,3,300,rings_ws,203.6765,0.27,0.0000,205.7875,0.00,205.7875,0.03,1,OPTIMAL,428,733
1,1,3,450,heuristic,205.7875,0.03,,,,,0.03,1,HEURISTIC,,
1,1,3,450,rings,203.6765,0.31,0.0000,224.2694,0.03,,0.03,1,OPTIMAL,428,733
1,1,3,450,rings_ws,203.6765,0.40,0.0000,205.7875,0.00,205.7875,0.03,1,OPTIMAL,428,733
1,1,3,600,heuristic,205.7875,0.03,,,,,0.03,1,HEURISTIC,,
1,1,3,600,rings,203.6765,0.29,0.0000,224.2694,0.03,,0.03,1,OPTIMAL,428,733
1,1,3,600,rings_ws,203.6765,0.50,0.0000,205.7875,0.00,205.7875,0.03,1,OPTIMAL,428,733
1,1,3,900,heuristic,205.7875,0.03,,,,,0.03,1,HEURISTIC,,
1,1,3,900,rings,203.6765,0.28,0.0000,224.2694,0.03,,0.03,1,OPTIMAL,428,733
1,1,3,900,rings_ws,203.6765,0.20,0.0000,205.7875,0.00,205.7875,0.03,1,OPTIMAL,428,733
1,1,3,1500,heuristic,205.7875,0.03,,,,,0.03,1,HEURISTIC,,
1,1,3,1500,rings,203.6765,0.20,0.0000,230.3952,0.02,,0.03,1,OPTIMAL,428,733
1,1,3,1500,rings_ws,203.6765,0.24,0.0000,205.7875,0.00,205.7875,0.03,1,OPTIMAL,428,733
1,1,3,2400,heuristic,205.7875,0.03,,,,,0.03,1,HEURISTIC,,
1,1,3,2400,rings,203.6765,0.23,0.0000,230.3952,0.02,,0.03,1,OPTIMAL,428,733
1,1,3,2400,rings_ws,203.6765,0.24,0.0000,205.7875,0.00,205.7875,0.03,1,OPTIMAL,428,733
1,1,4,300,heuristic,183.2010,0.02,,,,,0.02,1,HEURISTIC,,
1,1,4,300,rings,181.7928,0.05,0.0000,182.6971,0.02,,0.02,1,OPTIMAL,215,372
1,1,4,300,rings_ws,181.7928,0.05,0.0000,183.2010,0.00,183.2010,0.02,1,OPTIMAL,215,372
1,1,4,450,heuristic,183.2010,0.02,,,,,0.02,1,HEURISTIC,,
1,1,4,450,rings,181.7928,0.06,0.0000,223.1493,0.00,,0.02,1,OPTIMAL,215,372
1,1,4,450,rings_ws,181.7928,0.08,0.0000,183.2010,0.00,183.2010,0.02,1,OPTIMAL,215,372
1,1,4,600,heuristic,183.2010,0.02,,,,,0.02,1,HEURISTIC,,
1,1,4,600,rings,181.7928,0.06,0.0000,223.1493,0.00,,0.02,1,OPTIMAL,215,372
1,1,4,600,rings_ws,181.7928,0.06,0.0000,183.2010,0.00,183.2010,0.02,1,OPTIMAL,215,372
1,1,4,900,heuristic,183.2010,0.02,,,,,0.02,1,HEURISTIC,,
1,1,4,900,rings,181.7928,0.06,0.0000,223.1493,0.00,,0.02,1,OPTIMAL,215,372
1,1,4,900,rings_ws,181.7928,0.07,0.0000,183.2010,0.00,183.2010,0.02,1,OPTIMAL,215,372
1,1,4,1500,heuristic,183.2010,0.02,,,,,0.02,1,HEURISTIC,,
1,1,4,1500,rings,181.7928,0.06,0.0000,223.1493,0.00,,0.02,1,OPTIMAL,215,372
1,1,4,1500,rings_ws,181.7928,0.08,0.0000,183.2010,0.00,183.2010,0.02,1,OPTIMAL,215,372
1,1,4,2400,heuristic,183.2010,0.02,,,,,0.02,1,HEURISTIC,,
1,1,4,2400,rings,181.7928,0.06,0.0000,223.1493,0.00,,0.02,1,OPTIMAL,215,372
1,1,4,2400,rings_ws,181.7928,0.06,0.0000,183.2010,0.00,183.2010,0.02,1,OPTIMAL,215,372
1,2,0,300,heuristic,187.8239,0.03,,,,,0.03,1,HEURISTIC,,
1,2,0,300,rings,187.4544,0.17,0.0000,339.1251,0.03,,0.03,1,OPTIMAL,469,819
1,2,0,300,rings_ws,187.4544,0.14,0.0000,187.8239,0.00,187.8239,0.03,1,OPTIMAL,469,819
1,2,0,450,heuristic,187.8239,0.03,,,,,0.03,1,HEURISTIC,,
1,2,0,450,rings,187.4544,0.17,0.0000,499.9296,0.03,,0.03,1,OPTIMAL,469,819
1,2,0,450,rings_ws,187.4544,0.09,0.0000,187.8239,0.00,187.8239,0.03,1,OPTIMAL,469,819
1,2,0,600,heuristic,187.8239,0.03,,,,,0.03,1,HEURISTIC,,
1,2,0,600,rings,187.4544,0.18,0.0000,204.7418,0.05,,0.03,1,OPTIMAL,469,819
1,2,0,600,rings_ws,187.4544,0.11,0.0000,187.8239,0.00,187.8239,0.03,1,OPTIMAL,469,819
1,2,0,900,heuristic,187.8239,0.03,,,,,0.03,1,HEURISTIC,,
1,2,0,900,rings,187.4544,0.18,0.0000,499.9296,0.03,,0.03,1,OPTIMAL,469,819
1,2,0,900,rings_ws,187.4544,0.11,0.0000,187.8239,0.00,187.8239,0.03,1,OPTIMAL,469,819
1,2,0,1500,heuristic,187.8239,0.03,,,,,0.03,1,HEURISTIC,,
1,2,0,1500,rings,187.4544,0.13,0.0000,189.7302,0.03,,0.03,1,OPTIMAL,469,819
1,2,0,1500,rings_ws,187.4544,0.11,0.0000,187.8239,0.00,187.8239,0.03,1,OPTIMAL,469,819
1,2,0,2400,heuristic,187.8239,0.03,,,,,0.03,1,HEURISTIC,,
1,2,0,2400,rings,187.4544,0.12,0.0000,189.7302,0.03,,0.03,1,OPTIMAL,469,819
1,2,0,2400,rings_ws,187.4544,0.12,0.0000,187.8239,0.00,187.8239,0.03,1,OPTIMAL,469,819
1,2,1,300,heuristic,155.8820,0.02,,,,,0.02,1,HEURISTIC,,
1,2,1,300,rings,122.7195,0.09,0.0000,173.1727,0.01,,0.02,1,OPTIMAL,256,456
1,2,1,300,rings_ws,122.7195,0.09,0.0000,155.8820,0.00,155.8820,0.02,1,OPTIMAL,256,456
1,2,1,450,heuristic,155.8820,0.02,,,,,0.02,1,HEURISTIC,,
1,2,1,450,rings,122.7195,0.08,0.0000,173.1727,0.01,,0.02,1,OPTIMAL,256,456
1,2,1,450,rings_ws,122.7195,0.10,0.0000,155.8820,0.00,155.8820,0.02,1,OPTIMAL,256,456
1,2,1,600,heuristic,155.8820,0.02,,,,,0.02,1,HEURISTIC,,
1,2,1,600,rings,122.7195,0.10,0.0000,173.1727,0.01,,0.02,1,OPTIMAL,256,456
1,2,1,600,rings_ws,122.7195,0.11,0.0000,155.8820,0.00,155.8820,0.02,1,OPTIMAL,256,456
1,2,1,900,heuristic,155.8820,0.02,,,,,0.02,1,HEURISTIC,,
1,2,1,900,rings,122.7195,0.09,0.0000,173.1727,0.01,,0.02,1,OPTIMAL,256,456
1,2,1,900,rings_ws,122.7195,0.11,0.0000,155.8820,0.00,155.8820,0.02,1,OPTIMAL,256,456
1,2,1,1500,heuristic,155.8820,0.02,,,,,0.02,1,HEURISTIC,,
1,2,1,1500,rings,122.7195,0.08,0.0000,173.1727,0.01,,0.02,1,OPTIMAL,256,456
1,2,1,1500,rings_ws,122.7195,0.15,0.0000,155.8820,0.00,155.8820,0.02,1,OPTIMAL,256,456
1,2,1,2400,heuristic,155.8820,0.02,,,,,0.02,1,HEURISTIC,,
1,2,1,2400,rings,122.7195,0.10,0.0000,173.1727,0.01,,0.02,1,OPTIMAL,256,456
1,2,1,2400,rings_ws,122.7195,0.12,0.0000,155.8820,0.00,155.8820,0.02,1,OPTIMAL,256,456
1,2,2,300,heuristic,218.2419,0.03,,,,,0.03,1,HEURISTIC,,
1,2,2,300,rings,218.0815,0.20,0.0000,220.6261,0.01,,0.03,1,OPTIMAL,469,819
1,2,2,300,rings_ws,218.0815,0.20,0.0000,218.2419,0.00,218.2419,0.03,1,OPTIMAL,469,819
1,2,2,450,heuristic,218.2419,0.03,,,,,0.03,1,HEURISTIC,,
1,2,2,450,rings,218.0815,0.23,0.0000,220.6261,0.01,,0.03,1,OPTIMAL,469,819
1,2,2,450,rings_ws,218.0815,0.22,0.0000,218.2419,0.00,218.2419,0.03,1,OPTIMAL,469,819
1,2,2,600,heuristic,218.2419,0.03,,,,,0.03,1,HEURISTIC,,
1,2,2,600,rings,218.0815,0.29,0.0000,220.6261,0.01,,0.03,1,OPTIMAL,469,819
1,2,2,600,rings_ws,218.0815,0.19,0.0000,218.2419,0.00,218.2419,0.03,1,OPTIMAL,469,819
1,2,2,900,heuristic,218.2419,0.03,,,,,0.03,1,HEURISTIC,,
1,2,2,900,rings,218.0815,0.21,0.0000,220.6261,0.01,,0.03,1,OPTIMAL,469,819
1,2,2,900,rings_ws,218.0815,0.20,0.0000,218.2419,0.00,218.2419,0.03,1,OPTIMAL,469,819
1,2,2,1500,heuristic,218.2419,0.03,,,,,0.03,1,HEURISTIC,,
1,2,2,1500,rings,218.0815,0.19,0.0000,234.5905,0.02,,0.03,1,OPTIMAL,469,819
1,2,2,1500,rings_ws,218.0815,0.20,0.0000,218.2419,0.00,218.2419,0.03,1,OPTIMAL,469,819
1,2,2,2400,heuristic,218.2419,0.04,,,,,0.04,1,HEURISTIC,,
1,2,2,2400,rings,218.0815,0.20,0.0000,234.5905,0.02,,0.04,1,OPTIMAL,469,819
1,2,2,2400,rings_ws,218.0815,0.21,0.0000,218.2419,0.00,218.2419,0.04,1,OPTIMAL,469,819
1,2,3,300,heuristic,281.6030,0.04,,,,,0.04,1,HEURISTIC,,
1,2,3,300,rings,279.8482,3.79,0.0000,301.3153,0.02,,0.04,1,OPTIMAL,754,1302
1,2,3,300,rings_ws,279.8482,2.88,0.0000,281.6030,0.00,281.6030,0.04,1,OPTIMAL,754,1302
1,2,3,450,heuristic,281.6030,0.04,,,,,0.04,1,HEURISTIC,,
1,2,3,450,rings,279.8482,4.86,0.0000,301.4569,0.04,,0.04,1,OPTIMAL,754,1302
1,2,3,450,rings_ws,279.8482,2.59,0.0000,281.6030,0.00,281.6030,0.04,1,OPTIMAL,754,1302
1,2,3,600,heuristic,281.6030,0.04,,,,,0.04,1,HEURISTIC,,
1,2,3,600,rings,279.8482,3.32,0.0000,301.4569,0.04,,0.04,1,OPTIMAL,754,1302
1,2,3,600,rings_ws,279.8482,3.41,0.0000,281.6030,0.00,281.6030,0.04,1,OPTIMAL,754,1302
1,2,3,900,heuristic,281.6030,0.04,,,,,0.04,1,HEURISTIC,,
1,2,3,900,rings,279.8482,2.61,0.0000,301.4569,0.04,,0.04,1,OPTIMAL,754,1302
1,2,3,900,rings_ws,279.8482,2.74,0.0000,281.6030,0.00,281.6030,0.04,1,OPTIMAL,754,1302
1,2,3,1500,heuristic,281.6030,0.04,,,,,0.04,1,HEURISTIC,,
1,2,3,1500,rings,279.8482,4.79,0.0000,301.4569,0.04,,0.04,1,OPTIMAL,754,1302
1,2,3,1500,rings_ws,279.8482,3.67,0.0000,281.6030,0.00,281.6030,0.04,1,OPTIMAL,754,1302
1,2,3,2400,heuristic,281.6030,0.04,,,,,0.04,1,HEURISTIC,,
1,2,3,2400,rings,279.8482,4.24,0.0000,319.9282,0.03,,0.04,1,OPTIMAL,754,1302
1,2,3,2400,rings_ws,279.8482,5.32,0.0000,281.6030,0.00,281.6030,0.04,1,OPTIMAL,754,1302
1,2,4,300,heuristic,223.6403,0.03,,,,,0.03,1,HEURISTIC,,
1,2,4,300,rings,221.7137,0.20,0.0000,222.1291,0.03,,0.03,1,OPTIMAL,469,819
1,2,4,300,rings_ws,221.7137,0.21,0.0000,223.6403,0.00,223.6403,0.03,1,OPTIMAL,469,819
1,2,4,450,heuristic,223.6403,0.03,,,,,0.03,1,HEURISTIC,,
1,2,4,450,rings,221.7137,0.17,0.0000,222.1291,0.03,,0.03,1,OPTIMAL,469,819
1,2,4,450,rings_ws,221.7137,0.22,0.0000,223.6403,0.00,223.6403,0.03,1,OPTIMAL,469,819
1,2,4,600,heuristic,223.6403,0.03,,,,,0.03,1,HEURISTIC,,
1,2,4,600,rings,221.7137,0.17,0.0000,222.1291,0.03,,0.03,1,OPTIMAL,469,819
1,2,4,600,rings_ws,221.7137,0.20,0.0000,223.6403,0.00,223.6403,0.03,1,OPTIMAL,469,819
1,2,4,900,heuristic,223.6403,0.03,,,,,0.03,1,HEURISTIC,,
1,2,4,900,rings,221.7137,0.16,0.0000,249.5707,0.03,,0.03,1,OPTIMAL,469,819
1,2,4,900,rings_ws,221.7137,0.19,0.0000,223.6403,0.00,223.6403,0.03,1,OPTIMAL,469,819
1,2,4,1500,heuristic,223.6403,0.03,,,,,0.03,1,HEURISTIC,,
1,2,4,1500,rings,221.7137,0.22,0.0000,237.1283,0.01,,0.03,1,OPTIMAL,469,819
1,2,4,1500,rings_ws,221.7137,0.15,0.0000,223.6403,0.00,223.6403,0.03,1,OPTIMAL,469,819
1,2,4,2400,heuristic,223.6403,0.03,,,,,0.03,1,HEURISTIC,,
1,2,4,2400,rings,221.7137,0.22,0.0000,237.1283,0.01,,0.03,1,OPTIMAL,469,819
1,2,4,2400,rings_ws,221.7137,0.15,0.0000,223.6403,0.00,223.6403,0.03,1,OPTIMAL,469,819
1,3,0,300,heuristic,222.5307,0.04,,,,,0.04,1,HEURISTIC,,
1,3,0,300,rings,222.2747,0.33,0.0000,233.7216,0.05,,0.04,1,OPTIMAL,795,1390
1,3,0,300,rings_ws,222.2747,0.26,0.0000,222.5307,0.00,222.5307,0.04,1,OPTIMAL,795,1390
1,3,0,450,heuristic,222.5307,0.04,,,,,0.04,1,HEURISTIC,,
1,3,0,450,rings,222.2747,0.30,0.0000,245.7201,0.04,,0.04,1,OPTIMAL,795,1390
1,3,0,450,rings_ws,222.2747,0.30,0.0000,222.5307,0.00,222.5307,0.04,1,OPTIMAL,795,1390
1,3,0,600,heuristic,222.5307,0.04,,,,,0.04,1,HEURISTIC,,
1,3,0,600,rings,222.2747,0.29,0.0000,245.7201,0.04,,0.04,1,OPTIMAL,795,1390
1,3,0,600,rings_ws,222.2747,0.30,0.0000,222.5307,0.00,222.5307,0.04,1,OPTIMAL,795,1390
1,3,0,900,heuristic,222.5307,0.04,,,,,0.04,1,HEURISTIC,,
1,3,0,900,rings,222.2747,0.32,0.0000,245.7201,0.04,,0.04,1,OPTIMAL,795,1390
1,3,0,900,rings_ws,222.2747,0.36,0.0000,222.5307,0.00,222.5307,0.04,1,OPTIMAL,795,1390
1,3,0,1500,heuristic,222.5307,0.04,,,,,0.04,1,HEURISTIC,,
1,3,0,1500,rings,222.2747,0.29,0.0000,222.9144,0.05,,0.04,1,OPTIMAL,795,1390
1,3,0,1500,rings_ws,222.2747,0.30,0.0000,222.5307,0.00,222.5307,0.04,1,OPTIMAL,795,1390
1,3,0,2400,heuristic,222.5307,0.04,,,,,0.04,1,HEURISTIC,,
1,3,0,2400,rings,222.2747,0.26,0.0000,248.5977,0.04,,0.04,1,OPTIMAL,795,1390
1,3,0,2400,rings_ws,222.2747,0.33,0.0000,222.5307,0.00,222.5307,0.04,1,OPTIMAL,795,1390
1,3,1,300,heuristic,140.0253,0.03,,,,,0.03,1,HEURISTIC,,
1,3,1,300,rings,139.8686,0.17,0.0000,151.7979,0.03,,0.03,1,OPTIMAL,510,905
1,3,1,300,rings_ws,139.8686,0.21,0.0000,140.0253,0.00,140.0253,0.03,1,OPTIMAL,510,905
1,3,1,450,heuristic,140.0253,0.03,,,,,0.03,1,HEURISTIC,,
1,3,1,450,rings,139.8686,0.20,0.0000,151.7979,0.03,,0.03,1,OPTIMAL,510,905
1,3,1,450,rings_ws,139.8686,0.21,0.0000,140.0253,0.00,140.0253,0.03,1,OPTIMAL,510,905
1,3,1,600,heuristic,140.0253,0.03,,,,,0.03,1,HEURISTIC,,
1,3,1,600,rings,139.8686,0.16,0.0000,157.0743,0.03,,0.03,1,OPTIMAL,510,905
1,3,1,600,rings_ws,139.8686,0.17,0.0000,140.0253,0.00,140.0253,0.03,1,OPTIMAL,510,905
1,3,1,900,heuristic,140.0253,0.03,,,,,0.03,1,HEURISTIC,,
1,3,1,900,rings,139.8686,0.21,0.0000,169.5116,0.03,,0.03,1,OPTIMAL,510,905
1,3,1,900,rings_ws,139.8686,0.22,0.0000,140.0253,0.00,140.0253,0.03,1,OPTIMAL,510,905
1,3,1,1500,heuristic,140.0253,0.03,,,,,0.03,1,HEURISTIC,,
1,3,1,1500,rings,139.8686,0.20,0.0000,153.8802,0.02,,0.03,1,OPTIMAL,510,905
1,3,1,1500,rings_ws,139.8686,0.14,0.0000,140.0253,0.00,140.0253,0.03,1,OPTIMAL,510,905
1,3,1,2400,heuristic,140.0253,0.03,,,,,0.03,1,HEURISTIC,,
1,3,1,2400,rings,139.8686,0.20,0.0000,153.8802,0.02,,0.03,1,OPTIMAL,510,905
1,3,1,2400,rings_ws,139.8686,0.14,0.0000,140.0253,0.00,140.0253,0.03,1,OPTIMAL,510,905
1,3,2,300,heuristic,266.4489,0.05,,,,,0.05,1,HEURISTIC,,
1,3,2,300,rings,262.1277,101.55,0.0000,264.6698,0.05,,0.05,1,OPTIMAL,1152,1995
1,3,2,300,rings_ws,262.1277,194.20,0.0000,266.4489,0.00,266.4489,0.05,1,OPTIMAL,1152,1995
1,3,2,450,heuristic,266.4489,0.06,,,,,0.06,1,HEURISTIC,,
1,3,2,450,rings,262.1277,235.32,0.0000,264.6698,0.05,,0.06,1,OPTIMAL,1152,1995
1,3,2,450,rings_ws,262.1277,76.07,0.0000,266.4489,0.00,266.4489,0.06,1,OPTIMAL,1152,1995
1,3,2,600,heuristic,266.4489,0.06,,,,,0.06,1,HEURISTIC,,
1,3,2,600,rings,262.1277,84.96,0.0000,264.6698,0.06,,0.06,1,OPTIMAL,1152,1995
1,3,2,600,rings_ws,262.1277,114.82,0.0000,266.4489,0.00,266.4489,0.06,1,OPTIMAL,1152,1995
1,3,2,900,heuristic,266.4489,0.07,,,,,0.07,1,HEURISTIC,,
1,3,2,900,rings,262.1277,124.80,0.0000,264.6698,0.06,,0.07,1,OPTIMAL,1152,1995
1,3,2,900,rings_ws,262.1277,100.34,0.0000,266.4489,0.00,266.4489,0.07,1,OPTIMAL,1152,1995
1,3,2,1500,heuristic,266.4489,0.05,,,,,0.05,1,HEURISTIC,,
1,3,2,1500,rings,262.1277,100.37,0.0000,264.6698,0.06,,0.05,1,OPTIMAL,1152,1995
1,3,2,1500,rings_ws,262.1277,102.07,0.0000,266.4489,0.00,266.4489,0.05,1,OPTIMAL,1152,1995
1,3,2,2400,heuristic,266.4489,0.07,,,,,0.07,1,HEURISTIC,,
1,3,2,2400,rings,262.1277,100.45,0.0000,274.2251,0.05,,0.07,1,OPTIMAL,1152,1995
1,3,2,2400,rings_ws,262.1277,299.84,0.0000,266.4489,0.00,266.4489,0.07,1,OPTIMAL,1152,1995
1,3,3,300,heuristic,411.1492,0.07,,,,,0.07,2,HEURISTIC,,
1,3,3,300,rings,,0.00,,,,,0.07,,INFEASIBLE,1581,2720
1,3,3,300,rings_ws,,0.00,,,,411.1492,0.07,,INFEASIBLE,1581,2720
1,3,3,450,heuristic,373.1353,0.06,,,,,0.06,1,HEURISTIC,,
1,3,3,450,rings,365.7470,1800.04,0.0332,395.3175,0.09,,0.06,1,SUBOPTIMAL,1581,2720
1,3,3,450,rings_ws,365.7470,1800.03,0.0315,373.1353,0.00,373.1353,0.06,1,SUBOPTIMAL,1581,2720
1,3,3,600,heuristic,373.1353,0.06,,,,,0.06,1,HEURISTIC,,
1,3,3,600,rings,365.7470,1800.05,0.0307,379.8990,0.10,,0.06,1,SUBOPTIMAL,1581,2720
1,3,3,600,rings_ws,365.7470,1800.23,0.0304,373.1353,0.00,373.1353,0.06,1,SUBOPTIMAL,1581,2720
1,3,3,900,heuristic,373.1353,0.06,,,,,0.06,1,HEURISTIC,,
1,3,3,900,rings,365.7470,1800.04,0.0343,379.8990,0.09,,0.06,1,SUBOPTIMAL,1581,2720
1,3,3,900,rings_ws,365.7470,1800.01,0.0315,373.1353,0.00,373.1353,0.06,1,SUBOPTIMAL,1581,2720
1,3,3,1500,heuristic,373.1353,0.06,,,,,0.06,1,HEURISTIC,,
1,3,3,1500,rings,365.7470,1800.07,0.0336,379.8990,0.11,,0.06,1,SUBOPTIMAL,1581,2720
1,3,3,1500,rings_ws,365.7470,1800.02,0.0240,373.1353,0.00,373.1353,0.06,1,SUBOPTIMAL,1581,2720
1,3,3,2400,heuristic,373.1353,0.07,,,,,0.07,1,HEURISTIC,,
1,3,3,2400,rings,365.7470,1800.02,0.0289,379.8990,0.09,,0.07,1,SUBOPTIMAL,1581,2720
1,3,3,2400,rings_ws,365.7470,1800.02,0.0233,373.1353,0.00,373.1353,0.07,1,SUBOPTIMAL,1581,2720
1,3,4,300,heuristic,283.4992,0.05,,,,,0.05,1,HEURISTIC,,
1,3,4,300,rings,281.2549,57.96,0.0000,286.3842,0.06,,0.05,1,OPTIMAL,1152,1995
1,3,4,300,rings_ws,281.2549,23.89,0.0000,283.4992,0.00,283.4992,0.05,1,OPTIMAL,1152,1995
1,3,4,450,heuristic,283.4992,0.05,,,,,0.05,1,HEURISTIC,,
1,3,4,450,rings,281.2549,36.27,0.0000,493.6566,0.08,,0.05,1,OPTIMAL,1152,1995
1,3,4,450,rings_ws,281.2549,54.72,0.0000,283.4992,0.00,283.4992,0.05,1,OPTIMAL,1152,1995
1,3,4,600,heuristic,283.4992,0.07,,,,,0.07,1,HEURISTIC,,
1,3,4,600,rings,281.2549,47.26,0.0000,554.5982,0.08,,0.07,1,OPTIMAL,1152,1995
1,3,4,600,rings_ws,281.2549,35.38,0.0000,283.4992,0.00,283.4992,0.07,1,OPTIMAL,1152,1995
1,3,4,900,heuristic,283.4992,0.05,,,,,0.05,1,HEURISTIC,,
1,3,4,900,rings,281.2549,51.55,0.0000,691.3426,0.07,,0.05,1,OPTIMAL,1152,1995
1,3,4,900,rings_ws,281.2549,26.95,0.0000,283.4992,0.00,283.4992,0.05,1,OPTIMAL,1152,1995
1,3,4,1500,heuristic,283.4992,0.05,,,,,0.05,1,HEURISTIC,,
1,3,4,1500,rings,281.2549,37.65,0.0000,691.3426,0.11,,0.05,1,OPTIMAL,1152,1995
1,3,4,1500,rings_ws,281.2549,58.71,0.0000,283.4992,0.00,283.4992,0.05,1,OPTIMAL,1152,1995
1,3,4,2400,heuristic,283.4992,0.06,,,,,0.06,1,HEURISTIC,,
1,3,4,2400,rings,281.2549,26.29,0.0000,691.3426,0.08,,0.06,1,OPTIMAL,1152,1995
1,3,4,2400,rings_ws,281.2549,42.57,0.0000,283.4992,0.00,283.4992,0.06,1,OPTIMAL,1152,1995
2,1,0,300,heuristic,285.5416,0.04,,,,,0.04,1,HEURISTIC,,
2,1,0,300,rings,285.3781,0.33,0.0000,293.3523,0.07,,0.04,1,OPTIMAL,938,1845
2,1,0,300,rings_ws,285.3781,0.36,0.0000,285.5416,0.00,285.5416,0.04,1,OPTIMAL,938,1845
2,1,0,450,heuristic,285.5416,0.04,,,,,0.04,1,HEURISTIC,,
2,1,0,450,rings,285.3781,0.35,0.0000,357.6424,0.08,,0.04,1,OPTIMAL,938,1845
2,1,0,450,rings_ws,285.3781,0.37,0.0000,285.5416,0.00,285.5416,0.04,1,OPTIMAL,938,1845
2,1,0,600,heuristic,285.5416,0.04,,,,,0.04,1,HEURISTIC,,
2,1,0,600,rings,285.3781,0.31,0.0000,299.2699,0.08,,0.04,1,OPTIMAL,938,1845
2,1,0,600,rings_ws,285.3781,0.38,0.0000,285.5416,0.00,285.5416,0.04,1,OPTIMAL,938,1845
2,1,0,900,heuristic,285.5416,0.04,,,,,0.04,1,HEURISTIC,,
2,1,0,900,rings,285.3781,0.38,0.0000,292.3034,0.06,,0.04,1,OPTIMAL,938,1845
2,1,0,900,rings_ws,285.3781,0.68,0.0000,285.5416,0.00,285.5416,0.04,1,OPTIMAL,938,1845
2,1,0,1500,heuristic,285.5416,0.04,,,,,0.04,1,HEURISTIC,,
2,1,0,1500,rings,285.3781,0.36,0.0000,296.6875,0.05,,0.04,1,OPTIMAL,938,1845
2,1,0,1500,rings_ws,285.3781,0.30,0.0000,285.5416,0.00,285.5416,0.04,1,OPTIMAL,938,1845
2,1,0,2400,heuristic,285.5416,0.04,,,,,0.04,1,HEURISTIC,,
2,1,0,2400,rings,285.3781,0.29,0.0000,303.4655,0.05,,0.04,1,OPTIMAL,938,1845
2,1,0,2400,rings_ws,285.3781,0.36,0.0000,285.5416,0.00,285.5416,0.04,1,OPTIMAL,938,1845
2,1,1,300,heuristic,272.0719,0.04,,,,,0.04,1,HEURISTIC,,
2,1,1,300,rings,272.0022,0.33,0.0000,322.7269,0.08,,0.04,1,OPTIMAL,938,1845
2,1,1,300,rings_ws,272.0022,0.38,0.0000,272.0719,0.00,272.0719,0.04,1,OPTIMAL,938,1845
2,1,1,450,heuristic,272.0719,0.04,,,,,0.04,1,HEURISTIC,,
2,1,1,450,rings,272.0022,0.36,0.0000,301.2837,0.05,,0.04,1,OPTIMAL,938,1845
2,1,1,450,rings_ws,272.0022,0.32,0.0000,272.0719,0.00,272.0719,0.04,1,OPTIMAL,938,1845
2,1,1,600,heuristic,272.0719,0.04,,,,,0.04,1,HEURISTIC,,
2,1,1,600,rings,272.0022,0.35,0.0000,301.2837,0.05,,0.04,1,OPTIMAL,938,1845
2,1,1,600,rings_ws,272.0022,0.37,0.0000,272.0719,0.00,272.0719,0.04,1,OPTIMAL,938,1845
2,1,1,900,heuristic,272.0719,0.04,,,,,0.04,1,HEURISTIC,,
2,1,1,900,rings,272.0022,0.40,0.0000,282.2880,0.08,,0.04,1,OPTIMAL,938,1845
2,1,1,900,rings_ws,272.0022,0.49,0.0000,272.0719,0.00,272.0719,0.04,1,OPTIMAL,938,1845
2,1,1,1500,heuristic,272.0719,0.04,,,,,0.04,1,HEURISTIC,,
2,1,1,1500,rings,272.0022,0.42,0.0000,291.7077,0.08,,0.04,1,OPTIMAL,938,1845
2,1,1,1500,rings_ws,272.0022,0.41,0.0000,272.0719,0.00,272.0719,0.04,1,OPTIMAL,938,1845
2,1,1,2400,heuristic,272.0719,0.04,,,,,0.04,1,HEURISTIC,,
2,1,1,2400,rings,272.0022,0.31,0.0000,297.5594,0.04,,0.04,1,OPTIMAL,938,1845
2,1,1,2400,rings_ws,272.0022,0.41,0.0000,272.0719,0.00,272.0719,0.04,1,OPTIMAL,938,1845
2,1,2,300,heuristic,287.7053,0.04,,,,,0.04,1,HEURISTIC,,
2,1,2,300,rings,287.5765,0.94,0.0000,380.1122,0.05,,0.04,1,OPTIMAL,938,1845
2,1,2,300,rings_ws,287.5765,0.89,0.0000,287.7053,0.00,287.7053,0.04,1,OPTIMAL,938,1845
2,1,2,450,heuristic,287.7053,0.04,,,,,0.04,1,HEURISTIC,,
2,1,2,450,rings,287.5765,0.59,0.0000,352.1853,0.07,,0.04,1,OPTIMAL,938,1845
2,1,2,450,rings_ws,287.5765,0.70,0.0000,287.7053,0.00,287.7053,0.04,1,OPTIMAL,938,1845
2,1,2,600,heuristic,287.7053,0.04,,,,,0.04,1,HEURISTIC,,
2,1,2,600,rings,287.5765,0.77,0.0000,296.4807,0.05,,0.04,1,OPTIMAL,938,1845
2,1,2,600,rings_ws,287.5765,1.13,0.0000,287.7053,0.00,287.7053,0.04,1,OPTIMAL,938,1845
2,1,2,900,heuristic,287.7053,0.04,,,,,0.04,1,HEURISTIC,,
2,1,2,900,rings,287.5764,0.62,0.0000,289.0342,0.06,,0.04,1,OPTIMAL,938,1845
2,1,2,900,rings_ws,287.5765,0.85,0.0000,287.7053,0.00,287.7053,0.04,1,OPTIMAL,938,1845
2,1,2,1500,heuristic,287.7053,0.04,,,,,0.04,1,HEURISTIC,,
2,1,2,1500,rings,287.5764,0.61,0.0000,299.7329,0.06,,0.04,1,OPTIMAL,938,1845
2,1,2,1500,rings_ws,287.5764,1.04,0.0000,287.7053,0.00,287.7053,0.04,1,OPTIMAL,938,1845
2,1,2,2400,heuristic,287.7053,0.04,,,,,0.04,1,HEURISTIC,,
2,1,2,2400,rings,287.5765,0.57,0.0000,293.1103,0.06,,0.04,1,OPTIMAL,938,1845
2,1,2,2400,rings_ws,287.5765,0.58,0.0000,287.7053,0.00,287.7053,0.04,1,OPTIMAL,938,1845
2,1,3,300,heuristic,344.6776,0.05,,,,,0.05,1,HEURISTIC,,
2,1,3,300,rings,344.5526,6.76,0.0000,357.4046,0.05,,0.05,1,OPTIMAL,1410,2781
2,1,3,300,rings_ws,344.5526,4.93,0.0000,344.6776,0.00,344.6776,0.05,1,OPTIMAL,1410,2781
2,1,3,450,heuristic,344.6776,0.05,,,,,0.05,1,HEURISTIC,,
2,1,3,450,rings,344.5526,5.08,0.0000,357.4046,0.05,,0.05,1,OPTIMAL,1410,2781
2,1,3,450,rings_ws,344.5526,5.41,0.0000,344.6776,0.00,344.6776,0.05,1,OPTIMAL,1410,2781
2,1,3,600,heuristic,344.6776,0.05,,,,,0.05,1,HEURISTIC,,
2,1,3,600,rings,344.5526,6.42,0.0000,357.4046,0.05,,0.05,1,OPTIMAL,1410,2781
2,1,3,600,rings_ws,344.5526,5.05,0.0000,344.6776,0.00,344.6776,0.05,1,OPTIMAL,1410,2781
2,1,3,900,heuristic,344.6776,0.05,,,,,0.05,1,HEURISTIC,,
2,1,3,900,rings,344.5526,5.60,0.0000,357.4046,0.05,,0.05,1,OPTIMAL,1410,2781
2,1,3,900,rings_ws,344.5526,7.14,0.0000,344.6776,0.00,344.6776,0.05,1,OPTIMAL,1410,2781
2,1,3,1500,heuristic,344.6776,0.05,,,,,0.05,1,HEURISTIC,,
2,1,3,1500,rings,344.5526,5.46,0.0000,361.5878,0.05,,0.05,1,OPTIMAL,1410,2781
2,1,3,1500,rings_ws,344.5526,6.21,0.0000,344.6776,0.00,344.6776,0.05,1,OPTIMAL,1410,2781
2,1,3,2400,heuristic,344.6776,0.05,,,,,0.05,1,HEURISTIC,,
2,1,3,2400,rings,344.5526,4.90,0.0000,352.7511,0.09,,0.05,1,OPTIMAL,1410,2781
2,1,3,2400,rings_ws,344.5526,5.72,0.0000,344.6776,0.00,344.6776,0.05,1,OPTIMAL,1410,2781
2,1,4,300,heuristic,322.9310,0.04,,,,,0.04,1,HEURISTIC,,
2,1,4,300,rings,319.9968,0.80,0.0000,320.0710,0.05,,0.04,1,OPTIMAL,938,1845
2,1,4,300,rings_ws,319.9968,0.62,0.0000,322.9310,0.00,322.9310,0.04,1,OPTIMAL,938,1845
2,1,4,450,heuristic,322.9310,0.04,,,,,0.04,1,HEURISTIC,,
2,1,4,450,rings,319.9968,0.76,0.0000,320.0730,0.05,,0.04,1,OPTIMAL,938,1845
2,1,4,450,rings_ws,319.9968,0.79,0.0000,322.9310,0.00,322.9310,0.04,1,OPTIMAL,938,1845
2,1,4,600,heuristic,322.9310,0.04,,,,,0.04,1,HEURISTIC,,
2,1,4,600,rings,319.9968,0.61,0.0000,320.0730,0.04,,0.04,1,OPTIMAL,938,1845
2,1,4,600,rings_ws,319.9968,0.84,0.0000,322.9310,0.00,322.9310,0.04,1,OPTIMAL,938,1845
2,1,4,900,heuristic,322.9310,0.04,,,,,0.04,1,HEURISTIC,,
2,1,4,900,rings,319.9968,0.62,0.0000,320.0730,0.04,,0.04,1,OPTIMAL,938,1845
2,1,4,900,rings_ws,319.9968,0.66,0.0000,322.9310,0.00,322.9310,0.04,1,OPTIMAL,938,1845
2,1,4,1500,heuristic,322.9310,0.04,,,,,0.04,1,HEURISTIC,,
2,1,4,1500,rings,319.9968,0.46,0.0000,382.7038,0.07,,0.04,1,OPTIMAL,938,1845
2,1,4,1500,rings_ws,319.9968,0.61,0.0000,322.9310,0.00,322.9310,0.04,1,OPTIMAL,938,1845
2,1,4,2400,heuristic,322.9310,0.04,,,,,0.04,1,HEURISTIC,,
2,1,4,2400,rings,319.9968,0.88,0.0000,335.4249,0.06,,0.04,1,OPTIMAL,938,1845
2,1,4,2400,rings_ws,319.9968,1.84,0.0000,322.9310,0.00,322.9310,0.04,1,OPTIMAL,938,1845
2,2,0,300,heuristic,364.8841,0.05,,,,,0.05,1,HEURISTIC,,
2,2,0,300,rings,333.1366,3.74,0.0000,448.5783,0.09,,0.05,1,OPTIMAL,1492,2951
2,2,0,300,rings_ws,333.1366,4.26,0.0000,364.8841,0.00,364.8841,0.05,1,OPTIMAL,1492,2951
2,2,0,450,heuristic,364.8841,0.05,,,,,0.05,1,HEURISTIC,,
2,2,0,450,rings,333.1366,3.73,0.0000,448.5783,0.08,,0.05,1,OPTIMAL,1492,2951
2,2,0,450,rings_ws,333.1366,7.72,0.0000,364.8841,0.00,364.8841,0.05,1,OPTIMAL,1492,2951
2,2,0,600,heuristic,364.8841,0.05,,,,,0.05,1,HEURISTIC,,
2,2,0,600,rings,333.1366,4.78,0.0000,448.5783,0.07,,0.05,1,OPTIMAL,1492,2951
2,2,0,600,rings_ws,333.1366,4.17,0.0000,364.8841,0.00,364.8841,0.05,1,OPTIMAL,1492,2951
2,2,0,900,heuristic,364.8841,0.05,,,,,0.05,1,HEURISTIC,,
2,2,0,900,rings,333.1366,3.44,0.0000,448.5783,0.08,,0.05,1,OPTIMAL,1492,2951
2,2,0,900,rings_ws,333.1366,4.70,0.0000,364.8841,0.00,364.8841,0.05,1,OPTIMAL,1492,2951
2,2,0,1500,heuristic,364.8841,0.05,,,,,0.05,1,HEURISTIC,,
2,2,0,1500,rings,333.1366,2.66,0.0000,568.7125,0.08,,0.05,1,OPTIMAL,1492,2951
2,2,0,1500,rings_ws,333.1366,4.00,0.0000,364.8841,0.00,364.8841,0.05,1,OPTIMAL,1492,2951
2,2,0,2400,heuristic,364.8841,0.05,,,,,0.05,1,HEURISTIC,,
2,2,0,2400,rings,333.1366,4.27,0.0000,589.1485,0.06,,0.05,1,OPTIMAL,1492,2951
2,2,0,2400,rings_ws,333.1366,3.19,0.0000,364.8841,0.00,364.8841,0.05,1,OPTIMAL,1492,2951
2,2,1,300,heuristic,321.4014,0.05,,,,,0.05,1,HEURISTIC,,
2,2,1,300,rings,287.9821,5.05,0.0000,514.3092,0.09,,0.05,1,OPTIMAL,1492,2951
2,2,1,300,rings_ws,287.9821,7.44,0.0000,321.4014,0.00,321.4014,0.05,1,OPTIMAL,1492,2951
2,2,1,450,heuristic,321.4014,0.05,,,,,0.05,1,HEURISTIC,,
2,2,1,450,rings,287.9821,9.75,0.0000,452.5551,0.07,,0.05,1,OPTIMAL,1492,2951
2,2,1,450,rings_ws,287.9820,6.76,0.0000,321.4014,0.00,321.4014,0.05,1,OPTIMAL,1492,2951
2,2,1,600,heuristic,321.4014,0.05,,,,,0.05,1,HEURISTIC,,
2,2,1,600,rings,287.9821,7.07,0.0000,452.5551,0.07,,0.05,1,OPTIMAL,1492,2951
2,2,1,600,rings_ws,287.9821,4.37,0.0000,321.4014,0.00,321.4014,0.05,1,OPTIMAL,1492,2951
2,2,1,900,heuristic,321.4014,0.05,,,,,0.05,1,HEURISTIC,,
2,2,1,900,rings,287.9821,2.76,0.0000,452.5551,0.07,,0.05,1,OPTIMAL,1492,2951
2,2,1,900,rings_ws,287.9821,4.37,0.0000,321.4014,0.00,321.4014,0.05,1,OPTIMAL,1492,2951
2,2,1,1500,heuristic,321.4014,0.05,,,,,0.05,1,HEURISTIC,,
2,2,1,1500,rings,287.9821,6.32,0.0000,455.7444,0.07,,0.05,1,OPTIMAL,1492,2951
2,2,1,1500,rings_ws,287.9821,6.85,0.0000,321.4014,0.00,321.4014,0.05,1,OPTIMAL,1492,2951
2,2,1,2400,heuristic,321.4014,0.05,,,,,0.05,1,HEURISTIC,,
2,2,1,2400,rings,287.9821,2.21,0.0000,577.3333,0.06,,0.05,1,OPTIMAL,1492,2951
2,2,1,2400,rings_ws,287.9821,6.05,0.0000,321.4014,0.00,321.4014,0.05,1,OPTIMAL,1492,2951
2,2,2,300,heuristic,348.8809,0.06,,,,,0.06,1,HEURISTIC,,
2,2,2,300,rings,347.1684,156.30,0.0000,657.3270,0.16,,0.06,1,OPTIMAL,2060,4081
2,2,2,300,rings_ws,347.1684,116.70,0.0000,348.8809,0.00,348.8809,0.06,1,OPTIMAL,2060,4081
2,2,2,450,heuristic,348.8809,0.06,,,,,0.06,1,HEURISTIC,,
2,2,2,450,rings,347.1684,78.82,0.0000,483.9440,0.09,,0.06,1,OPTIMAL,2060,4081
2,2,2,450,rings_ws,347.1684,109.35,0.0000,348.8809,0.00,348.8809,0.06,1,OPTIMAL,2060,4081
2,2,2,600,heuristic,348.8809,0.06,,,,,0.06,1,HEURISTIC,,
2,2,2,600,rings,347.1684,182.51,0.0000,363.0378,0.07,,0.06,1,OPTIMAL,2060,4081
2,2,2,600,rings_ws,347.1684,108.30,0.0000,348.8809,0.00,348.8809,0.06,1,OPTIMAL,2060,4081
2,2,2,900,heuristic,348.8809,0.06,,,,,0.06,1,HEURISTIC,,
2,2,2,900,rings,347.1684,132.51,0.0000,363.0378,0.06,,0.06,1,OPTIMAL,2060,4081
2,2,2,900,rings_ws,347.1684,246.61,0.0000,348.8809,0.00,348.8809,0.06,1,OPTIMAL,2060,4081
2,2,2,1500,heuristic,348.8809,0.06,,,,,0.06,1,HEURISTIC,,
2,2,2,1500,rings,347.1684,220.73,0.0000,424.0222,0.12,,0.06,1,OPTIMAL,2060,4081
2,2,2,1500,rings_ws,347.1684,182.43,0.0000,348.8809,0.00,348.8809,0.06,1,OPTIMAL,2060,4081
2,2,2,2400,heuristic,348.8809,0.06,,,,,0.06,1,HEURISTIC,,
2,2,2,2400,rings,347.1684,92.95,0.0000,428.2050,0.07,,0.06,1,OPTIMAL,2060,4081
2,2,2,2400,rings_ws,347.1684,153.30,0.0000,348.8809,0.00,348.8809,0.06,1,OPTIMAL,2060,4081
2,2,3,300,heuristic,524.8436,0.06,,,,,0.06,2,HEURISTIC,,
2,2,3,300,rings,471.8331,201.10,0.0000,572.5945,0.12,,0.06,2,OPTIMAL,2060,4081
2,2,3,300,rings_ws,471.8331,151.70,0.0000,524.8436,0.00,524.8436,0.06,2,OPTIMAL,2060,4081
2,2,3,450,heuristic,472.9324,0.06,,,,,0.06,1,HEURISTIC,,
2,2,3,450,rings,420.5035,846.87,0.0000,682.5571,0.07,,0.06,1,OPTIMAL,2060,4081
2,2,3,450,rings_ws,420.5035,542.97,0.0000,472.9324,0.00,472.9324,0.06,1,OPTIMAL,2060,4081
2,2,3,600,heuristic,472.9324,0.07,,,,,0.07,1,HEURISTIC,,
2,2,3,600,rings,420.5035,845.30,0.0000,682.5571,0.08,,0.07,1,OPTIMAL,2060,4081
2,2,3,600,rings_ws,420.5035,905.88,0.0000,472.9324,0.00,472.9324,0.07,1,OPTIMAL,2060,4081
2,2,3,900,heuristic,472.9324,0.08,,,,,0.08,1,HEURISTIC,,
2,2,3,900,rings,420.5035,932.43,0.0000,682.5571,0.08,,0.08,1,OPTIMAL,2060,4081
2,2,3,900,rings_ws,420.5035,1083.26,0.0000,472.9324,0.01,472.9324,0.08,1,OPTIMAL,2060,4081
2,2,3,1500,heuristic,472.9324,0.07,,,,,0.07,1,HEURISTIC,,
2,2,3,1500,rings,420.5035,283.24,0.0000,682.5571,0.07,,0.07,1,OPTIMAL,2060,4081
2,2,3,1500,rings_ws,420.5035,498.55,0.0000,472.9324,0.01,472.9324,0.07,1,OPTIMAL,2060,4081
2,2,3,2400,heuristic,472.9324,0.06,,,,,0.06,1,HEURISTIC,,
2,2,3,2400,rings,420.5035,917.25,0.0000,682.5571,0.08,,0.06,1,OPTIMAL,2060,4081
2,2,3,2400,rings_ws,420.5035,380.09,0.0000,472.9324,0.00,472.9324,0.06,1,OPTIMAL,2060,4081
2,2,4,300,heuristic,418.4117,0.05,,,,,0.05,1,HEURISTIC,,
2,2,4,300,rings,382.4693,54.30,0.0000,649.7106,0.08,,0.05,1,OPTIMAL,1492,2951
2,2,4,300,rings_ws,382.4693,63.23,0.0000,418.4117,0.00,418.4117,0.05,1,OPTIMAL,1492,2951
2,2,4,450,heuristic,418.4117,0.05,,,,,0.05,1,HEURISTIC,,
2,2,4,450,rings,382.4693,62.65,0.0000,647.2168,0.07,,0.05,1,OPTIMAL,1492,2951
2,2,4,450,rings_ws,382.4693,29.50,0.0000,418.4117,0.00,418.4117,0.05,1,OPTIMAL,1492,2951
2,2,4,600,heuristic,418.4117,0.05,,,,,0.05,1,HEURISTIC,,
2,2,4,600,rings,382.4693,83.19,0.0000,647.2168,0.07,,0.05,1,OPTIMAL,1492,2951
2,2,4,600,rings_ws,382.4693,97.11,0.0000,418.4117,0.00,418.4117,0.05,1,OPTIMAL,1492,2951
2,2,4,900,heuristic,418.4117,0.05,,,,,0.05,1,HEURISTIC,,
2,2,4,900,rings,382.4693,106.84,0.0000,647.2168,0.07,,0.05,1,OPTIMAL,1492,2951
2,2,4,900,rings_ws,382.4693,35.62,0.0000,418.4117,0.00,418.4117,0.05,1,OPTIMAL,1492,2951
2,2,4,1500,heuristic,418.4117,0.05,,,,,0.05,1,HEURISTIC,,
2,2,4,1500,rings,382.4693,91.01,0.0000,514.4941,0.09,,0.05,1,OPTIMAL,1492,2951
2,2,4,1500,rings_ws,382.4693,46.30,0.0000,418.4117,0.00,418.4117,0.05,1,OPTIMAL,1492,2951
2,2,4,2400,heuristic,418.4117,0.05,,,,,0.05,1,HEURISTIC,,
2,2,4,2400,rings,382.4693,96.09,0.0000,514.4941,0.10,,0.05,1,OPTIMAL,1492,2951
2,2,4,2400,rings_ws,382.4693,42.93,0.0000,418.4117,0.00,418.4117,0.05,1,OPTIMAL,1492,2951
2,3,0,300,heuristic,461.9612,0.10,,,,,0.10,2,HEURISTIC,,
2,3,0,300,rings,457.1686,777.50,0.0000,557.3823,0.08,,0.10,2,OPTIMAL,2806,5577
2,3,0,300,rings_ws,457.1686,377.42,0.0000,461.9612,0.01,461.9612,0.10,2,OPTIMAL,2806,5577
2,3,0,450,heuristic,399.2760,0.10,,,,,0.10,1,HEURISTIC,,
2,3,0,450,rings,399.0730,193.21,0.0000,499.1186,0.10,,0.10,1,OPTIMAL,2806,5577
2,3,0,450,rings_ws,399.0730,225.33,0.0000,399.2760,0.00,399.2760,0.10,1,OPTIMAL,2806,5577
2,3,0,600,heuristic,399.2760,0.07,,,,,0.07,1,HEURISTIC,,
2,3,0,600,rings,399.0730,338.40,0.0000,952.4195,0.23,,0.07,1,OPTIMAL,2806,5577
2,3,0,600,rings_ws,399.0730,242.09,0.0000,399.2760,0.01,399.2760,0.07,1,OPTIMAL,2806,5577
2,3,0,900,heuristic,399.2760,0.08,,,,,0.08,1,HEURISTIC,,
2,3,0,900,rings,399.0730,839.02,0.0000,482.3993,0.20,,0.08,1,OPTIMAL,2806,5577
2,3,0,900,rings_ws,399.0730,342.50,0.0000,399.2760,0.00,399.2760,0.08,1,OPTIMAL,2806,5577
2,3,0,1500,heuristic,399.2760,0.11,,,,,0.11,1,HEURISTIC,,
2,3,0,1500,rings,399.0730,318.22,0.0000,521.4309,0.07,,0.11,1,OPTIMAL,2806,5577
2,3,0,1500,rings_ws,399.0730,239.48,0.0000,399.2760,0.00,399.2760,0.11,1,OPTIMAL,2806,5577
2,3,0,2400,heuristic,399.2760,0.09,,,,,0.09,1,HEURISTIC,,
2,3,0,2400,rings,399.0730,381.82,0.0000,521.4309,0.11,,0.09,1,OPTIMAL,2806,5577
2,3,0,2400,rings_ws,399.0730,403.08,0.0000,399.2760,0.00,399.2760,0.09,1,OPTIMAL,2806,5577
2,3,1,300,heuristic,336.5584,0.08,,,,,0.08,1,HEURISTIC,,
2,3,1,300,rings,335.4646,25.29,0.0000,456.5091,0.13,,0.08,1,OPTIMAL,2142,4253
2,3,1,300,rings_ws,335.4646,39.12,0.0000,336.5584,0.00,336.5584,0.08,1,OPTIMAL,2142,4253
2,3,1,450,heuristic,336.5584,0.07,,,,,0.07,1,HEURISTIC,,
2,3,1,450,rings,335.4646,22.86,0.0000,371.1431,0.17,,0.07,1,OPTIMAL,2142,4253
2,3,1,450,rings_ws,335.4646,23.12,0.0000,336.5584,0.00,336.5584,0.07,1,OPTIMAL,2142,4253
2,3,1,600,heuristic,336.5584,0.06,,,,,0.06,1,HEURISTIC,,
2,3,1,600,rings,335.4646,24.07,0.0000,491.0244,0.09,,0.06,1,OPTIMAL,2142,4253
2,3,1,600,rings_ws,335.4646,16.88,0.0000,336.5584,0.00,336.5584,0.06,1,OPTIMAL,2142,4253
2,3,1,900,heuristic,336.5584,0.06,,,,,0.06,1,HEURISTIC,,
2,3,1,900,rings,335.4646,21.96,0.0000,491.0244,0.08,,0.06,1,OPTIMAL,2142,4253
2,3,1,900,rings_ws,335.4646,23.49,0.0000,336.5584,0.00,336.5584,0.06,1,OPTIMAL,2142,4253
2,3,1,1500,heuristic,336.5584,0.06,,,,,0.06,1,HEURISTIC,,
2,3,1,1500,rings,335.4646,29.67,0.0000,485.9886,0.09,,0.06,1,OPTIMAL,2142,4253
2,3,1,1500,rings_ws,335.4646,23.02,0.0000,336.5584,0.00,336.5584,0.06,1,OPTIMAL,2142,4253
2,3,1,2400,heuristic,336.5584,0.06,,,,,0.06,1,HEURISTIC,,
2,3,1,2400,rings,335.4646,27.79,0.0000,442.2967,0.08,,0.06,1,OPTIMAL,2142,4253
2,3,1,2400,rings_ws,335.4646,29.36,0.0000,336.5584,0.00,336.5584,0.06,1,OPTIMAL,2142,4253
2,3,2,300,heuristic,478.8200,0.13,,,,,0.13,2,HEURISTIC,,
2,3,2,300,rings,473.0489,1800.03,0.2941,583.4933,0.18,,0.13,2,SUBOPTIMAL,4422,8801
2,3,2,300,rings_ws,473.0489,1800.06,0.2867,478.8200,0.01,478.8200,0.13,2,SUBOPTIMAL,4422,8801
2,3,2,450,heuristic,426.5067,0.12,,,,,0.12,1,HEURISTIC,,
2,3,2,450,rings,426.0285,1800.04,0.2178,579.5142,0.16,,0.12,1,SUBOPTIMAL,4422,8801
2,3,2,450,rings_ws,426.0285,1800.03,0.2190,426.5067,0.01,426.5067,0.12,1,SUBOPTIMAL,4422,8801
2,3,2,600,heuristic,426.5067,0.10,,,,,0.10,1,HEURISTIC,,
2,3,2,600,rings,426.0285,1800.06,0.2175,579.5142,0.16,,0.10,1,SUBOPTIMAL,4422,8801
2,3,2,600,rings_ws,426.0285,1800.04,0.2214,426.5067,0.01,426.5067,0.10,1,SUBOPTIMAL,4422,8801
2,3,2,900,heuristic,426.5067,0.10,,,,,0.10,1,HEURISTIC,,
2,3,2,900,rings,426.0285,1800.04,0.2162,579.5142,0.16,,0.10,1,SUBOPTIMAL,4422,8801
2,3,2,900,rings_ws,426.0285,1800.04,0.2132,426.5067,0.01,426.5067,0.10,1,SUBOPTIMAL,4422,8801
2,3,2,1500,heuristic,426.5067,0.10,,,,,0.10,1,HEURISTIC,,
2,3,2,1500,rings,426.0283,1800.06,0.2191,437.7017,0.18,,0.10,1,SUBOPTIMAL,4422,8801
2,3,2,1500,rings_ws,426.0285,1800.04,0.2163,426.5067,0.01,426.5067,0.10,1,SUBOPTIMAL,4422,8801
2,3,2,2400,heuristic,426.5067,0.10,,,,,0.10,1,HEURISTIC,,
2,3,2,2400,rings,426.0284,1800.02,0.2174,437.7017,0.18,,0.10,1,SUBOPTIMAL,4422,8801
2,3,2,2400,rings_ws,426.0285,1800.10,0.2190,426.5067,0.01,426.5067,0.10,1,SUBOPTIMAL,4422,8801
2,3,3,300,heuristic,561.1666,0.18,,,,,0.18,2,HEURISTIC,,
2,3,3,300,rings,560.9447,1800.04,0.1764,763.5790,0.50,,0.18,2,SUBOPTIMAL,4422,8801
2,3,3,300,rings_ws,560.9447,1800.04,0.1739,561.1666,0.01,561.1666,0.18,2,SUBOPTIMAL,4422,8801
2,3,3,450,heuristic,517.5436,0.10,,,,,0.10,1,HEURISTIC,,
2,3,3,450,rings,558.2675,1800.03,0.2515,778.8445,0.11,,0.10,2,SUBOPTIMAL,4422,8801
2,3,3,450,rings_ws,517.1165,1800.07,0.1806,517.5436,0.01,517.5436,0.10,1,SUBOPTIMAL,4422,8801
2,3,3,600,heuristic,517.5436,0.10,,,,,0.10,1,HEURISTIC,,
2,3,3,600,rings,517.4602,1800.06,0.1933,604.1084,0.22,,0.10,1,SUBOPTIMAL,4422,8801
2,3,3,600,rings_ws,517.1165,1800.04,0.1865,517.5436,0.01,517.5436,0.10,1,SUBOPTIMAL,4422,8801
2,3,3,900,heuristic,517.5436,0.10,,,,,0.10,1,HEURISTIC,,
2,3,3,900,rings,517.4602,1800.04,0.1962,542.3853,0.21,,0.10,1,SUBOPTIMAL,4422,8801
2,3,3,900,rings_ws,517.1165,1800.03,0.1884,517.5436,0.01,517.5436,0.10,1,SUBOPTIMAL,4422,8801
2,3,3,1500,heuristic,517.5436,0.10,,,,,0.10,1,HEURISTIC,,
2,3,3,1500,rings,517.4602,1800.06,0.1933,581.5487,0.37,,0.10,1,SUBOPTIMAL,4422,8801
2,3,3,1500,rings_ws,517.1165,1800.04,0.1901,517.5436,0.01,517.5436,0.10,1,SUBOPTIMAL,4422,8801
2,3,3,2400,heuristic,517.5436,0.10,,,,,0.10,1,HEURISTIC,,
2,3,3,2400,rings,517.4602,1800.05,0.1941,576.8879,0.34,,0.10,1,SUBOPTIMAL,4422,8801
2,3,3,2400,rings_ws,517.1165,1800.17,0.1958,517.5436,0.01,517.5436,0.10,1,SUBOPTIMAL,4422,8801
2,3,4,300,heuristic,525.5094,0.09,,,,,0.09,2,HEURISTIC,,
2,3,4,300,rings,498.7511,1800.04,0.1615,811.2032,0.36,,0.09,2,SUBOPTIMAL,3566,7093
2,3,4,300,rings_ws,498.7511,1800.13,0.1561,525.5094,0.00,525.5094,0.09,2,SUBOPTIMAL,3566,7093
2,3,4,450,heuristic,460.1073,0.09,,,,,0.09,1,HEURISTIC,,
2,3,4,450,rings,458.1819,1800.03,0.1991,634.3738,0.22,,0.09,1,SUBOPTIMAL,3566,7093
2,3,4,450,rings_ws,458.1819,1800.04,0.1918,460.1073,0.00,460.1073,0.09,1,SUBOPTIMAL,3566,7093
2,3,4,600,heuristic,460.1073,0.08,,,,,0.08,1,HEURISTIC,,
2,3,4,600,rings,458.7056,1800.06,0.1894,647.9587,0.24,,0.08,1,SUBOPTIMAL,3566,7093
2,3,4,600,rings_ws,458.1819,1800.04,0.2071,460.1073,0.00,460.1073,0.08,1,SUBOPTIMAL,3566,7093
2,3,4,900,heuristic,460.1073,0.10,,,,,0.10,1,HEURISTIC,,
2,3,4,900,rings,458.1818,1800.04,0.2299,570.4585,0.26,,0.10,1,SUBOPTIMAL,3566,7093
2,3,4,900,rings_ws,458.1819,1800.03,0.1615,460.1073,0.00,460.1073,0.10,1,SUBOPTIMAL,3566,7093
2,3,4,1500,heuristic,460.1073,0.08,,,,,0.08,1,HEURISTIC,,
2,3,4,1500,rings,458.7056,1800.02,0.2029,734.8775,0.16,,0.08,1,SUBOPTIMAL,3566,7093
2,3,4,1500,rings_ws,458.1819,1800.04,0.1539,460.1073,0.00,460.1073,0.08,1,SUBOPTIMAL,3566,7093
2,3,4,2400,heuristic,460.1073,0.09,,,,,0.09,1,HEURISTIC,,
2,3,4,2400,rings,458.1819,1800.07,0.2096,734.8775,0.15,,0.09,1,SUBOPTIMAL,3566,7093
2,3,4,2400,rings_ws,458.1819,1800.03,0.2033,460.1073,0.00,460.1073,0.09,1,SUBOPTIMAL,3566,7093
3,1,0,300,heuristic,362.8628,0.06,,,,,0.06,1,HEURISTIC,,
3,1,0,300,rings,362.6169,8.26,0.0000,498.5633,0.18,,0.06,1,OPTIMAL,2457,5282
3,1,0,300,rings_ws,362.6169,8.72,0.0000,362.8628,0.00,362.8628,0.06,1,OPTIMAL,2457,5282
3,1,0,450,heuristic,362.8628,0.06,,,,,0.06,1,HEURISTIC,,
3,1,0,450,rings,362.6169,9.73,0.0000,394.1256,0.20,,0.06,1,OPTIMAL,2457,5282
3,1,0,450,rings_ws,362.6169,7.58,0.0000,362.8628,0.00,362.8628,0.06,1,OPTIMAL,2457,5282
3,1,0,600,heuristic,362.8628,0.06,,,,,0.06,1,HEURISTIC,,
3,1,0,600,rings,362.6169,5.70,0.0000,380.1578,0.19,,0.06,1,OPTIMAL,2457,5282
3,1,0,600,rings_ws,362.6169,5.62,0.0000,362.8628,0.00,362.8628,0.06,1,OPTIMAL,2457,5282
3,1,0,900,heuristic,362.8628,0.06,,,,,0.06,1,HEURISTIC,,
3,1,0,900,rings,362.6169,7.55,0.0000,411.8514,0.12,,0.06,1,OPTIMAL,2457,5282
3,1,0,900,rings_ws,362.6169,7.71,0.0000,362.8628,0.01,362.8628,0.06,1,OPTIMAL,2457,5282
3,1,0,1500,heuristic,362.8628,0.07,,,,,0.07,1,HEURISTIC,,
3,1,0,1500,rings,362.6168,5.87,0.0000,480.1355,0.11,,0.07,1,OPTIMAL,2457,5282
3,1,0,1500,rings_ws,362.6168,6.17,0.0000,362.8628,0.00,362.8628,0.07,1,OPTIMAL,2457,5282
3,1,0,2400,heuristic,362.8628,0.06,,,,,0.06,1,HEURISTIC,,
3,1,0,2400,rings,362.6169,6.69,0.0000,400.3339,0.12,,0.06,1,OPTIMAL,2457,5282
3,1,0,2400,rings_ws,362.6168,7.89,0.0000,362.8628,0.01,362.8628,0.06,1,OPTIMAL,2457,5282
3,1,1,300,heuristic,493.9679,0.09,,,,,0.09,2,HEURISTIC,,
3,1,1,300,rings,479.6669,11.28,0.0000,767.4883,0.15,,0.09,2,OPTIMAL,2457,5282
3,1,1,300,rings_ws,479.6669,8.58,0.0000,493.9679,0.01,493.9679,0.09,2,OPTIMAL,2457,5282
3,1,1,450,heuristic,429.8663,0.06,,,,,0.06,1,HEURISTIC,,
3,1,1,450,rings,402.1711,12.58,0.0000,453.2819,0.11,,0.06,1,OPTIMAL,2457,5282
3,1,1,450,rings_ws,402.1711,22.28,0.0000,429.8663,0.01,429.8663,0.06,1,OPTIMAL,2457,5282
3,1,1,600,heuristic,429.8663,0.06,,,,,0.06,1,HEURISTIC,,
3,1,1,600,rings,402.1711,10.40,0.0000,453.2819,0.11,,0.06,1,OPTIMAL,2457,5282
3,1,1,600,rings_ws,402.1711,18.86,0.0000,429.8663,0.00,429.8663,0.06,1,OPTIMAL,2457,5282
3,1,1,900,heuristic,429.8663,0.06,,,,,0.06,1,HEURISTIC,,
3,1,1,900,rings,402.1711,14.37,0.0000,453.9171,0.14,,0.06,1,OPTIMAL,2457,5282
3,1,1,900,rings_ws,402.1711,28.23,0.0000,429.8663,0.00,429.8663,0.06,1,OPTIMAL,2457,5282
3,1,1,1500,heuristic,429.8663,0.07,,,,,0.07,1,HEURISTIC,,
3,1,1,1500,rings,402.1711,17.35,0.0000,486.3451,0.14,,0.07,1,OPTIMAL,2457,5282
3,1,1,1500,rings_ws,402.1711,14.65,0.0000,429.8663,0.00,429.8663,0.07,1,OPTIMAL,2457,5282
3,1,1,2400,heuristic,429.8663,0.06,,,,,0.06,1,HEURISTIC,,
3,1,1,2400,rings,402.1711,7.56,0.0000,486.3451,0.14,,0.06,1,OPTIMAL,2457,5282
3,1,1,2400,rings_ws,402.1711,12.28,0.0000,429.8663,0.00,429.8663,0.06,1,OPTIMAL,2457,5282
3,1,2,300,heuristic,394.2694,0.06,,,,,0.06,1,HEURISTIC,,
3,1,2,300,rings,394.1492,9.74,0.0000,518.4043,0.13,,0.06,1,OPTIMAL,2457,5282
3,1,2,300,rings_ws,394.1493,9.67,0.0000,394.2694,0.00,394.2694,0.06,1,OPTIMAL,2457,5282
3,1,2,450,heuristic,394.2694,0.06,,,,,0.06,1,HEURISTIC,,
3,1,2,450,rings,394.1493,8.16,0.0000,553.5318,0.10,,0.06,1,OPTIMAL,2457,5282
3,1,2,450,rings_ws,394.1493,7.52,0.0000,394.2694,0.00,394.2694,0.06,1,OPTIMAL,2457,5282
3,1,2,600,heuristic,394.2694,0.06,,,,,0.06,1,HEURISTIC,,
3,1,2,600,rings,394.1493,7.69,0.0000,563.2784,0.12,,0.06,1,OPTIMAL,2457,5282
3,1,2,600,rings_ws,394.1493,7.44,0.0000,394.2694,0.00,394.2694,0.06,1,OPTIMAL,2457,5282
3,1,2,900,heuristic,394.2694,0.06,,,,,0.06,1,HEURISTIC,,
3,1,2,900,rings,394.1493,5.93,0.0000,554.8881,0.14,,0.06,1,OPTIMAL,2457,5282
3,1,2,900,rings_ws,394.1493,7.34,0.0000,394.2694,0.00,394.2694,0.06,1,OPTIMAL,2457,5282
3,1,2,1500,heuristic,394.2694,0.06,,,,,0.06,1,HEURISTIC,,
3,1,2,1500,rings,394.1493,7.86,0.0000,428.0970,0.09,,0.06,1,OPTIMAL,2457,5282
3,1,2,1500,rings_ws,394.1493,6.27,0.0000,394.2694,0.00,394.2694,0.06,1,OPTIMAL,2457,5282
3,1,2,2400,heuristic,394.2694,0.06,,,,,0.06,1,HEURISTIC,,
3,1,2,2400,rings,394.1493,9.71,0.0000,575.5333,0.09,,0.06,1,OPTIMAL,2457,5282
3,1,2,2400,rings_ws,394.1493,7.91,0.0000,394.2694,0.00,394.2694,0.06,1,OPTIMAL,2457,5282
3,1,3,300,heuristic,387.7953,0.07,,,,,0.07,1,HEURISTIC,,
3,1,3,300,rings,372.5491,133.43,0.0000,674.9998,0.19,,0.07,1,OPTIMAL,3284,7081
3,1,3,300,rings_ws,372.5490,165.77,0.0000,387.7953,0.00,387.7953,0.07,1,OPTIMAL,3284,7081
3,1,3,450,heuristic,387.7953,0.07,,,,,0.07,1,HEURISTIC,,
3,1,3,450,rings,372.5491,110.53,0.0000,668.2690,0.23,,0.07,1,OPTIMAL,3284,7081
3,1,3,450,rings_ws,372.5490,120.04,0.0000,387.7953,0.00,387.7953,0.07,1,OPTIMAL,3284,7081
3,1,3,600,heuristic,387.7953,0.09,,,,,0.09,1,HEURISTIC,,
3,1,3,600,rings,372.5491,113.11,0.0000,668.2690,0.25,,0.09,1,OPTIMAL,3284,7081
3,1,3,600,rings_ws,372.5491,184.33,0.0000,387.7953,0.00,387.7953,0.09,1,OPTIMAL,3284,7081
3,1,3,900,heuristic,387.7953,0.08,,,,,0.08,1,HEURISTIC,,
3,1,3,900,rings,372.5491,196.25,0.0000,668.2690,0.24,,0.08,1,OPTIMAL,3284,7081
3,1,3,900,rings_ws,372.5491,518.64,0.0000,387.7953,0.00,387.7953,0.08,1,OPTIMAL,3284,7081
3,1,3,1500,heuristic,387.7953,0.10,,,,,0.10,1,HEURISTIC,,
3,1,3,1500,rings,372.5491,158.22,0.0000,379.6408,0.22,,0.10,1,OPTIMAL,3284,7081
3,1,3,1500,rings_ws,372.5490,284.80,0.0000,387.7953,0.00,387.7953,0.10,1,OPTIMAL,3284,7081
3,1,3,2400,heuristic,387.7953,0.08,,,,,0.08,1,HEURISTIC,,
3,1,3,2400,rings,372.5491,286.05,0.0000,379.6408,0.20,,0.08,1,OPTIMAL,3284,7081
3,1,3,2400,rings_ws,372.5490,51.71,0.0000,387.7953,0.00,387.7953,0.08,1,OPTIMAL,3284,7081
3,1,4,300,heuristic,580.6423,0.09,,,,,0.09,2,HEURISTIC,,
3,1,4,300,rings,420.2723,7.38,0.0000,830.8635,0.26,,0.09,1,OPTIMAL,2457,5282
3,1,4,300,rings_ws,420.2723,10.40,0.0000,580.6423,0.01,580.6423,0.09,1,OPTIMAL,2457,5282
3,1,4,450,heuristic,421.6621,0.06,,,,,0.06,1,HEURISTIC,,
3,1,4,450,rings,420.2270,20.24,0.0000,426.7701,0.10,,0.06,1,OPTIMAL,2457,5282
3,1,4,450,rings_ws,420.2270,15.80,0.0000,421.6621,0.00,421.6621,0.06,1,OPTIMAL,2457,5282
3,1,4,600,heuristic,421.6621,0.06,,,,,0.06,1,HEURISTIC,,
3,1,4,600,rings,420.2270,10.87,0.0000,426.7701,0.09,,0.06,1,OPTIMAL,2457,5282
3,1,4,600,rings_ws,420.2270,8.26,0.0000,421.6621,0.00,421.6621,0.06,1,OPTIMAL,2457,5282
3,1,4,900,heuristic,421.6621,0.06,,,,,0.06,1,HEURISTIC,,
3,1,4,900,rings,420.2270,31.93,0.0000,439.4344,0.15,,0.06,1,OPTIMAL,2457,5282
3,1,4,900,rings_ws,420.2270,18.18,0.0000,421.6621,0.00,421.6621,0.06,1,OPTIMAL,2457,5282
3,1,4,1500,heuristic,421.6621,0.06,,,,,0.06,1,HEURISTIC,,
3,1,4,1500,rings,420.2270,39.68,0.0000,857.9008,0.13,,0.06,1,OPTIMAL,2457,5282
3,1,4,1500,rings_ws,420.2270,9.79,0.0000,421.6621,0.00,421.6621,0.06,1,OPTIMAL,2457,5282
3,1,4,2400,heuristic,421.6621,0.06,,,,,0.06,1,HEURISTIC,,
3,1,4,2400,rings,420.2270,20.18,0.0000,468.7854,0.15,,0.06,1,OPTIMAL,2457,5282
3,1,4,2400,rings_ws,420.2270,10.37,0.0000,421.6621,0.01,421.6621,0.06,1,OPTIMAL,2457,5282
3,2,0,300,heuristic,552.6305,0.09,,,,,0.09,2,HEURISTIC,,
3,2,0,300,rings,519.1939,1800.03,0.0403,682.9399,0.24,,0.09,2,SUBOPTIMAL,4354,9400
3,2,0,300,rings_ws,519.1940,1800.04,0.1563,552.6305,0.01,552.6305,0.09,2,SUBOPTIMAL,4354,9400
3,2,0,450,heuristic,508.0849,0.09,,,,,0.09,1,HEURISTIC,,
3,2,0,450,rings,447.9150,465.20,0.0000,504.3659,0.39,,0.09,1,OPTIMAL,4354,9400
3,2,0,450,rings_ws,447.9150,429.50,0.0000,508.0849,0.01,508.0849,0.09,1,OPTIMAL,4354,9400
3,2,0,600,heuristic,508.0849,0.09,,,,,0.09,1,HEURISTIC,,
3,2,0,600,rings,447.9150,240.83,0.0000,545.9651,0.35,,0.09,1,OPTIMAL,4354,9400
3,2,0,600,rings_ws,447.9150,730.74,0.0000,508.0849,0.01,508.0849,0.09,1,OPTIMAL,4354,9400
3,2,0,900,heuristic,508.0849,0.09,,,,,0.09,1,HEURISTIC,,
3,2,0,900,rings,447.9150,673.45,0.0000,497.6516,0.39,,0.09,1,OPTIMAL,4354,9400
3,2,0,900,rings_ws,447.9150,581.93,0.0000,508.0849,0.01,508.0849,0.09,1,OPTIMAL,4354,9400
3,2,0,1500,heuristic,508.0849,0.12,,,,,0.12,1,HEURISTIC,,
3,2,0,1500,rings,447.9150,421.22,0.0000,522.5397,0.16,,0.12,1,OPTIMAL,4354,9400
3,2,0,1500,rings_ws,447.9150,215.80,0.0000,508.0849,0.01,508.0849,0.12,1,OPTIMAL,4354,9400
3,2,0,2400,heuristic,508.0849,0.11,,,,,0.11,1,HEURISTIC,,
3,2,0,2400,rings,447.9150,235.40,0.0000,522.5397,0.17,,0.11,1,OPTIMAL,4354,9400
3,2,0,2400,rings_ws,447.9150,370.25,0.0000,508.0849,0.01,508.0849,0.11,1,OPTIMAL,4354,9400
3,2,1,300,heuristic,583.0934,0.10,,,,,0.10,2,HEURISTIC,,
3,2,1,300,rings,535.8831,1800.10,0.1382,952.0929,0.19,,0.10,2,SUBOPTIMAL,4354,9400
3,2,1,300,rings_ws,535.8831,1800.04,0.0077,583.0934,0.01,583.0934,0.10,2,SUBOPTIMAL,4354,9400
3,2,1,450,heuristic,538.0915,0.09,,,,,0.09,1,HEURISTIC,,
3,2,1,450,rings,476.7985,1800.05,0.0293,1246.1198,0.46,,0.09,1,SUBOPTIMAL,4354,9400
3,2,1,450,rings_ws,476.7985,1800.04,0.1488,538.0915,0.01,538.0915,0.09,1,SUBOPTIMAL,4354,9400
3,2,1,600,heuristic,538.0915,0.09,,,,,0.09,1,HEURISTIC,,
3,2,1,600,rings,476.7985,1800.07,0.0218,1028.2791,0.49,,0.09,1,SUBOPTIMAL,4354,9400
3,2,1,600,rings_ws,476.7986,1800.03,0.0372,538.0915,0.01,538.0915,0.09,1,SUBOPTIMAL,4354,9400
3,2,1,900,heuristic,538.0915,0.09,,,,,0.09,1,HEURISTIC,,
3,2,1,900,rings,476.7986,1800.06,0.0359,1245.7031,0.45,,0.09,1,SUBOPTIMAL,4354,9400
3,2,1,900,rings_ws,476.7985,1800.03,0.0182,538.0915,0.01,538.0915,0.09,1,SUBOPTIMAL,4354,9400
3,2,1,1500,heuristic,538.0915,0.09,,,,,0.09,1,HEURISTIC,,
3,2,1,1500,rings,476.7986,1800.03,0.0232,890.1979,0.25,,0.09,1,SUBOPTIMAL,4354,9400
3,2,1,1500,rings_ws,476.7985,1800.04,0.0250,538.0915,0.01,538.0915,0.09,1,SUBOPTIMAL,4354,9400
3,2,1,2400,heuristic,538.0915,0.10,,,,,0.10,1,HEURISTIC,,
3,2,1,2400,rings,476.7985,1800.04,0.0182,890.1979,0.22,,0.10,1,SUBOPTIMAL,4354,9400
3,2,1,2400,rings_ws,476.7985,1800.07,0.1137,538.0915,0.01,538.0915,0.10,1,SUBOPTIMAL,4354,9400
3,2,2,300,heuristic,631.7416,0.07,,,,,0.07,2,HEURISTIC,,
3,2,2,300,rings,566.1666,1664.80,0.0000,1224.0066,0.38,,0.07,2,OPTIMAL,3407,7335
3,2,2,300,rings_ws,566.1680,1004.53,0.0000,631.7416,0.00,631.7416,0.07,2,OPTIMAL,3407,7335
3,2,2,450,heuristic,498.4545,0.10,,,,,0.10,1,HEURISTIC,,
3,2,2,450,rings,476.0027,1800.06,0.0191,523.5506,0.31,,0.10,1,SUBOPTIMAL,3407,7335
3,2,2,450,rings_ws,476.0028,1800.04,0.0798,498.4545,0.00,498.4545,0.10,1,SUBOPTIMAL,3407,7335
3,2,2,600,heuristic,498.4545,0.08,,,,,0.08,1,HEURISTIC,,
3,2,2,600,rings,476.0029,1151.99,0.0000,540.0667,0.32,,0.08,1,OPTIMAL,3407,7335
3,2,2,600,rings_ws,476.0028,1800.04,0.0201,498.4545,0.00,498.4545,0.08,1,SUBOPTIMAL,3407,7335
3,2,2,900,heuristic,498.4545,0.08,,,,,0.08,1,HEURISTIC,,
3,2,2,900,rings,476.0028,731.26,0.0000,570.9244,0.32,,0.08,1,OPTIMAL,3407,7335
3,2,2,900,rings_ws,476.0028,1091.67,0.0000,498.4545,0.00,498.4545,0.08,1,OPTIMAL,3407,7335
3,2,2,1500,heuristic,498.4545,0.08,,,,,0.08,1,HEURISTIC,,
3,2,2,1500,rings,476.0028,505.92,0.0000,802.2851,0.34,,0.08,1,OPTIMAL,3407,7335
3,2,2,1500,rings_ws,476.0028,594.12,0.0000,498.4545,0.00,498.4545,0.08,1,OPTIMAL,3407,7335
3,2,2,2400,heuristic,498.4545,0.08,,,,,0.08,1,HEURISTIC,,
3,2,2,2400,rings,476.0028,1800.05,0.1296,679.4384,0.22,,0.08,1,SUBOPTIMAL,3407,7335
3,2,2,2400,rings_ws,476.0028,1450.83,0.0000,498.4545,0.00,498.4545,0.08,1,OPTIMAL,3407,7335
3,2,3,300,heuristic,553.2006,0.09,,,,,0.09,2,HEURISTIC,,
3,2,3,300,rings,500.1511,1800.04,0.2129,1131.1241,0.53,,0.09,2,SUBOPTIMAL,4354,9400
3,2,3,300,rings_ws,500.1511,1800.04,0.2298,553.2006,0.01,553.2006,0.09,2,SUBOPTIMAL,4354,9400
3,2,3,450,heuristic,505.8625,0.09,,,,,0.09,1,HEURISTIC,,
3,2,3,450,rings,450.0630,1800.04,0.1105,696.4690,0.21,,0.09,1,SUBOPTIMAL,4354,9400
3,2,3,450,rings_ws,450.0630,1800.04,0.1328,505.8625,0.01,505.8625,0.09,1,SUBOPTIMAL,4354,9400
3,2,3,600,heuristic,505.8625,0.09,,,,,0.09,1,HEURISTIC,,
3,2,3,600,rings,450.0630,1800.03,0.1067,696.4690,0.22,,0.09,1,SUBOPTIMAL,4354,9400
3,2,3,600,rings_ws,450.0629,1800.03,0.1163,505.8625,0.01,505.8625,0.09,1,SUBOPTIMAL,4354,9400
3,2,3,900,heuristic,505.8625,0.09,,,,,0.09,1,HEURISTIC,,
3,2,3,900,rings,450.0630,1800.05,0.1035,696.4690,0.21,,0.09,1,SUBOPTIMAL,4354,9400
3,2,3,900,rings_ws,450.0630,1800.03,0.1303,505.8625,0.01,505.8625,0.09,1,SUBOPTIMAL,4354,9400
3,2,3,1500,heuristic,505.8625,0.10,,,,,0.10,1,HEURISTIC,,
3,2,3,1500,rings,450.0630,1800.05,0.0442,696.4690,0.21,,0.10,1,SUBOPTIMAL,4354,9400
3,2,3,1500,rings_ws,450.0630,1800.03,0.1096,505.8625,0.01,505.8625,0.10,1,SUBOPTIMAL,4354,9400
3,2,3,2400,heuristic,505.8625,0.10,,,,,0.10,1,HEURISTIC,,
3,2,3,2400,rings,450.0630,1800.04,0.1266,696.4690,0.21,,0.10,1,SUBOPTIMAL,4354,9400
3,2,3,2400,rings_ws,450.0628,1800.04,0.0452,505.8625,0.01,505.8625,0.10,1,SUBOPTIMAL,4354,9400
3,2,4,300,heuristic,697.1007,0.14,,,,,0.14,2,HEURISTIC,,
3,2,4,300,rings,535.9071,605.54,0.0000,1255.2179,0.44,,0.14,2,OPTIMAL,3407,7335
3,2,4,300,rings_ws,535.9071,394.56,0.0000,697.1007,0.00,697.1007,0.14,2,OPTIMAL,3407,7335
3,2,4,450,heuristic,532.2539,0.11,,,,,0.11,1,HEURISTIC,,
3,2,4,450,rings,479.7203,1800.04,0.0374,1427.3075,0.40,,0.11,1,SUBOPTIMAL,3407,7335
3,2,4,450,rings_ws,479.7204,1800.03,0.0350,532.2539,0.00,532.2539,0.11,1,SUBOPTIMAL,3407,7335
3,2,4,600,heuristic,532.2539,0.08,,,,,0.08,1,HEURISTIC,,
3,2,4,600,rings,479.7204,1800.06,0.0333,1476.6890,0.41,,0.08,1,SUBOPTIMAL,3407,7335
3,2,4,600,rings_ws,479.7204,1800.03,0.0337,532.2539,0.00,532.2539,0.08,1,SUBOPTIMAL,3407,7335
3,2,4,900,heuristic,532.2539,0.08,,,,,0.08,1,HEURISTIC,,
3,2,4,900,rings,479.7204,1800.04,0.0335,813.3143,0.24,,0.08,1,SUBOPTIMAL,3407,7335
3,2,4,900,rings_ws,479.7204,1800.03,0.0332,532.2539,0.00,532.2539,0.08,1,SUBOPTIMAL,3407,7335
3,2,4,1500,heuristic,532.2539,0.08,,,,,0.08,1,HEURISTIC,,
3,2,4,1500,rings,479.7204,1800.03,0.0329,1726.6868,0.41,,0.08,1,SUBOPTIMAL,3407,7335
3,2,4,1500,rings_ws,479.7204,1800.03,0.0309,532.2539,0.00,532.2539,0.08,1,SUBOPTIMAL,3407,7335
3,2,4,2400,heuristic,532.2539,0.08,,,,,0.08,1,HEURISTIC,,
3,2,4,2400,rings,479.7204,1800.03,0.0348,1726.6868,0.42,,0.08,1,SUBOPTIMAL,3407,7335
3,2,4,2400,rings_ws,479.7204,1800.03,0.0230,532.2539,0.00,532.2539,0.08,1,SUBOPTIMAL,3407,7335
3,3,0,300,heuristic,659.4833,0.16,,,,,0.16,2,HEURISTIC,,
3,3,0,300,rings,627.7301,1800.05,0.1643,775.9604,0.52,,0.16,2,SUBOPTIMAL,8038,17441
3,3,0,300,rings_ws,630.3979,1800.08,0.1642,659.4833,0.01,659.4833,0.16,2,SUBOPTIMAL,8038,17441
3,3,0,450,heuristic,618.7041,0.20,,,,,0.20,2,HEURISTIC,,
3,3,0,450,rings,609.2075,1800.07,0.2296,755.4938,0.43,,0.20,2,SUBOPTIMAL,8038,17441
3,3,0,450,rings_ws,609.2075,1800.05,0.2291,618.7041,0.01,618.7041,0.20,2,SUBOPTIMAL,8038,17441
3,3,0,600,heuristic,552.2614,0.13,,,,,0.13,1,HEURISTIC,,
3,3,0,600,rings,551.6320,1800.05,0.1413,824.1569,0.63,,0.13,1,SUBOPTIMAL,8038,17441
3,3,0,600,rings_ws,551.6320,1800.05,0.1469,552.2614,0.01,552.2614,0.13,1,SUBOPTIMAL,8038,17441
3,3,0,900,heuristic,552.2614,0.13,,,,,0.13,1,HEURISTIC,,
3,3,0,900,rings,551.6320,1800.10,0.1493,588.5866,0.77,,0.13,1,SUBOPTIMAL,8038,17441
3,3,0,900,rings_ws,551.6320,1800.06,0.1487,552.2614,0.01,552.2614,0.13,1,SUBOPTIMAL,8038,17441
3,3,0,1500,heuristic,552.2614,0.13,,,,,0.13,1,HEURISTIC,,
3,3,0,1500,rings,551.6320,1800.14,0.1494,2097.0950,0.99,,0.13,1,SUBOPTIMAL,8038,17441
3,3,0,1500,rings_ws,551.6320,1800.08,0.1538,552.2614,0.01,552.2614,0.13,1,SUBOPTIMAL,8038,17441
3,3,0,2400,heuristic,552.2614,0.15,,,,,0.15,1,HEURISTIC,,
3,3,0,2400,rings,551.6320,1800.07,0.1522,669.1421,0.45,,0.15,1,SUBOPTIMAL,8038,17441
3,3,0,2400,rings_ws,551.6320,1800.03,0.1392,552.2614,0.01,552.2614,0.15,1,SUBOPTIMAL,8038,17441
3,3,1,300,heuristic,637.2525,0.15,,,,,0.15,2,HEURISTIC,,
3,3,1,300,rings,632.2311,1800.04,0.1710,720.8009,0.59,,0.15,2,SUBOPTIMAL,6731,14582
3,3,1,300,rings_ws,632.2311,1800.05,0.1513,637.2525,0.01,637.2525,0.15,2,SUBOPTIMAL,6731,14582
3,3,1,450,heuristic,645.5501,0.18,,,,,0.18,2,HEURISTIC,,
3,3,1,450,rings,627.3149,1800.05,0.2457,851.0722,0.35,,0.18,2,SUBOPTIMAL,6731,14582
3,3,1,450,rings_ws,627.3149,1800.06,0.2511,645.5501,0.01,645.5501,0.18,2,SUBOPTIMAL,6731,14582
3,3,1,600,heuristic,610.4582,0.12,,,,,0.12,1,HEURISTIC,,
3,3,1,600,rings,582.5375,1800.05,0.1204,1695.4892,0.77,,0.12,1,SUBOPTIMAL,6731,14582
3,3,1,600,rings_ws,582.5375,1800.05,0.1807,610.4582,0.01,610.4582,0.12,1,SUBOPTIMAL,6731,14582
3,3,1,900,heuristic,610.4582,0.11,,,,,0.11,1,HEURISTIC,,
3,3,1,900,rings,582.5374,1800.05,0.1865,854.2490,0.36,,0.11,1,SUBOPTIMAL,6731,14582
3,3,1,900,rings_ws,582.5375,1800.06,0.1870,610.4582,0.01,610.4582,0.11,1,SUBOPTIMAL,6731,14582
3,3,1,1500,heuristic,610.4582,0.14,,,,,0.14,1,HEURISTIC,,
3,3,1,1500,rings,596.6669,1800.11,0.2082,830.2079,0.48,,0.14,1,SUBOPTIMAL,6731,14582
3,3,1,1500,rings_ws,582.5375,1800.09,0.1818,610.4582,0.01,610.4582,0.14,1,SUBOPTIMAL,6731,14582
3,3,1,2400,heuristic,610.4582,0.14,,,,,0.14,1,HEURISTIC,,
3,3,1,2400,rings,582.5375,1800.08,0.1680,760.4415,0.44,,0.14,1,SUBOPTIMAL,6731,14582
3,3,1,2400,rings_ws,582.5374,1800.05,0.1299,610.4582,0.01,610.4582,0.14,1,SUBOPTIMAL,6731,14582
3,3,2,300,heuristic,719.5114,0.12,,,,,0.12,2,HEURISTIC,,
3,3,2,300,rings,709.8044,1800.10,0.1854,1265.6292,1.07,,0.12,2,SUBOPTIMAL,8038,17441
3,3,2,300,rings_ws,714.4775,1800.06,0.1927,719.5114,0.01,719.5114,0.12,2,SUBOPTIMAL,8038,17441
3,3,2,450,heuristic,677.3817,0.12,,,,,0.12,2,HEURISTIC,,
3,3,2,450,rings,669.4844,1800.13,0.2599,1541.5464,0.93,,0.12,2,SUBOPTIMAL,8038,17441
3,3,2,450,rings_ws,669.4843,1800.07,0.2579,677.3817,0.01,677.3817,0.12,2,SUBOPTIMAL,8038,17441
3,3,2,600,heuristic,586.7519,0.13,,,,,0.13,1,HEURISTIC,,
3,3,2,600,rings,586.5700,1800.07,0.1639,1670.9526,0.84,,0.13,1,SUBOPTIMAL,8038,17441
3,3,2,600,rings_ws,586.5700,1800.13,0.1568,586.7519,0.01,586.7519,0.13,1,SUBOPTIMAL,8038,17441
3,3,2,900,heuristic,586.7519,0.12,,,,,0.12,1,HEURISTIC,,
3,3,2,900,rings,586.5700,1800.05,0.1573,1945.2188,0.88,,0.12,1,SUBOPTIMAL,8038,17441
3,3,2,900,rings_ws,586.5699,1800.08,0.1576,586.7519,0.01,586.7519,0.12,1,SUBOPTIMAL,8038,17441
3,3,2,1500,heuristic,586.7519,0.12,,,,,0.12,1,HEURISTIC,,
3,3,2,1500,rings,586.5700,1800.07,0.1531,713.2373,0.34,,0.12,1,SUBOPTIMAL,8038,17441
3,3,2,1500,rings_ws,586.5700,1800.13,0.1587,586.7519,0.01,586.7519,0.12,1,SUBOPTIMAL,8038,17441
3,3,2,2400,heuristic,586.7519,0.12,,,,,0.12,1,HEURISTIC,,
3,3,2,2400,rings,586.5700,1800.05,0.1505,713.2373,0.32,,0.12,1,SUBOPTIMAL,8038,17441
3,3,2,2400,rings_ws,586.5700,1800.08,0.1553,586.7519,0.01,586.7519,0.12,1,SUBOPTIMAL,8038,17441
3,3,3,300,heuristic,607.4390,0.16,,,,,0.16,2,HEURISTIC,,
3,3,3,300,rings,590.0494,1800.07,0.2212,1222.5447,1.11,,0.16,2,SUBOPTIMAL,8038,17441
3,3,3,300,rings_ws,599.2855,1800.11,0.2308,607.4390,0.01,607.4390,0.16,2,SUBOPTIMAL,8038,17441
3,3,3,450,heuristic,638.9109,0.13,,,,,0.13,2,HEURISTIC,,
3,3,3,450,rings,586.2757,1800.05,0.2836,788.5385,0.41,,0.13,2,SUBOPTIMAL,8038,17441
3,3,3,450,rings_ws,586.2757,1800.04,0.2836,638.9109,0.01,638.9109,0.13,2,SUBOPTIMAL,8038,17441
3,3,3,600,heuristic,548.1366,0.13,,,,,0.13,1,HEURISTIC,,
3,3,3,600,rings,547.4626,1800.04,0.2333,1577.3299,0.89,,0.13,1,SUBOPTIMAL,8038,17441
3,3,3,600,rings_ws,547.4626,1800.05,0.2316,548.1366,0.01,548.1366,0.13,1,SUBOPTIMAL,8038,17441
3,3,3,900,heuristic,548.1366,0.12,,,,,0.12,1,HEURISTIC,,
3,3,3,900,rings,550.8494,1800.06,0.2361,1015.6886,0.34,,0.12,1,SUBOPTIMAL,8038,17441
3,3,3,900,rings_ws,547.4626,1800.07,0.2343,548.1366,0.01,548.1366,0.12,1,SUBOPTIMAL,8038,17441
3,3,3,1500,heuristic,548.1366,0.12,,,,,0.12,1,HEURISTIC,,
3,3,3,1500,rings,547.4627,1800.07,0.2311,828.0210,0.50,,0.12,1,SUBOPTIMAL,8038,17441
3,3,3,1500,rings_ws,547.4626,1800.04,0.2307,548.1366,0.01,548.1366,0.12,1,SUBOPTIMAL,8038,17441
3,3,3,2400,heuristic,548.1366,0.12,,,,,0.12,1,HEURISTIC,,
3,3,3,2400,rings,550.8494,1800.05,0.2408,2160.1557,0.96,,0.12,1,SUBOPTIMAL,8038,17441
3,3,3,2400,rings_ws,547.4627,1800.08,0.2305,548.1366,0.01,548.1366,0.12,1,SUBOPTIMAL,8038,17441
3,3,4,300,heuristic,700.8299,0.11,,,,,0.11,2,HEURISTIC,,
3,3,4,300,rings,623.9718,1800.07,0.2850,792.7487,0.30,,0.11,2,SUBOPTIMAL,6731,14582
3,3,4,300,rings_ws,623.9718,1800.06,0.2980,700.8299,0.01,700.8299,0.11,2,SUBOPTIMAL,6731,14582
3,3,4,450,heuristic,764.5926,0.11,,,,,0.11,2,HEURISTIC,,
3,3,4,450,rings,607.7885,1800.22,0.2367,1030.0540,0.28,,0.11,2,SUBOPTIMAL,6731,14582
3,3,4,450,rings_ws,607.7885,1800.03,0.2063,764.5926,0.01,764.5926,0.11,2,SUBOPTIMAL,6731,14582
3,3,4,600,heuristic,634.3765,0.11,,,,,0.11,1,HEURISTIC,,
3,3,4,600,rings,563.9004,1800.08,0.1531,590.6895,0.63,,0.11,1,SUBOPTIMAL,6731,14582
3,3,4,600,rings_ws,563.9004,1800.07,0.2211,634.3765,0.01,634.3765,0.11,1,SUBOPTIMAL,6731,14582
3,3,4,900,heuristic,634.3765,0.14,,,,,0.14,1,HEURISTIC,,
3,3,4,900,rings,563.9003,1800.04,0.2273,1595.3781,0.77,,0.14,1,SUBOPTIMAL,6731,14582
3,3,4,900,rings_ws,563.9001,1800.03,0.2067,634.3765,0.01,634.3765,0.14,1,SUBOPTIMAL,6731,14582
3,3,4,1500,heuristic,634.3765,0.11,,,,,0.11,1,HEURISTIC,,
3,3,4,1500,rings,563.9004,1800.05,0.2045,1685.3529,0.71,,0.11,1,SUBOPTIMAL,6731,14582
3,3,4,1500,rings_ws,563.9004,1800.09,0.2230,634.3765,0.01,634.3765,0.11,1,SUBOPTIMAL,6731,14582
3,3,4,2400,heuristic,634.3765,0.11,,,,,0.11,1,HEURISTIC,,
3,3,4,2400,rings,563.9004,1800.05,0.1909,2032.1401,0.72,,0.11,1,SUBOPTIMAL,6731,14582
3,3,4,2400,rings_ws,563.9004,1800.05,0.2322,634.3765,0.01,634.3765,0.11,1,SUBOPTIMAL,6731,14582
5,1,0,300,heuristic,990.8563,0.16,,,,,0.16,3,HEURISTIC,,
5,1,0,300,rings,976.0101,1800.04,0.2473,2316.5335,1.59,,0.16,3,SUBOPTIMAL,10860,25893
5,1,0,300,rings_ws,976.0101,1800.05,0.2569,990.8563,0.02,990.8563,0.16,3,SUBOPTIMAL,10860,25893
5,1,0,450,heuristic,947.3841,0.18,,,,,0.18,2,HEURISTIC,,
5,1,0,450,rings,895.0906,1800.03,0.1998,1341.1213,0.68,,0.18,2,SUBOPTIMAL,10860,25893
5,1,0,450,rings_ws,895.0905,1800.07,0.1968,947.3841,0.01,947.3841,0.18,2,SUBOPTIMAL,10860,25893
5,1,0,600,heuristic,893.6944,0.12,,,,,0.12,2,HEURISTIC,,
5,1,0,600,rings,878.8825,1800.10,0.2253,1478.3216,0.82,,0.12,2,SUBOPTIMAL,10860,25893
5,1,0,600,rings_ws,866.4662,1800.09,0.1832,893.6944,0.02,893.6944,0.12,2,SUBOPTIMAL,10860,25893
5,1,0,900,heuristic,801.4281,0.15,,,,,0.15,1,HEURISTIC,,
5,1,0,900,rings,796.4333,1800.05,0.1354,942.2940,0.57,,0.15,1,SUBOPTIMAL,10860,25893
5,1,0,900,rings_ws,796.4334,1800.06,0.1112,801.4281,0.01,801.4281,0.15,1,SUBOPTIMAL,10860,25893
5,1,0,1500,heuristic,801.4281,0.12,,,,,0.12,1,HEURISTIC,,
5,1,0,1500,rings,796.4334,1800.11,0.1057,942.2940,0.54,,0.12,1,SUBOPTIMAL,10860,25893
5,1,0,1500,rings_ws,796.4333,1800.03,0.1100,801.4281,0.01,801.4281,0.12,1,SUBOPTIMAL,10860,25893
5,1,0,2400,heuristic,801.4281,0.12,,,,,0.12,1,HEURISTIC,,
5,1,0,2400,rings,796.4334,1800.06,0.0895,942.2939,0.52,,0.12,1,SUBOPTIMAL,10860,25893
5,1,0,2400,rings_ws,796.4334,1800.05,0.1103,801.4281,0.02,801.4281,0.12,1,SUBOPTIMAL,10860,25893
5,1,1,300,heuristic,670.1982,0.11,,,,,0.11,2,HEURISTIC,,
5,1,1,300,rings,669.2875,1800.07,0.1502,1092.4701,0.68,,0.11,2,SUBOPTIMAL,9035,21504
5,1,1,300,rings_ws,669.2875,1800.05,0.2241,670.1982,0.01,670.1982,0.11,2,SUBOPTIMAL,9035,21504
5,1,1,450,heuristic,691.5248,0.15,,,,,0.15,2,HEURISTIC,,
5,1,1,450,rings,658.6201,1800.05,0.1839,1044.6248,0.60,,0.15,2,SUBOPTIMAL,9035,21504
5,1,1,450,rings_ws,658.6201,1800.07,0.2019,691.5248,0.01,691.5248,0.15,2,SUBOPTIMAL,9035,21504
5,1,1,600,heuristic,593.7147,0.12,,,,,0.12,1,HEURISTIC,,
5,1,1,600,rings,581.4079,1800.05,0.0202,758.4171,0.42,,0.12,1,SUBOPTIMAL,9035,21504
5,1,1,600,rings_ws,581.4079,1800.06,0.0158,593.7147,0.01,593.7147,0.12,1,SUBOPTIMAL,9035,21504
5,1,1,900,heuristic,593.7147,0.12,,,,,0.12,1,HEURISTIC,,
5,1,1,900,rings,581.4079,1800.43,0.0195,1183.3790,0.78,,0.12,1,SUBOPTIMAL,9035,21504
5,1,1,900,rings_ws,581.4079,1800.06,0.0282,593.7147,0.01,593.7147,0.12,1,SUBOPTIMAL,9035,21504
5,1,1,1500,heuristic,593.7147,0.12,,,,,0.12,1,HEURISTIC,,
5,1,1,1500,rings,581.4079,1800.05,0.0197,993.0842,0.62,,0.12,1,SUBOPTIMAL,9035,21504
5,1,1,1500,rings_ws,581.4079,1800.13,0.0151,593.7147,0.01,593.7147,0.12,1,SUBOPTIMAL,9035,21504
5,1,1,2400,heuristic,593.7147,0.15,,,,,0.15,1,HEURISTIC,,
5,1,1,2400,rings,581.4077,1800.04,0.0171,993.0842,0.60,,0.15,1,SUBOPTIMAL,9035,21504
5,1,1,2400,rings_ws,581.4079,1800.05,0.0165,593.7147,0.01,593.7147,0.15,1,SUBOPTIMAL,9035,21504
5,1,2,300,heuristic,949.9223,0.16,,,,,0.16,3,HEURISTIC,,
5,1,2,300,rings,818.4803,1800.05,0.1761,2343.3034,1.07,,0.16,2,SUBOPTIMAL,9035,21504
5,1,2,300,rings_ws,818.4803,1800.04,0.1524,949.9223,0.01,949.9223,0.16,2,SUBOPTIMAL,9035,21504
5,1,2,450,heuristic,767.5418,0.11,,,,,0.11,2,HEURISTIC,,
5,1,2,450,rings,759.1503,1800.04,0.2307,2502.8021,0.92,,0.11,2,SUBOPTIMAL,9035,21504
5,1,2,450,rings_ws,759.1503,1800.03,0.1597,767.5418,0.01,767.5418,0.11,2,SUBOPTIMAL,9035,21504
5,1,2,600,heuristic,630.9864,0.11,,,,,0.11,1,HEURISTIC,,
5,1,2,600,rings,630.4510,1800.04,0.0113,716.3662,0.41,,0.11,1,SUBOPTIMAL,9035,21504
5,1,2,600,rings_ws,630.4511,1800.03,0.0075,630.9864,0.01,630.9864,0.11,1,SUBOPTIMAL,9035,21504
5,1,2,900,heuristic,630.9864,0.16,,,,,0.16,1,HEURISTIC,,
5,1,2,900,rings,630.4511,1800.05,0.0075,736.8212,0.33,,0.16,1,SUBOPTIMAL,9035,21504
5,1,2,900,rings_ws,630.4511,1800.05,0.0065,630.9864,0.01,630.9864,0.16,1,SUBOPTIMAL,9035,21504
5,1,2,1500,heuristic,630.9864,0.11,,,,,0.11,1,HEURISTIC,,
5,1,2,1500,rings,630.4511,916.89,0.0000,2971.8761,0.92,,0.11,1,OPTIMAL,9035,21504
5,1,2,1500,rings_ws,630.4511,1800.07,0.0092,630.9864,0.01,630.9864,0.11,1,SUBOPTIMAL,9035,21504
5,1,2,2400,heuristic,630.9864,0.12,,,,,0.12,1,HEURISTIC,,
5,1,2,2400,rings,630.4511,1800.05,0.0041,894.6145,0.75,,0.12,1,SUBOPTIMAL,9035,21504
5,1,2,2400,rings_ws,630.4511,1800.07,0.0021,630.9864,0.01,630.9864,0.12,1,SUBOPTIMAL,9035,21504
5,1,3,300,heuristic,979.6862,0.21,,,,,0.21,3,HEURISTIC,,
5,1,3,300,rings,964.2777,1800.05,0.2549,1372.2828,0.85,,0.21,3,SUBOPTIMAL,10860,25893
5,1,3,300,rings_ws,964.2774,1800.05,0.3168,979.6862,0.02,979.6862,0.21,3,SUBOPTIMAL,10860,25893
5,1,3,450,heuristic,878.8144,0.13,,,,,0.13,2,HEURISTIC,,
5,1,3,450,rings,856.6886,1800.07,0.2388,1268.6319,0.79,,0.13,2,SUBOPTIMAL,10860,25893
5,1,3,450,rings_ws,873.3305,1800.07,0.2651,878.8144,0.02,878.8144,0.13,2,SUBOPTIMAL,10860,25893
5,1,3,600,heuristic,813.5463,0.13,,,,,0.13,2,HEURISTIC,,
5,1,3,600,rings,812.5335,1800.05,0.1929,3075.1727,1.21,,0.13,2,SUBOPTIMAL,10860,25893
5,1,3,600,rings_ws,812.5335,1800.05,0.1847,813.5463,0.02,813.5463,0.13,2,SUBOPTIMAL,10860,25893
5,1,3,900,heuristic,753.5669,0.13,,,,,0.13,1,HEURISTIC,,
5,1,3,900,rings,730.0442,1800.06,0.1143,863.4666,0.56,,0.13,1,SUBOPTIMAL,10860,25893
5,1,3,900,rings_ws,730.0442,1800.07,0.1194,753.5669,0.02,753.5669,0.13,1,SUBOPTIMAL,10860,25893
5,1,3,1500,heuristic,753.5669,0.13,,,,,0.13,1,HEURISTIC,,
5,1,3,1500,rings,730.0443,1800.05,0.0768,863.4666,0.58,,0.13,1,SUBOPTIMAL,10860,25893
5,1,3,1500,rings_ws,730.0442,1800.18,0.1100,753.5669,0.01,753.5669,0.13,1,SUBOPTIMAL,10860,25893
5,1,3,2400,heuristic,753.5669,0.13,,,,,0.13,1,HEURISTIC,,
5,1,3,2400,rings,730.0442,1800.05,0.1535,863.4666,0.57,,0.13,1,SUBOPTIMAL,10860,25893
5,1,3,2400,rings_ws,730.0443,1800.07,0.1284,753.5669,0.01,753.5669,0.13,1,SUBOPTIMAL,10860,25893
5,1,4,300,heuristic,985.0772,0.18,,,,,0.18,3,HEURISTIC,,
5,1,4,300,rings,839.6432,1800.06,0.2027,2383.7150,1.24,,0.18,2,SUBOPTIMAL,9035,21504
5,1,4,300,rings_ws,839.6432,1800.06,0.1199,985.0772,0.01,985.0772,0.18,2,SUBOPTIMAL,9035,21504
5,1,4,450,heuristic,827.6970,0.18,,,,,0.18,2,HEURISTIC,,
5,1,4,450,rings,755.0230,1800.03,0.1883,1319.1803,0.75,,0.18,2,SUBOPTIMAL,9035,21504
5,1,4,450,rings_ws,755.0230,1800.06,0.2048,827.6970,0.01,827.6970,0.18,2,SUBOPTIMAL,9035,21504
5,1,4,600,heuristic,655.3215,0.11,,,,,0.11,1,HEURISTIC,,
5,1,4,600,rings,655.1312,1800.06,0.0404,1375.9130,0.67,,0.11,1,SUBOPTIMAL,9035,21504
5,1,4,600,rings_ws,655.1314,1800.05,0.0361,655.3215,0.01,655.3215,0.11,1,SUBOPTIMAL,9035,21504
5,1,4,900,heuristic,655.3215,0.14,,,,,0.14,1,HEURISTIC,,
5,1,4,900,rings,655.1314,1800.04,0.0384,1570.2305,0.75,,0.14,1,SUBOPTIMAL,9035,21504
5,1,4,900,rings_ws,655.1313,1800.06,0.0339,655.3215,0.01,655.3215,0.14,1,SUBOPTIMAL,9035,21504
5,1,4,1500,heuristic,655.3215,0.11,,,,,0.11,1,HEURISTIC,,
5,1,4,1500,rings,655.1314,1800.05,0.0307,1061.9567,0.56,,0.11,1,SUBOPTIMAL,9035,21504
5,1,4,1500,rings_ws,655.1314,1800.05,0.0331,655.3215,0.01,655.3215,0.11,1,SUBOPTIMAL,9035,21504
5,1,4,2400,heuristic,655.3215,0.11,,,,,0.11,1,HEURISTIC,,
5,1,4,2400,rings,655.1311,1800.04,0.0388,1061.9567,0.57,,0.11,1,SUBOPTIMAL,9035,21504
5,1,4,2400,rings_ws,655.1313,1800.04,0.0306,655.3215,0.01,655.3215,0.11,1,SUBOPTIMAL,9035,21504
5,2,0,300,heuristic,1365.9755,0.23,,,,,0.23,4,HEURISTIC,,
5,2,0,300,rings,1450.5289,1800.09,0.3950,1865.9649,15.80,,0.23,5,SUBOPTIMAL,20045,47959
5,2,0,300,rings_ws,1305.4490,1800.11,0.2599,1365.9755,0.03,1365.9755,0.23,4,SUBOPTIMAL,20045,47959
5,2,0,450,heuristic,1259.9079,0.22,,,,,0.22,3,HEURISTIC,,
5,2,0,450,rings,1282.1118,1800.08,0.3155,2720.1887,3.02,,0.22,3,SUBOPTIMAL,20045,47959
5,2,0,450,rings_ws,1206.6271,1800.09,0.2727,1259.9079,0.03,1259.9079,0.22,3,SUBOPTIMAL,20045,47959
5,2,0,600,heuristic,1183.1082,0.25,,,,,0.25,2,HEURISTIC,,
5,2,0,600,rings,1207.5792,1800.10,0.2733,3147.2531,4.40,,0.25,2,SUBOPTIMAL,20045,47959
5,2,0,600,rings_ws,1134.0560,1800.06,0.2397,1183.1082,0.03,1183.1082,0.25,2,SUBOPTIMAL,20045,47959
5,2,0,900,heuristic,1150.1903,0.25,,,,,0.25,2,HEURISTIC,,
5,2,0,900,rings,1154.6584,1800.09,0.3082,4322.6253,2.81,,0.25,2,SUBOPTIMAL,20045,47959
5,2,0,900,rings_ws,1115.9880,1800.10,0.2832,1150.1903,0.03,1150.1903,0.25,2,SUBOPTIMAL,20045,47959
5,2,0,1500,heuristic,1122.7359,0.23,,,,,0.23,1,HEURISTIC,,
5,2,0,1500,rings,1056.9577,1800.08,0.2473,1574.2488,2.43,,0.23,1,SUBOPTIMAL,20045,47959
5,2,0,1500,rings_ws,1066.1262,1800.07,0.2536,1122.7359,0.03,1122.7359,0.23,1,SUBOPTIMAL,20045,47959
5,2,0,2400,heuristic,1122.7359,0.19,,,,,0.19,1,HEURISTIC,,
5,2,0,2400,rings,1072.1453,1800.10,0.2579,4796.1765,3.23,,0.19,1,SUBOPTIMAL,20045,47959
5,2,0,2400,rings_ws,1051.6024,1800.11,0.2375,1122.7359,0.03,1122.7359,0.19,1,SUBOPTIMAL,20045,47959
5,2,1,300,heuristic,893.6318,0.20,,,,,0.20,3,HEURISTIC,,
5,2,1,300,rings,825.7476,1800.12,0.4290,2133.2936,2.88,,0.20,3,SUBOPTIMAL,15219,36321
5,2,1,300,rings_ws,854.6603,1800.07,0.4573,893.6318,0.03,893.6318,0.20,3,SUBOPTIMAL,15219,36321
5,2,1,450,heuristic,780.0235,0.20,,,,,0.20,2,HEURISTIC,,
5,2,1,450,rings,746.6286,1800.08,0.3830,2599.3443,3.69,,0.20,2,SUBOPTIMAL,15219,36321
5,2,1,450,rings_ws,743.8049,1800.09,0.4509,780.0235,0.02,780.0235,0.20,2,SUBOPTIMAL,15219,36321
5,2,1,600,heuristic,726.2850,0.27,,,,,0.27,2,HEURISTIC,,
5,2,1,600,rings,749.8533,1800.08,0.4594,1176.4607,6.50,,0.27,2,SUBOPTIMAL,15219,36321
5,2,1,600,rings_ws,676.8505,1800.07,0.3611,725.8378,0.59,726.2850,0.27,1,SUBOPTIMAL,15219,36321
5,2,1,900,heuristic,729.3500,0.18,,,,,0.18,1,HEURISTIC,,
5,2,1,900,rings,676.8505,1800.07,0.3130,1129.7911,1.92,,0.18,1,SUBOPTIMAL,15219,36321
5,2,1,900,rings_ws,675.9870,1800.09,0.3197,729.3500,0.02,729.3500,0.18,1,SUBOPTIMAL,15219,36321
5,2,1,1500,heuristic,729.3500,0.23,,,,,0.23,1,HEURISTIC,,
5,2,1,1500,rings,675.9871,1800.04,0.3153,3130.2381,2.50,,0.23,1,SUBOPTIMAL,15219,36321
5,2,1,1500,rings_ws,675.9871,1800.08,0.3641,729.3500,0.02,729.3500,0.23,1,SUBOPTIMAL,15219,36321
5,2,1,2400,heuristic,729.3500,0.18,,,,,0.18,1,HEURISTIC,,
5,2,1,2400,rings,675.9869,1800.08,0.2956,3130.2381,2.49,,0.18,1,SUBOPTIMAL,15219,36321
5,2,1,2400,rings_ws,675.9871,1800.12,0.3813,729.3500,0.02,729.3500,0.18,1,SUBOPTIMAL,15219,36321
5,2,2,300,heuristic,1079.7607,0.13,,,,,0.13,3,HEURISTIC,,
5,2,2,300,rings,1015.9290,1800.05,0.4052,2301.8587,1.78,,0.13,3,SUBOPTIMAL,11065,26315
5,2,2,300,rings_ws,914.9300,1800.05,0.3347,1079.7607,0.02,1079.7607,0.13,2,SUBOPTIMAL,11065,26315
5,2,2,450,heuristic,907.3340,0.14,,,,,0.14,2,HEURISTIC,,
5,2,2,450,rings,835.2777,1800.10,0.3024,2974.6597,1.73,,0.14,2,SUBOPTIMAL,11065,26315
5,2,2,450,rings_ws,864.6682,1800.07,0.3358,907.3340,0.02,907.3340,0.14,2,SUBOPTIMAL,11065,26315
5,2,2,600,heuristic,918.7131,0.17,,,,,0.17,2,HEURISTIC,,
5,2,2,600,rings,721.6578,1800.05,0.1663,2903.7337,1.61,,0.17,1,SUBOPTIMAL,11065,26315
5,2,2,600,rings_ws,721.6578,1800.09,0.1714,918.7131,0.02,918.7131,0.17,1,SUBOPTIMAL,11065,26315
5,2,2,900,heuristic,744.6953,0.15,,,,,0.15,1,HEURISTIC,,
5,2,2,900,rings,721.6578,1800.07,0.1726,980.8244,1.12,,0.15,1,SUBOPTIMAL,11065,26315
5,2,2,900,rings_ws,721.6578,1800.07,0.1937,744.6953,0.01,744.6953,0.15,1,SUBOPTIMAL,11065,26315
5,2,2,1500,heuristic,744.6953,0.13,,,,,0.13,1,HEURISTIC,,
5,2,2,1500,rings,721.6578,1800.07,0.1740,980.8244,1.15,,0.13,1,SUBOPTIMAL,11065,26315
5,2,2,1500,rings_ws,721.6578,1800.08,0.1813,744.6953,0.02,744.6953,0.13,1,SUBOPTIMAL,11065,26315
5,2,2,2400,heuristic,744.6953,0.13,,,,,0.13,1,HEURISTIC,,
5,2,2,2400,rings,721.6578,1800.08,0.1884,885.0551,1.38,,0.13,1,SUBOPTIMAL,11065,26315
5,2,2,2400,rings_ws,721.6578,1800.06,0.1923,744.6953,0.01,744.6953,0.13,1,SUBOPTIMAL,11065,26315
5,2,3,300,heuristic,1260.5504,0.25,,,,,0.25,4,HEURISTIC,,
5,2,3,300,rings,1410.5982,1800.12,0.4733,2259.9001,17.51,,0.25,4,SUBOPTIMAL,22710,54390
5,2,3,300,rings_ws,1224.1768,1800.07,0.3435,1260.5504,0.04,1260.5504,0.25,4,SUBOPTIMAL,22710,54390
5,2,3,450,heuristic,1250.5409,0.19,,,,,0.19,3,HEURISTIC,,
5,2,3,450,rings,1242.8424,1800.11,0.3957,2935.0341,3.57,,0.19,3,SUBOPTIMAL,22710,54390
5,2,3,450,rings_ws,1214.2833,1800.21,0.3815,1250.5409,0.03,1250.5409,0.19,3,SUBOPTIMAL,22710,54390
5,2,3,600,heuristic,1115.1043,0.22,,,,,0.22,2,HEURISTIC,,
5,2,3,600,rings,1156.6214,1800.14,0.3507,2952.9220,3.60,,0.22,3,SUBOPTIMAL,22710,54390
5,2,3,600,rings_ws,1077.3342,1800.13,0.3029,1115.1043,0.03,1115.1043,0.22,2,SUBOPTIMAL,22710,54390
5,2,3,900,heuristic,1015.9573,0.21,,,,,0.21,1,HEURISTIC,,
5,2,3,900,rings,1060.7829,1800.13,0.3608,3287.1482,3.70,,0.21,2,SUBOPTIMAL,22710,54390
5,2,3,900,rings_ws,977.3950,1800.11,0.2998,1015.9573,0.03,1015.9573,0.21,1,SUBOPTIMAL,22710,54390
5,2,3,1500,heuristic,1015.9573,0.21,,,,,0.21,1,HEURISTIC,,
5,2,3,1500,rings,982.6879,1800.15,0.3100,3352.8299,3.57,,0.21,1,SUBOPTIMAL,22710,54390
5,2,3,1500,rings_ws,963.6891,1800.12,0.2919,1015.9573,0.03,1015.9573,0.21,1,SUBOPTIMAL,22710,54390
5,2,3,2400,heuristic,1015.9573,0.20,,,,,0.20,1,HEURISTIC,,
5,2,3,2400,rings,953.9657,1800.08,0.2442,4272.4141,3.52,,0.20,1,SUBOPTIMAL,22710,54390
5,2,3,2400,rings_ws,977.3949,1800.07,0.3018,1015.9573,0.03,1015.9573,0.20,1,SUBOPTIMAL,22710,54390
5,2,4,300,heuristic,1328.9892,0.21,,,,,0.21,4,HEURISTIC,,
5,2,4,300,rings,1273.5400,1800.07,0.4781,2527.5474,14.02,,0.21,4,SUBOPTIMAL,17548,41936
5,2,4,300,rings_ws,1113.8844,1800.07,0.4002,1328.9892,0.03,1328.9892,0.21,3,SUBOPTIMAL,17548,41936
5,2,4,450,heuristic,1056.8659,0.26,,,,,0.26,2,HEURISTIC,,
5,2,4,450,rings,1053.3715,1800.11,0.3944,2973.0388,2.97,,0.26,3,SUBOPTIMAL,17548,41936
5,2,4,450,rings_ws,1020.4873,1800.08,0.3718,1056.8659,0.03,1056.8659,0.26,2,SUBOPTIMAL,17548,41936
5,2,4,600,heuristic,1021.9481,0.20,,,,,0.20,2,HEURISTIC,,
5,2,4,600,rings,988.7029,1800.18,0.4224,1410.0962,6.24,,0.20,2,SUBOPTIMAL,17548,41936
5,2,4,600,rings_ws,981.3353,1800.10,0.4052,1021.9481,0.02,1021.9481,0.20,2,SUBOPTIMAL,17548,41936
5,2,4,900,heuristic,867.6893,0.17,,,,,0.17,1,HEURISTIC,,
5,2,4,900,rings,829.3544,1800.14,0.2998,2970.8619,2.89,,0.17,1,SUBOPTIMAL,17548,41936
5,2,4,900,rings_ws,829.3544,1800.10,0.2697,867.6893,0.03,867.6893,0.17,1,SUBOPTIMAL,17548,41936
5,2,4,1500,heuristic,867.6893,0.17,,,,,0.17,1,HEURISTIC,,
5,2,4,1500,rings,829.3544,1800.09,0.2599,1406.9510,2.11,,0.17,1,SUBOPTIMAL,17548,41936
5,2,4,1500,rings_ws,829.3543,1800.07,0.2973,867.6893,0.02,867.6893,0.17,1,SUBOPTIMAL,17548,41936
5,2,4,2400,heuristic,867.6893,0.18,,,,,0.18,1,HEURISTIC,,
5,2,4,2400,rings,829.3544,1800.10,0.2858,1406.9510,2.17,,0.18,1,SUBOPTIMAL,17548,41936
5,2,4,2400,rings_ws,829.3544,1800.13,0.3060,867.6893,0.02,867.6893,0.18,1,SUBOPTIMAL,17548,41936
5,3,0,300,heuristic,1711.5423,0.69,,,,,0.69,6,HEURISTIC,,
5,3,0,300,rings,,1800.02,,,,,0.69,,INFEASIBLE,38760,93107
5,3,0,300,rings_ws,,1800.03,,,,1711.5423,0.69,,INFEASIBLE,38760,93107
5,3,0,450,heuristic,1484.5999,0.25,,,,,0.25,3,HEURISTIC,,
5,3,0,450,rings,2003.3231,1800.13,0.4355,2761.4258,9.60,,0.25,5,SUBOPTIMAL,38760,93107
5,3,0,450,rings_ws,1481.6520,1800.13,0.2116,1484.5999,0.08,1484.5999,0.25,3,SUBOPTIMAL,38760,93107
5,3,0,600,heuristic,1540.3681,0.27,,,,,0.27,3,HEURISTIC,,
5,3,0,600,rings,1817.9257,1800.12,0.3516,3638.2713,7.35,,0.27,4,SUBOPTIMAL,38760,93107
5,3,0,600,rings_ws,1539.1098,1800.19,0.2432,1540.3681,0.12,1540.3681,0.27,3,SUBOPTIMAL,38760,93107
5,3,0,900,heuristic,1441.7336,0.31,,,,,0.31,2,HEURISTIC,,
5,3,0,900,rings,1588.5178,1800.22,0.2608,2223.0182,3.83,,0.31,2,SUBOPTIMAL,38760,93107
5,3,0,900,rings_ws,1429.7381,1800.12,0.1798,1441.7336,0.08,1441.7336,0.31,2,SUBOPTIMAL,38760,93107
5,3,0,1500,heuristic,1359.2541,0.31,,,,,0.31,1,HEURISTIC,,
5,3,0,1500,rings,1367.3436,1800.18,0.1869,2092.2290,3.92,,0.31,1,SUBOPTIMAL,38760,93107
5,3,0,1500,rings_ws,1351.1264,1800.16,0.1772,1359.2541,0.09,1359.2541,0.31,1,SUBOPTIMAL,38760,93107
5,3,0,2400,heuristic,1359.2541,0.36,,,,,0.36,1,HEURISTIC,,
5,3,0,2400,rings,1354.8070,1800.11,0.1794,1842.1421,4.50,,0.36,1,SUBOPTIMAL,38760,93107
5,3,0,2400,rings_ws,1351.1264,1800.17,0.1772,1359.2541,0.08,1359.2541,0.36,1,SUBOPTIMAL,38760,93107
5,3,1,300,heuristic,1003.7780,0.17,,,,,0.17,3,HEURISTIC,,
5,3,1,300,rings,1122.0289,1800.07,0.4738,2044.3264,4.53,,0.17,4,SUBOPTIMAL,20250,48389
5,3,1,300,rings_ws,999.0440,1800.13,0.4065,1003.7780,0.03,1003.7780,0.17,3,SUBOPTIMAL,20250,48389
5,3,1,450,heuristic,856.6217,0.22,,,,,0.22,2,HEURISTIC,,
5,3,1,450,rings,950.7793,1800.08,0.3790,2490.6333,3.68,,0.22,2,SUBOPTIMAL,20250,48389
5,3,1,450,rings_ws,851.5704,1800.12,0.3066,856.6217,0.04,856.6217,0.22,2,SUBOPTIMAL,20250,48389
5,3,1,600,heuristic,888.8626,0.19,,,,,0.19,2,HEURISTIC,,
5,3,1,600,rings,857.4218,1800.08,0.3676,2875.7044,4.20,,0.19,2,SUBOPTIMAL,20250,48389
5,3,1,600,rings_ws,854.5717,1800.10,0.3691,888.8626,0.03,888.8626,0.19,2,SUBOPTIMAL,20250,48389
5,3,1,900,heuristic,816.0121,0.21,,,,,0.21,1,HEURISTIC,,
5,3,1,900,rings,793.2657,1800.09,0.3225,3266.5458,3.69,,0.21,1,SUBOPTIMAL,20250,48389
5,3,1,900,rings_ws,793.2656,1800.13,0.3223,816.0121,0.03,816.0121,0.21,1,SUBOPTIMAL,20250,48389
5,3,1,1500,heuristic,816.0121,0.21,,,,,0.21,1,HEURISTIC,,
5,3,1,1500,rings,793.2940,1800.13,0.3202,3262.9431,3.79,,0.21,1,SUBOPTIMAL,20250,48389
5,3,1,1500,rings_ws,793.2657,1800.15,0.3225,816.0121,0.03,816.0121,0.21,1,SUBOPTIMAL,20250,48389
5,3,1,2400,heuristic,816.0121,0.21,,,,,0.21,1,HEURISTIC,,
5,3,1,2400,rings,793.2656,1800.07,0.3201,3562.3875,3.92,,0.21,1,SUBOPTIMAL,20250,48389
5,3,1,2400,rings_ws,793.2657,1800.10,0.3213,816.0121,0.02,816.0121,0.21,1,SUBOPTIMAL,20250,48389
5,3,2,300,heuristic,1382.4848,0.20,,,,,0.20,4,HEURISTIC,,
5,3,2,300,rings,1326.9678,1800.08,0.3756,2228.2993,18.98,,0.20,4,SUBOPTIMAL,25748,61663
5,3,2,300,rings_ws,1329.8736,1800.09,0.4140,1382.4848,0.06,1382.4848,0.20,4,SUBOPTIMAL,25748,61663
5,3,2,450,heuristic,1091.4764,0.27,,,,,0.27,2,HEURISTIC,,
5,3,2,450,rings,1355.2440,1800.19,0.4371,2835.2001,4.27,,0.27,3,SUBOPTIMAL,25748,61663
5,3,2,450,rings_ws,1089.1944,1800.06,0.3123,1091.4764,0.06,1091.4764,0.27,2,SUBOPTIMAL,25748,61663
5,3,2,600,heuristic,1077.3500,0.21,,,,,0.21,2,HEURISTIC,,
5,3,2,600,rings,1088.8395,1800.10,0.2994,1666.2135,2.09,,0.21,2,SUBOPTIMAL,25748,61663
5,3,2,600,rings_ws,1072.3457,1800.09,0.2886,1077.3500,0.06,1077.3500,0.21,2,SUBOPTIMAL,25748,61663
5,3,2,900,heuristic,906.2998,0.27,,,,,0.27,1,HEURISTIC,,
5,3,2,900,rings,914.8676,1800.13,0.2559,1243.0298,1.76,,0.27,1,SUBOPTIMAL,25748,61663
5,3,2,900,rings_ws,905.2525,1800.14,0.2539,906.2998,0.05,906.2998,0.27,1,SUBOPTIMAL,25748,61663
5,3,2,1500,heuristic,906.2998,0.27,,,,,0.27,1,HEURISTIC,,
5,3,2,1500,rings,905.2524,1800.16,0.2465,1435.1437,2.35,,0.27,1,SUBOPTIMAL,25748,61663
5,3,2,1500,rings_ws,905.2525,1800.14,0.2468,906.2998,0.07,906.2998,0.27,1,SUBOPTIMAL,25748,61663
5,3,2,2400,heuristic,906.2998,0.28,,,,,0.28,1,HEURISTIC,,
5,3,2,2400,rings,914.9565,1800.14,0.2656,1811.6993,2.00,,0.28,1,SUBOPTIMAL,25748,61663
5,3,2,2400,rings_ws,905.2525,1800.11,0.2536,906.2998,0.07,906.2998,0.28,1,SUBOPTIMAL,25748,61663
5,3,3,300,heuristic,1794.6238,0.43,,,,,0.43,5,HEURISTIC,,
5,3,3,300,rings,1845.6285,1800.38,0.4785,1955.5911,490.71,,0.43,5,SUBOPTIMAL,38760,93107
5,3,3,300,rings_ws,1727.7340,1800.13,0.4374,1794.6238,0.10,1794.6238,0.43,5,SUBOPTIMAL,38760,93107
5,3,3,450,heuristic,1468.6478,0.39,,,,,0.39,3,HEURISTIC,,
5,3,3,450,rings,1854.7114,1800.15,0.4628,2760.2934,47.53,,0.39,4,SUBOPTIMAL,38760,93107
5,3,3,450,rings_ws,1395.1195,1800.16,0.3034,1468.6478,0.10,1468.6478,0.39,3,SUBOPTIMAL,38760,93107
5,3,3,600,heuristic,1540.6888,0.28,,,,,0.28,3,HEURISTIC,,
5,3,3,600,rings,1838.8342,1800.63,0.4582,3436.3146,7.22,,0.28,4,SUBOPTIMAL,38760,93107
5,3,3,600,rings_ws,1449.3809,1800.18,0.3174,1540.6888,0.13,1540.6888,0.28,3,SUBOPTIMAL,38760,93107
5,3,3,900,heuristic,1457.2929,0.48,,,,,0.48,2,HEURISTIC,,
5,3,3,900,rings,1444.7075,1800.39,0.3522,3909.4182,7.13,,0.48,2,SUBOPTIMAL,38760,93107
5,3,3,900,rings_ws,1315.3554,1800.14,0.2885,1457.2929,0.11,1457.2929,0.48,2,SUBOPTIMAL,38760,93107
5,3,3,1500,heuristic,1371.5504,0.44,,,,,0.44,1,HEURISTIC,,
5,3,3,1500,rings,1233.5991,1800.23,0.2413,5245.9112,7.63,,0.44,1,SUBOPTIMAL,38760,93107
1,1,0,300,heuristic,162.2926,0.02,,,,,0.02,1,HEURISTIC,,
1,1,0,300,rings,162.1280,0.20,0.0000,173.4367,0.05,,0.02,1,OPTIMAL,215,372
1,1,0,300,rings_ws,162.1280,0.06,0.0000,162.2926,0.00,162.2926,0.02,1,OPTIMAL,215,372
1,1,0,450,heuristic,162.2926,0.02,,,,,0.02,1,HEURISTIC,,
1,1,0,450,rings,162.1280,0.10,0.0000,183.5364,0.00,,0.02,1,OPTIMAL,215,372
1,1,0,450,rings_ws,162.1280,0.09,0.0000,162.2926,0.00,162.2926,0.02,1,OPTIMAL,215,372
1,1,0,600,heuristic,162.2926,0.02,,,,,0.02,1,HEURISTIC,,
1,1,0,600,rings,162.1280,0.08,0.0000,183.5364,0.00,,0.02,1,OPTIMAL,215,372
1,1,0,600,rings_ws,162.1280,0.09,0.0000,162.2926,0.00,162.2926,0.02,1,OPTIMAL,215,372
1,1,0,900,heuristic,162.2926,0.02,,,,,0.02,1,HEURISTIC,,
1,1,0,900,rings,162.1280,0.07,0.0000,183.5364,0.00,,0.02,1,OPTIMAL,215,372
1,1,0,900,rings_ws,162.1280,0.09,0.0000,162.2926,0.00,162.2926,0.02,1,OPTIMAL,215,372
1,1,0,1500,heuristic,162.2926,0.02,,,,,0.02,1,HEURISTIC,,
1,1,0,1500,rings,162.1280,0.10,0.0000,183.5364,0.00,,0.02,1,OPTIMAL,215,372
1,1,0,1500,rings_ws,162.1280,0.08,0.0000,162.2926,0.00,162.2926,0.02,1,OPTIMAL,215,372
1,1,0,2400,heuristic,162.2926,0.02,,,,,0.02,1,HEURISTIC,,
1,1,0,2400,rings,162.1280,0.10,0.0000,183.5364,0.00,,0.02,1,OPTIMAL,215,372
1,1,0,2400,rings_ws,162.1280,0.08,0.0000,162.2926,0.00,162.2926,0.02,1,OPTIMAL,215,372
1,1,1,300,heuristic,136.6622,0.02,,,,,0.02,1,HEURISTIC,,
1,1,1,300,rings,135.5122,0.09,0.0000,149.4270,0.02,,0.02,1,OPTIMAL,215,372
1,1,1,300,rings_ws,135.5122,0.11,0.0000,136.6622,0.00,136.6622,0.02,1,OPTIMAL,215,372
1,1,1,450,heuristic,136.6622,0.02,,,,,0.02,1,HEURISTIC,,
1,1,1,450,rings,135.5122,0.08,0.0000,158.8887,0.00,,0.02,1,OPTIMAL,215,372
1,1,1,450,rings_ws,135.5122,0.06,0.0000,136.6622,0.00,136.6622,0.02,1,OPTIMAL,215,372
1,1,1,600,heuristic,136.6622,0.02,,,,,0.02,1,HEURISTIC,,
1,1,1,600,rings,135.5122,0.10,0.0000,158.8887,0.00,,0.02,1,OPTIMAL,215,372
1,1,1,600,rings_ws,135.5122,0.06,0.0000,136.6622,0.00,136.6622,0.02,1,OPTIMAL,215,372
1,1,1,900,heuristic,136.6622,0.02,,,,,0.02,1,HEURISTIC,,
1,1,1,900,rings,135.5122,0.09,0.0000,158.8887,0.00,,0.02,1,OPTIMAL,215,372
1,1,1,900,rings_ws,135.5122,0.06,0.0000,136.6622,0.00,136.6622,0.02,1,OPTIMAL,215,372
1,1,1,1500,heuristic,136.6622,0.02,,,,,0.02,1,HEURISTIC,,
1,1,1,1500,rings,135.5122,0.09,0.0000,158.8887,0.00,,0.02,1,OPTIMAL,215,372
1,1,1,1500,rings_ws,135.5122,0.06,0.0000,136.6622,0.00,136.6622,0.02,1,OPTIMAL,215,372
1,1,1,2400,heuristic,136.6622,0.02,,,,,0.02,1,HEURISTIC,,
1,1,1,2400,rings,135.5122,0.10,0.0000,158.8887,0.00,,0.02,1,OPTIMAL,215,372
1,1,1,2400,rings_ws,135.5122,0.08,0.0000,136.6622,0.00,136.6622,0.02,1,OPTIMAL,215,372
1,1,2,300,heuristic,193.1788,0.02,,,,,0.02,1,HEURISTIC,,
1,1,2,300,rings,193.0163,0.06,0.0000,196.1479,0.01,,0.02,1,OPTIMAL,215,372
1,1,2,300,rings_ws,193.0163,0.08,0.0000,193.1788,0.00,193.1788,0.02,1,OPTIMAL,215,372
1,1,2,450,heuristic,193.1788,0.02,,,,,0.02,1,HEURISTIC,,
1,1,2,450,rings,193.0163,0.05,0.0000,194.2715,0.00,,0.02,1,OPTIMAL,215,372
1,1,2,450,rings_ws,193.0163,0.05,0.0000,193.1788,0.00,193.1788,0.02,1,OPTIMAL,215,372
1,1,2,600,heuristic,193.1788,0.02,,,,,0.02,1,HEURISTIC,,
1,1,2,600,rings,193.0163,0.08,0.0000,194.2715,0.01,,0.02,1,OPTIMAL,215,372
1,1,2,600,rings_ws,193.0163,0.06,0.0000,193.1788,0.00,193.1788,0.02,1,OPTIMAL,215,372
1,1,2,900,heuristic,193.1788,0.02,,,,,0.02,1,HEURISTIC,,
1,1,2,900,rings,193.0163,0.06,0.0000,194.2715,0.00,,0.02,1,OPTIMAL,215,372
1,1,2,900,rings_ws,193.0163,0.09,0.0000,193.1788,0.00,193.1788,0.02,1,OPTIMAL,215,372
1,1,2,1500,heuristic,193.1788,0.02,,,,,0.02,1,HEURISTIC,,
1,1,2,1500,rings,193.0163,0.07,0.0000,194.2715,0.00,,0.02,1,OPTIMAL,215,372
1,1,2,1500,rings_ws,193.0163,0.05,0.0000,193.1788,0.00,193.1788,0.02,1,OPTIMAL,215,372
1,1,2,2400,heuristic,193.1788,0.02,,,,,0.02,1,HEURISTIC,,
1,1,2,2400,rings,193.0163,0.05,0.0000,194.2715,0.00,,0.02,1,OPTIMAL,215,372
1,1,2,2400,rings_ws,193.0163,0.05,0.0000,193.1788,0.00,193.1788,0.02,1,OPTIMAL,215,372
1,1,3,300,heuristic,205.7875,0.03,,,,,0.03,1,HEURISTIC,,
1,1,3,300,rings,203.6765,0.46,0.0000,224.2694,0.03,,0.03,1,OPTIMAL,428,733
1,1,3,300,rings_ws,203.6765,0.25,0.0000,205.7875,0.00,205.7875,0.03,1,OPTIMAL,428,733
1,1,3,450,heuristic,205.7875,0.03,,,,,0.03,1,HEURISTIC,,
1,1,3,450,rings,203.6765,0.30,0.0000,224.2694,0.03,,0.03,1,OPTIMAL,428,733
1,1,3,450,rings_ws,203.6765,0.42,0.0000,205.7875,0.00,205.7875,0.03,1,OPTIMAL,428,733
1,1,3,600,heuristic,205.7875,0.03,,,,,0.03,1,HEURISTIC,,
1,1,3,600,rings,203.6765,0.31,0.0000,224.2694,0.03,,0.03,1,OPTIMAL,428,733
1,1,3,600,rings_ws,203.6765,0.38,0.0000,205.7875,0.00,205.7875,0.03,1,OPTIMAL,428,733
1,1,3,900,heuristic,205.7875,0.03,,,,,0.03,1,HEURISTIC,,
1,1,3,900,rings,203.6765,0.26,0.0000,224.2694,0.03,,0.03,1,OPTIMAL,428,733
1,1,3,900,rings_ws,203.6765,0.24,0.0000,205.7875,0.00,205.7875,0.03,1,OPTIMAL,428,733
1,1,3,1500,heuristic,205.7875,0.03,,,,,0.03,1,HEURISTIC,,
1,1,3,1500,rings,203.6765,0.21,0.0000,230.3952,0.02,,0.03,1,OPTIMAL,428,733
1,1,3,1500,rings_ws,203.6765,0.25,0.0000,205.7875,0.00,205.7875,0.03,1,OPTIMAL,428,733
1,1,3,2400,heuristic,205.7875,0.03,,,,,0.03,1,HEURISTIC,,
1,1,3,2400,rings,203.6765,0.18,0.0000,230.3952,0.02,,0.03,1,OPTIMAL,428,733
1,1,3,2400,rings_ws,203.6765,0.25,0.0000,205.7875,0.00,205.7875,0.03,1,OPTIMAL,428,733
1,1,4,300,heuristic,183.2010,0.02,,,,,0.02,1,HEURISTIC,,
1,1,4,300,rings,181.7928,0.10,0.0000,182.6971,0.02,,0.02,1,OPTIMAL,215,372
1,1,4,300,rings_ws,181.7928,0.07,0.0000,183.2010,0.00,183.2010,0.02,1,OPTIMAL,215,372
1,1,4,450,heuristic,183.2010,0.02,,,,,0.02,1,HEURISTIC,,
1,1,4,450,rings,181.7928,0.07,0.0000,223.1493,0.00,,0.02,1,OPTIMAL,215,372
1,1,4,450,rings_ws,181.7928,0.09,0.0000,183.2010,0.00,183.2010,0.02,1,OPTIMAL,215,372
1,1,4,600,heuristic,183.2010,0.02,,,,,0.02,1,HEURISTIC,,
1,1,4,600,rings,181.7928,0.07,0.0000,223.1493,0.00,,0.02,1,OPTIMAL,215,372
1,1,4,600,rings_ws,,0.06,,,,183.2010,0.02,,INFEASIBLE,215,372
1,1,4,900,heuristic,183.2010,0.02,,,,,0.02,1,HEURISTIC,,
1,1,4,900,rings,181.7928,0.07,0.0000,223.1493,0.00,,0.02,1,OPTIMAL,215,372
5,3,3,1500,rings_ws,1248.3883,1800.12,0.2503,1371.5504,0.09,1371.5504,0.42,1,SUBOPTIMAL,38760,93107
5,3,3,2400,heuristic,1371.5504,0.43,,,,,0.43,1,HEURISTIC,,
5,3,3,2400,rings,1221.8132,1800.12,0.2340,5632.8052,6.73,,0.43,1,SUBOPTIMAL,38760,93107
5,3,3,2400,rings_ws,1232.3706,1800.19,0.2405,1371.5504,0.08,1371.5504,0.43,1,SUBOPTIMAL,38760,93107
5,3,4,300,heuristic,1437.5712,0.40,,,,,0.40,4,HEURISTIC,,
5,3,4,300,rings,1683.2714,1800.18,0.4925,2312.2151,69.58,,0.40,5,SUBOPTIMAL,31918,76569
5,3,4,300,rings_ws,1686.7464,1800.13,0.4776,2078.6106,39.69,1437.5712,0.40,5,SUBOPTIMAL,31918,76569
5,3,4,450,heuristic,1364.3478,0.23,,,,,0.23,3,HEURISTIC,,
5,3,4,450,rings,1558.8816,1800.14,0.4754,2998.4526,6.10,,0.23,4,SUBOPTIMAL,31918,76569
5,3,4,450,rings_ws,1293.9833,1800.22,0.3680,1312.4449,1.25,1364.3478,0.23,3,SUBOPTIMAL,31918,76569
5,3,4,600,heuristic,1250.6876,0.23,,,,,0.23,2,HEURISTIC,,
5,3,4,600,rings,1578.2590,1800.18,0.4819,2685.6135,6.92,,0.23,4,SUBOPTIMAL,31918,76569
5,3,4,600,rings_ws,1166.4949,1800.13,0.2990,1250.6876,0.06,1250.6876,0.23,2,SUBOPTIMAL,31918,76569
5,3,4,900,heuristic,1212.6221,0.25,,,,,0.25,2,HEURISTIC,,
5,3,4,900,rings,1206.0144,1800.12,0.3712,1593.1008,4.41,,0.25,2,SUBOPTIMAL,31918,76569
5,3,4,900,rings_ws,1132.5417,1800.14,0.3304,1212.6221,0.07,1212.6221,0.25,2,SUBOPTIMAL,31918,76569
5,3,4,1500,heuristic,1098.5400,0.26,,,,,0.26,1,HEURISTIC,,
5,3,4,1500,rings,1025.2809,1800.11,0.2603,4488.0726,5.95,,0.26,1,SUBOPTIMAL,31918,76569
5,3,4,1500,rings_ws,1025.2808,1800.12,0.2603,1098.5400,0.06,1098.5400,0.26,1,SUBOPTIMAL,31918,76569
5,3,4,2400,heuristic,1098.5400,0.26,,,,,0.26,1,HEURISTIC,,
5,3,4,2400,rings,1025.5999,1800.09,0.2606,1908.1646,4.34,,0.26,1,SUBOPTIMAL,31918,76569
5,3,4,2400,rings_ws,1025.2808,1800.10,0.2603,1098.5400,0.06,1098.5400,0.26,1,SUBOPTIMAL,31918,76569
8,1,0,300,heuristic,1532.7695,0.19,,,,,0.19,4,HEURISTIC,,
8,1,0,300,rings,1744.2651,1800.12,0.4585,4202.5913,6.98,,0.19,5,SUBOPTIMAL,36114,92601
8,1,0,300,rings_ws,1531.6321,1800.10,0.3728,1532.7695,0.07,1532.7695,0.19,4,SUBOPTIMAL,36114,92601
8,1,0,450,heuristic,1402.6864,0.25,,,,,0.25,3,HEURISTIC,,
8,1,0,450,rings,1613.3093,1800.14,0.4748,4383.7739,6.72,,0.25,5,SUBOPTIMAL,36114,92601
8,1,0,450,rings_ws,1390.7551,1800.14,0.3907,1402.6864,0.08,1402.6864,0.25,3,SUBOPTIMAL,36114,92601
8,1,0,600,heuristic,1252.1605,0.26,,,,,0.26,2,HEURISTIC,,
8,1,0,600,rings,1272.0735,1800.12,0.3339,5303.7826,6.07,,0.26,2,SUBOPTIMAL,36114,92601
8,1,0,600,rings_ws,1250.8756,1800.11,0.3226,1252.1605,0.07,1252.1605,0.26,2,SUBOPTIMAL,36114,92601
8,1,0,900,heuristic,1227.4913,0.20,,,,,0.20,2,HEURISTIC,,
8,1,0,900,rings,1204.1105,1800.12,0.3370,6349.4131,5.89,,0.20,2,SUBOPTIMAL,36114,92601
8,1,0,900,rings_ws,1204.1105,1800.13,0.3757,1227.4913,0.08,1227.4913,0.20,2,SUBOPTIMAL,36114,92601
8,1,0,1500,heuristic,1120.7887,0.19,,,,,0.19,1,HEURISTIC,,
8,1,0,1500,rings,1130.2050,1800.18,0.3159,6681.5856,6.19,,0.19,1,SUBOPTIMAL,36114,92601
8,1,0,1500,rings_ws,1113.8228,1800.16,0.2890,1120.7887,0.08,1120.7887,0.19,1,SUBOPTIMAL,36114,92601
8,1,0,2400,heuristic,1120.7887,0.19,,,,,0.19,1,HEURISTIC,,
8,1,0,2400,rings,1113.8227,1800.12,0.2965,6681.5856,5.96,,0.19,1,SUBOPTIMAL,36114,92601
8,1,0,2400,rings_ws,1113.8223,1800.12,0.2967,1120.7887,0.07,1120.7887,0.19,1,SUBOPTIMAL,36114,92601
8,1,1,300,heuristic,1217.0460,0.24,,,,,0.24,3,HEURISTIC,,
8,1,1,300,rings,1731.5765,1800.19,0.6268,4262.8771,6.84,,0.24,5,SUBOPTIMAL,32072,82167
8,1,1,300,rings_ws,1216.8013,1800.16,0.4470,1217.0460,0.06,1217.0460,0.24,3,SUBOPTIMAL,32072,82167
8,1,1,450,heuristic,1047.5431,0.18,,,,,0.18,2,HEURISTIC,,
8,1,1,450,rings,1439.9884,1800.22,0.5455,4633.4416,5.65,,0.18,4,SUBOPTIMAL,32072,82167
8,1,1,450,rings_ws,1045.9562,1800.15,0.3859,1047.5431,0.09,1047.5431,0.18,2,SUBOPTIMAL,32072,82167
8,1,1,600,heuristic,1032.3766,0.25,,,,,0.25,2,HEURISTIC,,
8,1,1,600,rings,1029.2238,1800.11,0.3759,5059.3884,5.61,,0.25,2,SUBOPTIMAL,32072,82167
8,1,1,600,rings_ws,1032.1559,1800.12,0.3771,1032.3766,0.06,1032.3766,0.25,2,SUBOPTIMAL,32072,82167
8,1,1,900,heuristic,901.7976,0.22,,,,,0.22,1,HEURISTIC,,
8,1,1,900,rings,944.1486,1800.10,0.3117,1712.6401,2.96,,0.22,1,SUBOPTIMAL,32072,82167
8,1,1,900,rings_ws,891.2171,1800.09,0.2793,901.7976,0.06,901.7976,0.22,1,SUBOPTIMAL,32072,82167
8,1,1,1500,heuristic,901.7976,0.22,,,,,0.22,1,HEURISTIC,,
8,1,1,1500,rings,891.2170,1800.10,0.2745,1814.2762,1.95,,0.22,1,SUBOPTIMAL,32072,82167
8,1,1,1500,rings_ws,891.2171,1800.11,0.2773,901.7976,0.06,901.7976,0.22,1,SUBOPTIMAL,32072,82167
8,1,1,2400,heuristic,901.7976,0.22,,,,,0.22,1,HEURISTIC,,
8,1,1,2400,rings,891.2170,1800.15,0.3081,1814.2762,1.66,,0.22,1,SUBOPTIMAL,32072,82167
8,1,1,2400,rings_ws,891.2171,1800.13,0.2696,901.7976,0.09,901.7976,0.22,1,SUBOPTIMAL,32072,82167
8,1,2,300,heuristic,1968.7350,0.24,,,,,0.24,5,HEURISTIC,,
8,1,2,300,rings,1840.4015,1800.13,0.5446,3922.5735,29.91,,0.24,5,SUBOPTIMAL,32072,82167
8,1,2,300,rings_ws,1875.3306,1800.17,0.5464,1968.7350,0.07,1968.7350,0.24,4,SUBOPTIMAL,32072,82167
8,1,2,450,heuristic,1489.7037,0.25,,,,,0.25,3,HEURISTIC,,
8,1,2,450,rings,1550.5321,1800.12,0.4630,3936.5594,6.18,,0.25,3,SUBOPTIMAL,32072,82167
8,1,2,450,rings_ws,1488.8722,1800.13,0.4501,1489.7037,0.06,1489.7037,0.25,3,SUBOPTIMAL,32072,82167
8,1,2,600,heuristic,1294.6016,0.19,,,,,0.19,2,HEURISTIC,,
8,1,2,600,rings,1302.8254,1800.11,0.3821,5038.4577,7.18,,0.19,2,SUBOPTIMAL,32072,82167
8,1,2,600,rings_ws,1293.9258,1800.10,0.3732,1294.6016,0.06,1294.6016,0.19,2,SUBOPTIMAL,32072,82167
8,1,2,900,heuristic,1196.2926,0.19,,,,,0.19,2,HEURISTIC,,
8,1,2,900,rings,1190.0074,1800.12,0.3235,2052.4047,2.77,,0.19,2,SUBOPTIMAL,32072,82167
8,1,2,900,rings_ws,1183.6832,1800.11,0.3178,1196.2926,0.07,1196.2926,0.19,2,SUBOPTIMAL,32072,82167
8,1,2,1500,heuristic,1046.2989,0.18,,,,,0.18,1,HEURISTIC,,
8,1,2,1500,rings,1033.7343,1800.10,0.2212,1946.4950,4.21,,0.18,1,SUBOPTIMAL,32072,82167
8,1,2,1500,rings_ws,1033.7342,1800.11,0.2212,1046.2989,0.06,1046.2989,0.18,1,SUBOPTIMAL,32072,82167
8,1,2,2400,heuristic,1046.2989,0.19,,,,,0.19,1,HEURISTIC,,
8,1,2,2400,rings,1033.7341,1800.10,0.2212,1548.1126,2.74,,0.19,1,SUBOPTIMAL,32072,82167
8,1,2,2400,rings_ws,1033.7343,1800.10,0.2431,1046.2989,0.06,1046.2989,0.19,1,SUBOPTIMAL,32072,82167
8,1,3,300,heuristic,1748.6807,0.28,,,,,0.28,5,HEURISTIC,,
8,1,3,300,rings,1848.8913,1800.12,0.4698,3756.7395,37.20,,0.28,5,SUBOPTIMAL,40396,103659
8,1,3,300,rings_ws,1730.5694,1800.10,0.4652,1748.6807,0.12,1748.6807,0.28,5,SUBOPTIMAL,40396,103659
8,1,3,450,heuristic,1507.2697,0.28,,,,,0.28,3,HEURISTIC,,
8,1,3,450,rings,1930.0834,1800.15,0.5598,4778.2739,7.87,,0.28,4,SUBOPTIMAL,40396,103659
8,1,3,450,rings_ws,1503.2830,1800.12,0.4246,1507.2697,0.08,1507.2697,0.28,3,SUBOPTIMAL,40396,103659
8,1,3,600,heuristic,1299.8652,0.28,,,,,0.28,2,HEURISTIC,,
8,1,3,600,rings,1579.4600,1800.14,0.4520,5653.2630,7.16,,0.28,3,SUBOPTIMAL,40396,103659
8,1,3,600,rings_ws,1299.6592,1800.12,0.3345,1299.8652,0.08,1299.8652,0.28,2,SUBOPTIMAL,40396,103659
8,1,3,900,heuristic,1283.8677,0.21,,,,,0.21,2,HEURISTIC,,
8,1,3,900,rings,1282.1165,1800.10,0.3786,6035.0174,6.87,,0.21,2,SUBOPTIMAL,40396,103659
8,1,3,900,rings_ws,1255.6251,1800.13,0.3956,1283.8677,0.08,1283.8677,0.21,2,SUBOPTIMAL,40396,103659
8,1,3,1500,heuristic,1177.8092,0.21,,,,,0.21,1,HEURISTIC,,
8,1,3,1500,rings,1141.8969,1800.13,0.3325,2349.7161,6.03,,0.21,1,SUBOPTIMAL,40396,103659
8,1,3,1500,rings_ws,1141.8969,1800.14,0.3326,1177.8092,0.09,1177.8092,0.21,1,SUBOPTIMAL,40396,103659
8,1,3,2400,heuristic,1177.8092,0.21,,,,,0.21,1,HEURISTIC,,
8,1,3,2400,rings,1141.8969,1800.13,0.3156,2313.9803,4.38,,0.21,1,SUBOPTIMAL,40396,103659
8,1,3,2400,rings_ws,1141.8969,1800.12,0.3224,1177.8092,0.07,1177.8092,0.21,1,SUBOPTIMAL,40396,103659
8,1,4,300,heuristic,1782.9482,0.32,,,,,0.32,5,HEURISTIC,,
8,1,4,300,rings,2055.7624,1800.32,0.5782,4302.3451,7.07,,0.32,6,SUBOPTIMAL,32072,82167
8,1,4,300,rings_ws,1782.0267,1800.16,0.5442,1782.9482,0.06,1782.9482,0.32,5,SUBOPTIMAL,32072,82167
8,1,4,450,heuristic,1385.8520,0.18,,,,,0.18,3,HEURISTIC,,
8,1,4,450,rings,1724.8903,1800.11,0.5483,2120.2226,3.41,,0.18,5,SUBOPTIMAL,32072,82167
8,1,4,450,rings_ws,1384.9939,1800.10,0.4342,1385.8520,0.06,1385.8520,0.18,3,SUBOPTIMAL,32072,82167
8,1,4,600,heuristic,1272.6948,0.19,,,,,0.19,2,HEURISTIC,,
8,1,4,600,rings,1399.1099,1800.11,0.4452,5018.6398,5.74,,0.19,3,SUBOPTIMAL,32072,82167
8,1,4,600,rings_ws,1272.0557,1800.14,0.3897,1272.6948,0.07,1272.6948,0.19,2,SUBOPTIMAL,32072,82167
8,1,4,900,heuristic,1135.0879,0.26,,,,,0.26,2,HEURISTIC,,
8,1,4,900,rings,1287.1450,1800.13,0.4050,2154.8480,3.21,,0.26,2,SUBOPTIMAL,32072,82167
8,1,4,900,rings_ws,1134.2666,1800.16,0.3156,1135.0879,0.07,1135.0879,0.26,2,SUBOPTIMAL,32072,82167
8,1,4,1500,heuristic,1033.1255,0.19,,,,,0.19,1,HEURISTIC,,
8,1,4,1500,rings,1033.9894,1800.10,0.2531,1984.7212,4.61,,0.19,1,SUBOPTIMAL,32072,82167
8,1,4,1500,rings_ws,1032.8171,1800.11,0.2758,1033.1255,0.07,1033.1255,0.19,1,SUBOPTIMAL,32072,82167
8,1,4,2400,heuristic,1033.1255,0.18,,,,,0.18,1,HEURISTIC,,
8,1,4,2400,rings,1033.9895,1800.09,0.2492,2201.2886,2.79,,0.18,1,SUBOPTIMAL,32072,82167
8,1,4,2400,rings_ws,1032.8172,1800.14,0.2484,1033.1255,0.06,1033.1255,0.18,1,SUBOPTIMAL,32072,82167
8,2,0,300,heuristic,1966.2123,0.38,,,,,0.38,5,HEURISTIC,,
8,2,0,300,rings,2681.9256,1800.20,0.6148,2857.4060,431.59,,0.38,8,SUBOPTIMAL,65734,168995
8,2,0,300,rings_ws,1937.9539,1800.19,0.4499,1966.2123,0.22,1966.2123,0.38,5,SUBOPTIMAL,65734,168995
8,2,0,450,heuristic,1914.4613,0.28,,,,,0.28,4,HEURISTIC,,
8,2,0,450,rings,2585.6775,1800.18,0.5803,4645.6280,133.40,,0.28,5,SUBOPTIMAL,65734,168995
8,2,0,450,rings_ws,1874.3340,1800.15,0.4236,1914.4613,0.26,1914.4613,0.28,4,SUBOPTIMAL,65734,168995
8,2,0,600,heuristic,1656.5917,0.29,,,,,0.29,3,HEURISTIC,,
8,2,0,600,rings,2483.7129,1800.33,0.5674,5321.8011,18.97,,0.29,5,SUBOPTIMAL,65734,168995
8,2,0,600,rings_ws,1654.7809,1800.14,0.3474,1656.5917,0.18,1656.5917,0.29,3,SUBOPTIMAL,65734,168995
8,2,0,900,heuristic,1573.3744,0.32,,,,,0.32,2,HEURISTIC,,
8,2,0,900,rings,2321.1326,1800.17,0.5467,7164.6172,20.72,,0.32,5,SUBOPTIMAL,65734,168995
8,2,0,900,rings_ws,1566.6132,1800.17,0.3246,1573.3744,0.15,1573.3744,0.32,2,SUBOPTIMAL,65734,168995
8,2,0,1500,heuristic,1466.0354,0.35,,,,,0.35,1,HEURISTIC,,
8,2,0,1500,rings,1956.5145,1800.32,0.4871,2790.7576,15.67,,0.35,2,SUBOPTIMAL,65734,168995
8,2,0,1500,rings_ws,1463.4929,1800.26,0.3143,1466.0354,0.16,1466.0354,0.35,1,SUBOPTIMAL,65734,168995
8,2,0,2400,heuristic,1466.0354,0.35,,,,,0.35,1,HEURISTIC,,
8,2,0,2400,rings,1532.0527,1800.18,0.3450,3097.1610,6.18,,0.35,1,SUBOPTIMAL,65734,168995
8,2,0,2400,rings_ws,1463.4929,1800.19,0.3434,1466.0354,0.14,1466.0354,0.35,1,SUBOPTIMAL,65734,168995
8,2,1,300,heuristic,1509.5166,0.23,,,,,0.23,4,HEURISTIC,,
8,2,1,300,rings,2405.6797,1800.14,0.7040,4113.4252,14.52,,0.23,8,SUBOPTIMAL,50008,128327
8,2,1,300,rings_ws,1464.4133,1800.23,0.5138,1509.5166,0.10,1509.5166,0.23,4,SUBOPTIMAL,50008,128327
8,2,1,450,heuristic,1295.2619,0.24,,,,,0.24,3,HEURISTIC,,
8,2,1,450,rings,1921.8146,1800.11,0.6370,4696.0661,16.56,,0.24,7,SUBOPTIMAL,50008,128327
8,2,1,450,rings_ws,1285.9400,1800.14,0.4463,1295.2619,0.10,1295.2619,0.24,3,SUBOPTIMAL,50008,128327
8,2,1,600,heuristic,1313.5068,0.25,,,,,0.25,2,HEURISTIC,,
8,2,1,600,rings,1815.9714,1800.25,0.6440,2426.1339,6.83,,0.25,5,SUBOPTIMAL,50008,128327
8,2,1,600,rings_ws,1183.5137,1800.13,0.4531,1313.5068,0.10,1313.5068,0.25,2,SUBOPTIMAL,50008,128327
8,2,1,900,heuristic,1216.2793,0.35,,,,,0.35,2,HEURISTIC,,
8,2,1,900,rings,1128.5772,1800.14,0.4271,2252.7467,9.75,,0.35,2,SUBOPTIMAL,50008,128327
8,2,1,900,rings_ws,1152.8916,1800.14,0.4392,1216.2793,0.10,1216.2793,0.35,2,SUBOPTIMAL,50008,128327
8,2,1,1500,heuristic,1124.4277,0.28,,,,,0.28,1,HEURISTIC,,
8,2,1,1500,rings,1058.5992,1800.15,0.3892,6867.1201,11.33,,0.28,1,SUBOPTIMAL,50008,128327
8,2,1,1500,rings_ws,1066.5396,1800.21,0.3921,1124.4277,0.10,1124.4277,0.28,1,SUBOPTIMAL,50008,128327
8,2,1,2400,heuristic,1124.4277,0.29,,,,,0.29,1,HEURISTIC,,
8,2,1,2400,rings,1058.5991,1800.14,0.3892,7428.4185,12.20,,0.29,1,SUBOPTIMAL,50008,128327
8,2,1,2400,rings_ws,1061.4321,1800.20,0.3928,1124.4277,0.13,1124.4277,0.29,1,SUBOPTIMAL,50008,128327
8,2,2,300,heuristic,2200.4573,0.26,,,,,0.26,5,HEURISTIC,,
8,2,2,300,rings,2894.6072,1800.15,0.6265,4297.4549,162.85,,0.26,8,SUBOPTIMAL,60252,154815
8,2,2,300,rings_ws,2155.6893,1800.12,0.5172,2200.4573,0.15,2200.4573,0.26,5,SUBOPTIMAL,60252,154815
8,2,2,450,heuristic,2006.3485,0.37,,,,,0.37,4,HEURISTIC,,
8,2,2,450,rings,2913.8833,1800.16,0.6562,5263.5828,13.81,,0.37,6,SUBOPTIMAL,60252,154815
8,2,2,450,rings_ws,1918.6588,1800.21,0.4779,2006.3485,0.14,2006.3485,0.37,4,SUBOPTIMAL,60252,154815
8,2,2,600,heuristic,1842.2979,0.28,,,,,0.28,3,HEURISTIC,,
8,2,2,600,rings,2673.2482,1800.19,0.6252,5386.2105,88.90,,0.28,6,SUBOPTIMAL,60252,154815
8,2,2,600,rings_ws,1769.1883,1800.21,0.4419,1842.2979,0.16,1842.2979,0.28,3,SUBOPTIMAL,60252,154815
8,2,2,900,heuristic,1619.5464,0.32,,,,,0.32,2,HEURISTIC,,
8,2,2,900,rings,2096.8177,1800.20,0.5714,6410.3052,19.10,,0.32,3,SUBOPTIMAL,60252,154815
8,2,2,900,rings_ws,1550.5320,1800.24,0.4204,1619.5464,0.13,1619.5464,0.32,2,SUBOPTIMAL,60252,154815
8,2,2,1500,heuristic,1399.5622,0.33,,,,,0.33,1,HEURISTIC,,
8,2,2,1500,rings,1452.2405,1800.15,0.3812,6560.3310,17.27,,0.33,1,SUBOPTIMAL,60252,154815
8,2,2,1500,rings_ws,1359.9624,1800.24,0.3392,1399.5622,0.17,1399.5622,0.33,1,SUBOPTIMAL,60252,154815
8,2,2,2400,heuristic,1399.5622,0.35,,,,,0.35,1,HEURISTIC,,
8,2,2,2400,rings,1406.6010,1800.20,0.3611,7674.6856,17.59,,0.35,1,SUBOPTIMAL,60252,154815
8,2,2,2400,rings_ws,1359.9624,1800.21,0.3392,1399.5622,0.15,1399.5622,0.35,1,SUBOPTIMAL,60252,154815
8,2,3,300,heuristic,2305.4784,0.41,,,,,0.41,6,HEURISTIC,,
8,2,3,300,rings,,1800.03,,,,,0.41,,INFEASIBLE,77418,199227
8,2,3,300,rings_ws,,1800.04,,,,2305.4784,0.41,,INFEASIBLE,77418,199227
8,2,3,450,heuristic,2106.6280,0.42,,,,,0.42,4,HEURISTIC,,
8,2,3,450,rings,2397.7052,1800.24,0.5577,2621.9236,654.79,,0.42,5,SUBOPTIMAL,77418,199227
8,2,3,450,rings_ws,2020.3557,1800.14,0.5059,2106.6280,0.18,2106.6280,0.42,4,SUBOPTIMAL,77418,199227
8,2,3,600,heuristic,1854.8866,0.44,,,,,0.44,3,HEURISTIC,,
8,2,3,600,rings,3004.3113,1800.23,0.6352,5591.3372,16.27,,0.44,6,SUBOPTIMAL,77418,199227
8,2,3,600,rings_ws,1776.0312,1800.20,0.4021,1854.8866,0.18,1854.8866,0.44,3,SUBOPTIMAL,77418,199227
8,2,3,900,heuristic,1874.2467,0.36,,,,,0.36,2,HEURISTIC,,
8,2,3,900,rings,2726.0444,1800.31,0.6094,6750.1847,19.72,,0.36,5,SUBOPTIMAL,77418,199227
8,2,3,900,rings_ws,1776.3002,1800.19,0.3972,1874.2467,0.17,1874.2467,0.36,2,SUBOPTIMAL,77418,199227
8,2,3,1500,heuristic,1630.3574,0.49,,,,,0.49,2,HEURISTIC,,
8,2,3,1500,rings,2478.7813,1800.34,0.6092,7474.5549,19.09,,0.49,4,SUBOPTIMAL,77418,199227
8,2,3,1500,rings_ws,2479.7939,1800.28,0.6093,7474.5549,18.94,1630.3574,0.49,4,SUBOPTIMAL,77418,199227
8,2,3,2400,heuristic,1641.0108,0.40,,,,,0.40,1,HEURISTIC,,
8,2,3,2400,rings,1652.2961,1800.47,0.3881,8920.4045,22.23,,0.40,1,SUBOPTIMAL,77418,199227
8,2,3,2400,rings_ws,1543.1130,1800.19,0.3144,1641.0108,0.20,1641.0108,0.40,1,SUBOPTIMAL,77418,199227
8,2,4,300,heuristic,2424.9812,0.28,,,,,0.28,6,HEURISTIC,,
8,2,4,300,rings,2790.5115,1800.24,0.6158,3899.8545,227.00,,0.28,8,SUBOPTIMAL,71456,183799
8,2,4,300,rings_ws,2383.5794,1800.21,0.5585,2424.9812,0.25,2424.9812,0.28,6,SUBOPTIMAL,71456,183799
8,2,4,450,heuristic,2064.2664,0.40,,,,,0.40,4,HEURISTIC,,
8,2,4,450,rings,3115.5086,1800.45,0.6590,4436.1855,118.38,,0.40,8,SUBOPTIMAL,71456,183799
8,2,4,450,rings_ws,2025.7457,1800.14,0.4781,2064.2664,0.26,2064.2664,0.40,4,SUBOPTIMAL,71456,183799
8,2,4,600,heuristic,1768.9642,0.40,,,,,0.40,3,HEURISTIC,,
8,2,4,600,rings,2854.7027,1800.20,0.6296,5716.2208,18.08,,0.40,7,SUBOPTIMAL,71456,183799
8,2,4,600,rings_ws,1731.6168,1800.22,0.3894,1768.9642,0.16,1768.9642,0.40,3,SUBOPTIMAL,71456,183799
8,2,4,900,heuristic,1630.2827,0.34,,,,,0.34,2,HEURISTIC,,
8,2,4,900,rings,2225.2958,1800.23,0.5249,5966.7422,19.16,,0.34,3,SUBOPTIMAL,71456,183799
8,2,4,900,rings_ws,1585.3732,1800.26,0.3331,1630.2827,0.16,1630.2827,0.34,2,SUBOPTIMAL,71456,183799
8,2,4,1500,heuristic,1422.0642,0.31,,,,,0.31,1,HEURISTIC,,
8,2,4,1500,rings,1417.2914,1800.19,0.3132,6965.8882,20.34,,0.31,1,SUBOPTIMAL,71456,183799
8,2,4,1500,rings_ws,1385.8488,1800.20,0.2976,1422.0642,0.15,1422.0642,0.31,1,SUBOPTIMAL,71456,183799
8,2,4,2400,heuristic,1422.0642,0.31,,,,,0.31,1,HEURISTIC,,
8,2,4,2400,rings,1432.6659,1800.19,0.3205,3206.0975,13.39,,0.31,1,SUBOPTIMAL,71456,183799
8,2,4,2400,rings_ws,1381.0413,1800.21,0.2951,1422.0642,0.18,1422.0642,0.31,1,SUBOPTIMAL,71456,183799
8,3,0,300,heuristic,2813.6038,0.85,,,,,0.85,8,HEURISTIC,,
8,3,0,300,rings,,1800.07,,,,,0.85,,INFEASIBLE,118558,305601
8,3,0,300,rings_ws,2811.3648,1800.29,0.4592,2813.6038,0.46,2813.6038,0.85,8,SUBOPTIMAL,118558,305601
8,3,0,450,heuristic,2324.5095,0.82,,,,,0.82,5,HEURISTIC,,
8,3,0,450,rings,,1800.05,,,,,0.82,,INFEASIBLE,118558,305601
8,3,0,450,rings_ws,2320.4440,1800.38,0.3681,2324.5095,0.47,2324.5095,0.82,5,SUBOPTIMAL,118558,305601
8,3,0,600,heuristic,2234.6631,0.57,,,,,0.57,4,HEURISTIC,,
8,3,0,600,rings,3756.5589,1800.21,0.6063,5167.4146,217.53,,0.57,8,SUBOPTIMAL,118558,305601
8,3,0,600,rings_ws,2233.4022,1800.33,0.3381,2234.6631,0.31,2234.6631,0.57,4,SUBOPTIMAL,118558,305601
8,3,0,900,heuristic,2153.0007,0.47,,,,,0.47,3,HEURISTIC,,
8,3,0,900,rings,3849.7274,1800.36,0.6250,6165.6153,43.05,,0.47,7,SUBOPTIMAL,118558,305601
8,3,0,900,rings_ws,2142.3879,1800.37,0.3389,2153.0007,0.36,2153.0007,0.47,3,SUBOPTIMAL,118558,305601
8,3,0,1500,heuristic,1937.8259,0.62,,,,,0.62,2,HEURISTIC,,
8,3,0,1500,rings,3765.4349,1800.27,0.6100,7541.6000,34.74,,0.62,4,SUBOPTIMAL,118558,305601
8,3,0,1500,rings_ws,1928.4131,1800.32,0.2656,1937.8259,0.28,1937.8259,0.62,2,SUBOPTIMAL,118558,305601
8,3,0,2400,heuristic,1890.2668,0.60,,,,,0.60,1,HEURISTIC,,
8,3,0,2400,rings,3540.5173,1800.58,0.5901,9700.2355,38.04,,0.60,6,SUBOPTIMAL,118558,305601
8,3,0,2400,rings_ws,1883.8152,1800.31,0.2194,1890.2668,0.29,1890.2668,0.60,1,SUBOPTIMAL,118558,305601
8,3,1,300,heuristic,1944.3471,0.74,,,,,0.74,6,HEURISTIC,,
8,3,1,300,rings,2409.0337,1800.25,0.5803,2555.5359,406.19,,0.74,8,SUBOPTIMAL,77746,199917
8,3,1,300,rings_ws,1943.0844,1800.14,0.4819,1944.3471,0.19,1944.3471,0.74,6,SUBOPTIMAL,77746,199917
8,3,1,450,heuristic,1712.4238,0.45,,,,,0.45,4,HEURISTIC,,
8,3,1,450,rings,2314.1221,1800.40,0.5607,4168.0835,126.47,,0.45,8,SUBOPTIMAL,77746,199917
8,3,1,450,rings_ws,1710.4577,1800.18,0.4147,1712.4238,0.21,1712.4238,0.45,4,SUBOPTIMAL,77746,199917
8,3,1,600,heuristic,1633.3563,0.46,,,,,0.46,3,HEURISTIC,,
8,3,1,600,rings,2719.0643,1800.19,0.6407,5254.3946,20.58,,0.46,7,SUBOPTIMAL,77746,199917
8,3,1,600,rings_ws,1630.4642,1800.13,0.3827,1633.3563,0.18,1633.3563,0.46,3,SUBOPTIMAL,77746,199917
8,3,1,900,heuristic,1476.0548,0.50,,,,,0.50,2,HEURISTIC,,
8,3,1,900,rings,1776.5464,1800.21,0.4324,5715.0576,15.16,,0.50,2,SUBOPTIMAL,77746,199917
8,3,1,900,rings_ws,1472.4508,1800.19,0.3108,1476.0548,0.17,1476.0548,0.50,2,SUBOPTIMAL,77746,199917
8,3,1,1500,heuristic,1358.3158,0.61,,,,,0.61,1,HEURISTIC,,
8,3,1,1500,rings,1463.6712,1800.23,0.3613,7130.7112,17.02,,0.61,1,SUBOPTIMAL,77746,199917
8,3,1,1500,rings_ws,1339.0747,1800.18,0.2830,1358.3158,0.19,1358.3158,0.61,1,SUBOPTIMAL,77746,199917
8,3,1,2400,heuristic,1358.3158,0.62,,,,,0.62,1,HEURISTIC,,
8,3,1,2400,rings,2796.9341,1800.40,0.6583,8351.1799,18.67,,0.62,6,SUBOPTIMAL,77746,199917
8,3,1,2400,rings_ws,1339.0747,1800.18,0.2928,1358.3158,0.18,1358.3158,0.62,1,SUBOPTIMAL,77746,199917
8,3,2,300,heuristic,3266.9644,1.10,,,,,1.10,8,HEURISTIC,,
8,3,2,300,rings,,1800.05,,,,,1.10,,INFEASIBLE,118558,305601
8,3,2,300,rings_ws,3266.4178,1800.25,0.6250,3266.9644,0.41,3266.9644,1.10,8,SUBOPTIMAL,118558,305601
8,3,2,450,heuristic,2455.7003,0.60,,,,,0.60,5,HEURISTIC,,
8,3,2,450,rings,,1800.04,,,,,0.60,,INFEASIBLE,118558,305601
8,3,2,450,rings_ws,,1800.05,,,,2455.7003,0.60,,INFEASIBLE,118558,305601
8,3,2,600,heuristic,2293.6598,0.65,,,,,0.65,4,HEURISTIC,,
8,3,2,600,rings,,1800.06,,,,,0.65,,INFEASIBLE,118558,305601
8,3,2,600,rings_ws,2292.2549,1800.25,0.4657,2293.6598,0.42,2293.6598,0.65,4,SUBOPTIMAL,118558,305601
8,3,2,900,heuristic,1975.7999,0.53,,,,,0.53,2,HEURISTIC,,
8,3,2,900,rings,3914.2122,1800.24,0.6737,4253.3231,71.26,,0.53,8,SUBOPTIMAL,118558,305601
8,3,2,900,rings_ws,1899.1679,1800.44,0.2995,1975.7999,0.36,1975.7999,0.53,2,SUBOPTIMAL,118558,305601
8,3,2,1500,heuristic,1993.9943,0.79,,,,,0.79,2,HEURISTIC,,
8,3,2,1500,rings,3357.1601,1800.44,0.6348,8250.7598,32.39,,0.79,3,SUBOPTIMAL,118558,305601
8,3,2,1500,rings_ws,1992.6821,1800.17,0.3853,1993.9943,0.44,1993.9943,0.79,2,SUBOPTIMAL,118558,305601
8,3,2,2400,heuristic,1786.9502,0.61,,,,,0.61,1,HEURISTIC,,
8,3,2,2400,rings,3567.8121,1800.54,0.6421,9673.4027,33.92,,0.61,7,SUBOPTIMAL,118558,305601
8,3,2,2400,rings_ws,1777.0030,1800.35,0.3107,1786.9502,0.31,1786.9502,0.61,1,SUBOPTIMAL,118558,305601
8,3,3,300,heuristic,2747.9676,0.94,,,,,0.94,8,HEURISTIC,,
8,3,3,300,rings,,1800.10,,,,,0.94,,INFEASIBLE,150566,388537
8,3,3,300,rings_ws,2746.9175,1800.44,0.4832,2747.9676,0.58,2747.9676,0.94,8,SUBOPTIMAL,150566,388537
8,3,3,450,heuristic,2391.1428,0.91,,,,,0.91,5,HEURISTIC,,
8,3,3,450,rings,,1800.10,,,,,0.91,,INFEASIBLE,150566,388537
8,3,3,450,rings_ws,2389.5960,1800.43,0.4122,2391.1428,0.59,2391.1428,0.91,5,SUBOPTIMAL,150566,388537
8,3,3,600,heuristic,2262.9550,0.80,,,,,0.80,4,HEURISTIC,,
8,3,3,600,rings,4490.6984,1800.63,0.6784,5829.1435,349.21,,0.80,8,SUBOPTIMAL,150566,388537
8,3,3,600,rings_ws,2261.9233,1800.44,0.3684,2262.9550,0.52,2262.9550,0.80,4,SUBOPTIMAL,150566,388537
8,3,3,900,heuristic,2167.1814,0.82,,,,,0.82,3,HEURISTIC,,
8,3,3,900,rings,3980.7158,1800.76,0.6390,4451.3919,101.32,,0.82,7,SUBOPTIMAL,150566,388537
8,3,3,900,rings_ws,2166.0796,1800.26,0.3515,2167.1814,0.48,2167.1814,0.82,3,SUBOPTIMAL,150566,388537
8,3,3,1500,heuristic,1980.2382,0.71,,,,,0.71,2,HEURISTIC,,
8,3,3,1500,rings,3984.4625,1800.55,0.6475,8050.0721,39.74,,0.71,8,SUBOPTIMAL,150566,388537
8,3,3,1500,rings_ws,1970.3985,1800.33,0.2871,1980.2382,0.48,1980.2382,0.71,2,SUBOPTIMAL,150566,388537
8,3,3,2400,heuristic,1913.4715,0.96,,,,,0.96,1,HEURISTIC,,
8,3,3,2400,rings,3480.5004,1800.60,0.5874,4024.8245,27.56,,0.96,2,SUBOPTIMAL,150566,388537
8,3,3,2400,rings_ws,1903.7058,1800.34,0.2526,1913.4715,0.45,1913.4715,0.96,1,SUBOPTIMAL,150566,388537
8,3,4,300,heuristic,2981.0382,0.56,,,,,0.56,8,HEURISTIC,,
8,3,4,300,rings,,1800.05,,,,,0.56,,INFEASIBLE,118558,305601
8,3,4,300,rings_ws,2979.2638,1800.27,0.5359,2981.0382,0.45,2981.0382,0.56,8,SUBOPTIMAL,118558,305601
8,3,4,450,heuristic,2379.1204,0.65,,,,,0.65,5,HEURISTIC,,
8,3,4,450,rings,,1800.07,,,,,0.65,,INFEASIBLE,118558,305601
8,3,4,450,rings_ws,2370.1557,1800.28,0.4274,2379.1204,0.43,2379.1204,0.65,5,SUBOPTIMAL,118558,305601
8,3,4,600,heuristic,2159.7052,0.43,,,,,0.43,3,HEURISTIC,,
8,3,4,600,rings,4109.2495,1800.42,0.6597,6313.0206,240.48,,0.43,8,SUBOPTIMAL,118558,305601
8,3,4,600,rings_ws,2157.6485,1800.35,0.3706,2159.7052,0.44,2159.7052,0.43,3,SUBOPTIMAL,118558,305601
8,3,4,900,heuristic,1953.1446,0.50,,,,,0.50,2,HEURISTIC,,
8,3,4,900,rings,4274.5316,1800.24,0.6756,7015.2148,32.46,,0.50,8,SUBOPTIMAL,118558,305601
8,3,4,900,rings_ws,1947.7198,1800.28,0.3133,1953.1446,0.35,1953.1446,0.50,2,SUBOPTIMAL,118558,305601
8,3,4,1500,heuristic,1805.4589,0.49,,,,,0.49,2,HEURISTIC,,
8,3,4,1500,rings,3319.6533,1800.30,0.6046,8553.9514,29.20,,0.49,4,SUBOPTIMAL,118558,305601
8,3,4,1500,rings_ws,1801.3082,1800.24,0.2853,1805.4589,0.38,1805.4589,0.49,2,SUBOPTIMAL,118558,305601
8,3,4,2400,heuristic,1731.0111,0.48,,,,,0.48,1,HEURISTIC,,
8,3,4,2400,rings,3329.1354,1800.39,0.6113,9243.4740,28.00,,0.48,5,SUBOPTIMAL,118558,305601
8,3,4,2400,rings_ws,1728.8928,1800.26,0.2589,1731.0111,0.34,1731.0111,0.48,1,SUBOPTIMAL,118558,305601
10,1,0,300,heuristic,1902.1437,0.32,,,,,0.32,5,HEURISTIC,,
10,1,0,300,rings,2212.6313,1800.18,0.5627,5282.9859,20.11,,0.32,7,SUBOPTIMAL,59570,156909
10,1,0,300,rings_ws,1901.3722,1800.20,0.4959,1902.1437,0.18,1902.1437,0.32,5,SUBOPTIMAL,59570,156909
10,1,0,450,heuristic,1626.4609,0.31,,,,,0.31,3,HEURISTIC,,
10,1,0,450,rings,2177.4211,1800.17,0.5586,4884.5159,17.17,,0.31,5,SUBOPTIMAL,59570,156909
10,1,0,450,rings_ws,1625.2882,1800.19,0.4232,1626.4609,0.15,1626.4609,0.31,3,SUBOPTIMAL,59570,156909
10,1,0,600,heuristic,1576.9156,0.42,,,,,0.42,3,HEURISTIC,,
10,1,0,600,rings,1868.2535,1800.19,0.4821,5730.4132,15.78,,0.42,5,SUBOPTIMAL,59570,156909
10,1,0,600,rings_ws,1576.1661,1800.16,0.3862,1576.9156,0.18,1576.9156,0.42,3,SUBOPTIMAL,59570,156909
10,1,0,900,heuristic,1401.7656,0.25,,,,,0.25,2,HEURISTIC,,
10,1,0,900,rings,1550.7226,1800.20,0.4357,7440.6215,12.64,,0.25,2,SUBOPTIMAL,59570,156909
10,1,0,900,rings_ws,1394.2368,1800.26,0.3763,1401.7656,0.16,1401.7656,0.25,2,SUBOPTIMAL,59570,156909
10,1,0,1500,heuristic,1273.7210,0.28,,,,,0.28,1,HEURISTIC,,
10,1,0,1500,rings,1269.7807,1800.22,0.3109,2561.5719,7.36,,0.28,1,SUBOPTIMAL,59570,156909
10,1,0,1500,rings_ws,1269.7807,1800.14,0.3117,1273.7210,0.14,1273.7210,0.28,1,SUBOPTIMAL,59570,156909
10,1,0,2400,heuristic,1273.7210,0.27,,,,,0.27,1,HEURISTIC,,
10,1,0,2400,rings,1269.7807,1800.23,0.3115,8589.8191,11.73,,0.27,1,SUBOPTIMAL,59570,156909
10,1,0,2400,rings_ws,1269.7807,1800.19,0.3060,1273.7210,0.15,1273.7210,0.27,1,SUBOPTIMAL,59570,156909
10,1,1,300,heuristic,1721.2106,0.40,,,,,0.40,5,HEURISTIC,,
10,1,1,300,rings,2393.2391,1800.14,0.6668,5273.0536,16.57,,0.40,7,SUBOPTIMAL,59570,156909
10,1,1,300,rings_ws,1711.2798,1800.25,0.5229,1721.2106,0.18,1721.2106,0.40,5,SUBOPTIMAL,59570,156909
10,1,1,450,heuristic,1447.7073,0.24,,,,,0.24,3,HEURISTIC,,
10,1,1,450,rings,2258.7756,1800.18,0.6470,6243.6448,16.13,,0.24,7,SUBOPTIMAL,59570,156909
10,1,1,450,rings_ws,1444.3742,1800.18,0.4479,1447.7073,0.15,1447.7073,0.24,3,SUBOPTIMAL,59570,156909
10,1,1,600,heuristic,1280.0711,0.32,,,,,0.32,2,HEURISTIC,,
10,1,1,600,rings,2131.4633,1800.16,0.6259,7182.0828,12.80,,0.32,5,SUBOPTIMAL,59570,156909
10,1,1,600,rings_ws,1279.2292,1800.20,0.3767,1280.0711,0.18,1280.0711,0.32,2,SUBOPTIMAL,59570,156909
10,1,1,900,heuristic,1277.0239,0.27,,,,,0.27,2,HEURISTIC,,
10,1,1,900,rings,1563.1461,1800.25,0.5407,5332.0403,12.40,,0.27,2,SUBOPTIMAL,59570,156909
10,1,1,900,rings_ws,1271.7131,1800.18,0.4415,1277.0239,0.13,1277.0239,0.27,2,SUBOPTIMAL,59570,156909
10,1,1,1500,heuristic,1144.4668,0.28,,,,,0.28,1,HEURISTIC,,
10,1,1,1500,rings,1142.3230,1800.30,0.3699,2624.4162,6.09,,0.28,1,SUBOPTIMAL,59570,156909
10,1,1,1500,rings_ws,1134.5370,1800.20,0.3756,1144.4668,0.16,1144.4668,0.28,1,SUBOPTIMAL,59570,156909
10,1,1,2400,heuristic,1144.4668,0.28,,,,,0.28,1,HEURISTIC,,
10,1,1,2400,rings,1134.5370,1800.18,0.3689,2755.0898,9.15,,0.28,1,SUBOPTIMAL,59570,156909
10,1,1,2400,rings_ws,1134.5370,1800.18,0.3756,1144.4668,0.17,1144.4668,0.28,1,SUBOPTIMAL,59570,156909
10,1,2,300,heuristic,3029.7640,0.23,,,,,0.23,6,HEURISTIC,,
10,1,2,300,rings,3684.5500,1800.19,0.7010,4557.8442,128.75,,0.23,9,SUBOPTIMAL,59570,156909
10,1,2,300,rings_ws,3031.1679,1800.15,0.5814,3031.1680,3.92,3029.7640,0.23,6,SUBOPTIMAL,59570,156909
10,1,2,450,heuristic,2359.4297,0.31,,,,,0.31,4,HEURISTIC,,
10,1,2,450,rings,3547.3548,1800.17,0.6896,6634.8161,96.43,,0.31,7,SUBOPTIMAL,59570,156909
10,1,2,450,rings_ws,2360.4410,1800.22,0.5335,2360.4427,4.32,2359.4297,0.31,4,SUBOPTIMAL,59570,156909
10,1,2,600,heuristic,2121.1959,0.24,,,,,0.24,3,HEURISTIC,,
10,1,2,600,rings,3093.6446,1800.34,0.6456,7775.7900,14.21,,0.24,7,SUBOPTIMAL,59570,156909
10,1,2,600,rings_ws,2118.7130,1800.17,0.4802,2121.1959,0.15,2121.1959,0.24,3,SUBOPTIMAL,59570,156909
10,1,2,900,heuristic,1824.1901,0.25,,,,,0.25,2,HEURISTIC,,
10,1,2,900,rings,2310.4344,1800.28,0.5712,7802.4800,14.35,,0.25,4,SUBOPTIMAL,59570,156909
10,1,2,900,rings_ws,1779.7030,1800.19,0.4531,1824.1901,0.19,1824.1901,0.25,2,SUBOPTIMAL,59570,156909
10,1,2,1500,heuristic,1494.3984,0.24,,,,,0.24,1,HEURISTIC,,
10,1,2,1500,rings,1493.8127,1800.23,0.3511,3114.2675,7.64,,0.24,1,SUBOPTIMAL,59570,156909
10,1,2,1500,rings_ws,1493.8125,1800.15,0.3514,1494.3984,0.13,1494.3984,0.24,1,SUBOPTIMAL,59570,156909
10,1,2,2400,heuristic,1494.3984,0.24,,,,,0.24,1,HEURISTIC,,
10,1,2,2400,rings,1493.8127,1800.21,0.3362,9471.2491,13.53,,0.24,1,SUBOPTIMAL,59570,156909
10,1,2,2400,rings_ws,1493.8127,1800.20,0.3358,1494.3984,0.14,1494.3984,0.24,1,SUBOPTIMAL,59570,156909
10,1,3,300,heuristic,1937.7551,0.35,,,,,0.35,5,HEURISTIC,,
10,1,3,300,rings,2691.1742,1800.26,0.6764,3827.8942,137.96,,0.35,9,SUBOPTIMAL,71858,189485
10,1,3,300,rings_ws,1936.9956,1800.20,0.5504,1937.7551,0.22,1937.7551,0.35,5,SUBOPTIMAL,71858,189485
10,1,3,450,heuristic,1700.5395,0.49,,,,,0.49,4,HEURISTIC,,
10,1,3,450,rings,2421.3690,1800.22,0.6404,6132.4036,18.74,,0.49,5,SUBOPTIMAL,71858,189485
10,1,3,450,rings_ws,1698.7694,1800.25,0.4874,1700.5395,0.27,1700.5395,0.49,4,SUBOPTIMAL,71858,189485
10,1,3,600,heuristic,1592.1307,0.27,,,,,0.27,3,HEURISTIC,,
10,1,3,600,rings,2268.1532,1800.32,0.6169,6665.7285,11.26,,0.27,4,SUBOPTIMAL,71858,189485
10,1,3,600,rings_ws,1584.5347,1800.18,0.4504,1592.1307,0.27,1592.1307,0.27,3,SUBOPTIMAL,71858,189485
10,1,3,900,heuristic,1449.9926,0.34,,,,,0.34,2,HEURISTIC,,
10,1,3,900,rings,2403.2375,1800.57,0.6632,7321.1315,15.83,,0.34,3,SUBOPTIMAL,71858,189485
10,1,3,900,rings_ws,1447.3055,1800.19,0.4408,1449.9926,0.21,1449.9926,0.34,2,SUBOPTIMAL,71858,189485
10,1,3,1500,heuristic,1317.7083,0.43,,,,,0.43,1,HEURISTIC,,
10,1,3,1500,rings,1319.6368,1800.25,0.3867,8224.6602,16.27,,0.43,1,SUBOPTIMAL,71858,189485
10,1,3,1500,rings_ws,1309.1517,1800.17,0.3818,1317.7083,0.21,1317.7083,0.43,1,SUBOPTIMAL,71858,189485
10,1,3,2400,heuristic,1317.7083,0.43,,,,,0.43,1,HEURISTIC,,
10,1,3,2400,rings,1310.6636,1800.27,0.3821,8797.5246,14.94,,0.43,1,SUBOPTIMAL,71858,189485
10,1,3,2400,rings_ws,1310.0592,1800.29,0.3822,1317.7083,0.22,1317.7083,0.43,1,SUBOPTIMAL,71858,189485
10,1,4,300,heuristic,2166.3870,0.32,,,,,0.32,5,HEURISTIC,,
10,1,4,300,rings,2761.8006,1800.26,0.6540,5234.5723,68.70,,0.32,8,SUBOPTIMAL,59570,156909
10,1,4,300,rings_ws,2165.9766,1800.23,0.5643,2166.3870,0.18,2166.3870,0.32,5,SUBOPTIMAL,59570,156909
10,1,4,450,heuristic,1728.3181,0.24,,,,,0.24,3,HEURISTIC,,
10,1,4,450,rings,2651.7717,1800.20,0.6782,6708.1637,18.42,,0.24,7,SUBOPTIMAL,59570,156909
10,1,4,450,rings_ws,1727.7400,1800.23,0.5061,1728.3181,0.18,1728.3181,0.24,3,SUBOPTIMAL,59570,156909
10,1,4,600,heuristic,1449.1841,0.24,,,,,0.24,2,HEURISTIC,,
10,1,4,600,rings,1851.9172,1800.19,0.5396,6332.1820,15.53,,0.24,3,SUBOPTIMAL,59570,156909
10,1,4,600,rings_ws,1448.7160,1800.24,0.4110,1449.1841,0.14,1449.1841,0.24,2,SUBOPTIMAL,59570,156909
10,1,4,900,heuristic,1331.0909,0.25,,,,,0.25,2,HEURISTIC,,
10,1,4,900,rings,1472.5081,1800.51,0.4736,7581.8650,15.39,,0.25,2,SUBOPTIMAL,59570,156909
10,1,4,900,rings_ws,1330.6004,1800.16,0.4203,1331.0909,0.21,1331.0909,0.25,2,SUBOPTIMAL,59570,156909
10,1,4,1500,heuristic,1156.6754,0.24,,,,,0.24,1,HEURISTIC,,
10,1,4,1500,rings,1156.2067,1800.41,0.3435,8334.4229,13.02,,0.24,1,SUBOPTIMAL,59570,156909
10,1,4,1500,rings_ws,1156.2066,1800.16,0.3280,1156.6754,0.18,1156.6754,0.24,1,SUBOPTIMAL,59570,156909
10,1,4,2400,heuristic,1156.6754,0.24,,,,,0.24,1,HEURISTIC,,
10,1,4,2400,rings,1156.2066,1800.19,0.3165,8027.3972,12.53,,0.24,1,SUBOPTIMAL,59570,156909
10,1,4,2400,rings_ws,1156.2067,1800.23,0.3493,1156.6754,0.14,1156.6754,0.24,1,SUBOPTIMAL,59570,156909
10,2,0,300,heuristic,2692.2346,0.51,,,,,0.51,7,HEURISTIC,,
10,2,0,300,rings,,1800.06,,,,,0.51,,INFEASIBLE,132940,351369
10,2,0,300,rings_ws,2672.3605,1800.21,0.5578,2692.2346,0.54,2692.2346,0.51,7,SUBOPTIMAL,132940,351369
10,2,0,450,heuristic,2323.2252,0.40,,,,,0.40,5,HEURISTIC,,
10,2,0,450,rings,3818.6570,1800.61,0.6892,5522.2286,402.09,,0.40,10,SUBOPTIMAL,132940,351369
10,2,0,450,rings_ws,2298.4209,1800.29,0.4859,2323.2252,0.36,2323.2252,0.40,5,SUBOPTIMAL,132940,351369
10,2,0,600,heuristic,2205.0817,0.52,,,,,0.52,4,HEURISTIC,,
10,2,0,600,rings,4252.0626,1800.27,0.7202,6953.5255,207.10,,0.52,10,SUBOPTIMAL,132940,351369
10,2,0,600,rings_ws,2200.7146,1800.25,0.4630,2205.0817,0.41,2205.0817,0.52,4,SUBOPTIMAL,132940,351369
10,2,0,900,heuristic,2061.8142,0.59,,,,,0.59,3,HEURISTIC,,
10,2,0,900,rings,3773.9928,1800.29,0.6763,9814.5469,38.42,,0.59,6,SUBOPTIMAL,132940,351369
10,2,0,900,rings_ws,2028.7857,1800.44,0.4037,2061.8142,0.42,2061.8142,0.59,3,SUBOPTIMAL,132940,351369
10,2,0,1500,heuristic,1959.6035,0.56,,,,,0.56,2,HEURISTIC,,
10,2,0,1500,rings,3150.5288,1800.40,0.6234,4831.4536,13.29,,0.56,4,SUBOPTIMAL,132940,351369
10,2,0,1500,rings_ws,1924.6998,1800.30,0.3839,1959.6035,0.45,1959.6035,0.56,2,SUBOPTIMAL,132940,351369
10,2,0,2400,heuristic,1829.9798,0.95,,,,,0.95,1,HEURISTIC,,
10,2,0,2400,rings,3867.9694,1800.41,0.6939,11497.7968,47.83,,0.95,10,SUBOPTIMAL,132940,351369
10,2,0,2400,rings_ws,1816.9211,1800.29,0.3485,1829.9798,0.31,1829.9798,0.95,1,SUBOPTIMAL,132940,351369
10,2,1,300,heuristic,1899.6459,0.32,,,,,0.32,5,HEURISTIC,,
10,2,1,300,rings,2863.7085,1800.18,0.6883,3009.9406,851.42,,0.32,10,SUBOPTIMAL,100300,264705
10,2,1,300,rings_ws,1896.1349,1800.20,0.5183,1899.6459,0.25,1899.6459,0.32,5,SUBOPTIMAL,100300,264705
10,2,1,450,heuristic,1795.3693,0.33,,,,,0.33,4,HEURISTIC,,
10,2,1,450,rings,3338.5871,1800.70,0.7188,6152.4340,37.57,,0.33,10,SUBOPTIMAL,100300,264705
10,2,1,450,rings_ws,1792.7517,1800.34,0.4812,1795.3693,0.27,1795.3693,0.33,4,SUBOPTIMAL,100300,264705
10,2,1,600,heuristic,1730.5228,0.53,,,,,0.53,3,HEURISTIC,,
10,2,1,600,rings,3209.7597,1800.30,0.7404,7355.4032,30.37,,0.53,10,SUBOPTIMAL,100300,264705
10,2,1,600,rings_ws,1729.4546,1800.23,0.4855,1730.5228,0.30,1730.5228,0.53,3,SUBOPTIMAL,100300,264705
10,2,1,900,heuristic,1538.6865,0.41,,,,,0.41,2,HEURISTIC,,
10,2,1,900,rings,3141.3877,1800.25,0.7167,7965.4740,23.48,,0.41,9,SUBOPTIMAL,100300,264705
10,2,1,900,rings_ws,1537.7682,1800.17,0.4171,1538.6865,0.31,1538.6865,0.41,2,SUBOPTIMAL,100300,264705
10,2,1,1500,heuristic,1430.5388,0.52,,,,,0.52,1,HEURISTIC,,
10,2,1,1500,rings,2726.5277,1800.27,0.6734,9320.1796,27.84,,0.52,4,SUBOPTIMAL,100300,264705
10,2,1,1500,rings_ws,1428.2337,1800.24,0.3994,1430.5388,0.31,1430.5388,0.52,1,SUBOPTIMAL,100300,264705
10,2,1,2400,heuristic,1430.5388,0.52,,,,,0.52,1,HEURISTIC,,
10,2,1,2400,rings,1723.0890,1800.28,0.4836,10463.5261,31.87,,0.52,1,SUBOPTIMAL,100300,264705
10,2,1,2400,rings_ws,1406.9752,1800.25,0.3686,1430.5388,0.26,1430.5388,0.52,1,SUBOPTIMAL,100300,264705
10,2,2,300,heuristic,3980.2575,0.40,,,,,0.40,8,HEURISTIC,,
10,2,2,300,rings,,1800.07,,,,,0.40,,INFEASIBLE,150988,399309
10,2,2,300,rings_ws,,1800.05,,,,3980.2575,0.40,,INFEASIBLE,150988,399309
10,2,2,450,heuristic,3324.9694,0.61,,,,,0.61,6,HEURISTIC,,
10,2,2,450,rings,,1800.07,,,,,0.61,,INFEASIBLE,150988,399309
10,2,2,450,rings_ws,,1800.05,,,,3324.9694,0.61,,INFEASIBLE,150988,399309
10,2,2,600,heuristic,2898.2098,0.43,,,,,0.43,4,HEURISTIC,,
10,2,2,600,rings,6384.0068,1800.49,0.7914,8566.0107,378.62,,0.43,10,SUBOPTIMAL,150988,399309
10,2,2,600,rings_ws,2893.6476,1800.43,0.5482,2898.2098,0.65,2898.2098,0.43,4,SUBOPTIMAL,150988,399309
10,2,2,900,heuristic,2688.9107,0.60,,,,,0.60,3,HEURISTIC,,
10,2,2,900,rings,6030.8282,1800.47,0.7665,8974.3167,281.15,,0.60,10,SUBOPTIMAL,150988,399309
10,2,2,900,rings_ws,2687.8759,1800.27,0.5136,2688.9107,0.57,2688.9107,0.60,3,SUBOPTIMAL,150988,399309
10,2,2,1500,heuristic,2285.3795,0.59,,,,,0.59,2,HEURISTIC,,
10,2,2,1500,rings,6044.4473,1800.68,0.7756,11643.2692,44.70,,0.59,10,SUBOPTIMAL,150988,399309
10,2,2,1500,rings_ws,2278.1483,1800.28,0.4220,2285.3795,0.42,2285.3795,0.59,2,SUBOPTIMAL,150988,399309
10,2,2,2400,heuristic,2048.8881,0.49,,,,,0.49,1,HEURISTIC,,
10,2,2,2400,rings,4324.2010,1800.39,0.6977,12176.8639,37.80,,0.49,3,SUBOPTIMAL,150988,399309
10,2,2,2400,rings_ws,2047.9603,1800.25,0.3466,2048.8881,0.36,2048.8881,0.49,1,SUBOPTIMAL,150988,399309
10,2,3,300,heuristic,2770.5593,0.56,,,,,0.56,7,HEURISTIC,,
10,2,3,300,rings,,1800.09,,,,,0.56,,INFEASIBLE,150988,399309
10,2,3,300,rings_ws,2768.2488,1800.28,0.5691,2770.5593,0.56,2770.5593,0.56,7,SUBOPTIMAL,150988,399309
10,2,3,450,heuristic,2407.0992,0.43,,,,,0.43,5,HEURISTIC,,
10,2,3,450,rings,,1800.07,,,,,0.43,,INFEASIBLE,150988,399309
10,2,3,450,rings_ws,2365.0066,1800.36,0.4957,2407.0992,0.56,2407.0992,0.43,5,SUBOPTIMAL,150988,399309
10,2,3,600,heuristic,2247.0753,0.50,,,,,0.50,4,HEURISTIC,,
10,2,3,600,rings,4506.1069,1800.48,0.7353,7662.1563,53.95,,0.50,10,SUBOPTIMAL,150988,399309
10,2,3,600,rings_ws,2244.4054,1800.39,0.4686,2247.0753,0.54,2247.0753,0.50,4,SUBOPTIMAL,150988,399309
10,2,3,900,heuristic,2123.7543,0.55,,,,,0.55,3,HEURISTIC,,
10,2,3,900,rings,4071.2335,1800.49,0.7070,9539.2946,54.05,,0.55,7,SUBOPTIMAL,150988,399309
10,2,3,900,rings_ws,2113.6544,1800.39,0.4357,2123.7543,0.56,2123.7543,0.55,3,SUBOPTIMAL,150988,399309
10,2,3,1500,heuristic,1909.6044,0.67,,,,,0.67,2,HEURISTIC,,
10,2,3,1500,rings,4351.1300,1800.29,0.7255,9988.4066,43.89,,0.67,10,SUBOPTIMAL,150988,399309
10,2,3,1500,rings_ws,1882.7773,1800.47,0.3656,1909.6044,0.52,1909.6044,0.67,2,SUBOPTIMAL,150988,399309
10,2,3,2400,heuristic,1822.4866,0.79,,,,,0.79,1,HEURISTIC,,
10,2,3,2400,rings,3759.5060,1800.44,0.6823,10228.3665,44.93,,0.79,6,SUBOPTIMAL,150988,399309
10,2,3,2400,rings_ws,1784.3060,1800.43,0.3307,1822.4866,0.48,1822.4866,0.79,1,SUBOPTIMAL,150988,399309
10,2,4,300,heuristic,2535.0659,0.39,,,,,0.39,6,HEURISTIC,,
10,2,4,300,rings,,1800.05,,,,,0.39,,INFEASIBLE,92860,244959
10,2,4,300,rings_ws,2522.2145,1800.27,0.6125,2535.0659,0.26,2535.0659,0.39,6,SUBOPTIMAL,92860,244959
10,2,4,450,heuristic,2103.6944,0.52,,,,,0.52,4,HEURISTIC,,
10,2,4,450,rings,3548.4859,1800.19,0.7297,3665.5602,63.90,,0.52,8,SUBOPTIMAL,92860,244959
10,2,4,450,rings_ws,2077.8611,1800.26,0.5383,2103.6944,0.27,2103.6944,0.52,4,SUBOPTIMAL,92860,244959
10,2,4,600,heuristic,1899.0572,0.42,,,,,0.42,3,HEURISTIC,,
10,2,4,600,rings,3790.6935,1800.23,0.7447,4966.5646,25.73,,0.42,9,SUBOPTIMAL,92860,244959
10,2,4,600,rings_ws,1817.7113,1800.22,0.4723,1899.0572,0.33,1899.0572,0.42,3,SUBOPTIMAL,92860,244959
10,2,4,900,heuristic,1756.0371,0.47,,,,,0.47,2,HEURISTIC,,
10,2,4,900,rings,3858.1611,1800.33,0.7680,6775.6332,30.56,,0.47,8,SUBOPTIMAL,92860,244959
10,2,4,900,rings_ws,1736.8165,1800.26,0.4847,1756.0371,0.23,1756.0371,0.47,2,SUBOPTIMAL,92860,244959
10,2,4,1500,heuristic,1472.5682,0.32,,,,,0.32,1,HEURISTIC,,
10,2,4,1500,rings,1465.2589,1800.35,0.3892,9152.2758,29.73,,0.32,1,SUBOPTIMAL,92860,244959
10,2,4,1500,rings_ws,1393.1487,1800.16,0.3606,1472.5682,0.21,1472.5682,0.32,1,SUBOPTIMAL,92860,244959
10,2,4,2400,heuristic,1472.5682,0.33,,,,,0.33,1,HEURISTIC,,
10,2,4,2400,rings,1424.2980,1800.45,0.3716,3661.2750,22.38,,0.33,1,SUBOPTIMAL,92860,244959
10,2,4,2400,rings_ws,1382.7964,1800.28,0.3528,1472.5682,0.30,1472.5682,0.33,1,SUBOPTIMAL,92860,244959
10,3,0,300,heuristic,3314.6112,0.68,,,,,0.68,9,HEURISTIC,,
10,3,0,300,rings,,1800.24,,,,,0.68,,INFEASIBLE,223638,592169
10,3,0,300,rings_ws,3312.9058,1800.38,0.4541,3314.6112,0.95,3314.6112,0.68,9,SUBOPTIMAL,223638,592169
10,3,0,450,heuristic,2973.6739,0.72,,,,,0.72,6,HEURISTIC,,
10,3,0,450,rings,,1800.26,,,,,0.72,,INFEASIBLE,223638,592169
10,3,0,450,rings_ws,2968.8839,1800.76,0.3958,2973.6739,0.79,2973.6739,0.72,6,SUBOPTIMAL,223638,592169
10,3,0,600,heuristic,2628.9746,0.57,,,,,0.57,4,HEURISTIC,,
10,3,0,600,rings,,1800.07,,,,,0.57,,INFEASIBLE,223638,592169
10,3,0,600,rings_ws,2614.8246,1800.35,0.3140,2628.9746,0.86,2628.9746,0.57,4,SUBOPTIMAL,223638,592169
10,3,0,900,heuristic,2543.5087,0.66,,,,,0.66,3,HEURISTIC,,
10,3,0,900,rings,5040.7159,1800.69,0.6442,5314.2541,234.79,,0.66,10,SUBOPTIMAL,223638,592169
10,3,0,900,rings_ws,2530.8791,1800.35,0.2913,2543.5087,0.86,2543.5087,0.66,3,SUBOPTIMAL,223638,592169
10,3,0,1500,heuristic,2421.2646,0.78,,,,,0.78,2,HEURISTIC,,
10,3,0,1500,rings,4940.5897,1800.76,0.6370,10028.0591,83.54,,0.78,10,SUBOPTIMAL,223638,592169
10,3,0,1500,rings_ws,2418.0056,1800.76,0.2582,2421.2646,0.82,2421.2646,0.78,2,SUBOPTIMAL,223638,592169
10,3,0,2400,heuristic,2268.8062,0.95,,,,,0.95,1,HEURISTIC,,
10,3,0,2400,rings,4750.1513,1800.90,0.6224,12095.2271,87.54,,0.95,10,SUBOPTIMAL,223638,592169
10,3,0,2400,rings_ws,2265.1080,1800.62,0.2081,2268.8062,0.70,2268.8062,0.95,1,SUBOPTIMAL,223638,592169
10,3,1,300,heuristic,2687.4406,0.54,,,,,0.54,7,HEURISTIC,,
10,3,1,300,rings,,1800.08,,,,,0.54,,INFEASIBLE,160854,425297
10,3,1,300,rings_ws,2683.9661,1800.41,0.5175,2687.4406,0.68,2687.4406,0.54,7,SUBOPTIMAL,160854,425297
10,3,1,450,heuristic,2246.4716,0.80,,,,,0.80,5,HEURISTIC,,
10,3,1,450,rings,3150.1013,1801.08,0.5936,3411.1146,937.40,,0.80,7,SUBOPTIMAL,160854,425297
10,3,1,450,rings_ws,2244.7859,1800.36,0.4297,2246.4716,0.57,2246.4716,0.80,5,SUBOPTIMAL,160854,425297
10,3,1,600,heuristic,2238.2328,0.72,,,,,0.72,4,HEURISTIC,,
10,3,1,600,rings,4025.7728,1800.61,0.6820,7547.0569,59.52,,0.72,10,SUBOPTIMAL,160854,425297
10,3,1,600,rings_ws,2236.3183,1800.31,0.4276,2238.2328,0.62,2238.2328,0.72,4,SUBOPTIMAL,160854,425297
10,3,1,900,heuristic,1997.5341,0.52,,,,,0.52,3,HEURISTIC,,
10,3,1,900,rings,4217.2087,1800.55,0.6965,8730.5319,55.13,,0.52,10,SUBOPTIMAL,160854,425297
10,3,1,900,rings_ws,1990.6376,1800.41,0.3569,1997.5341,0.45,1997.5341,0.52,3,SUBOPTIMAL,160854,425297
10,3,1,1500,heuristic,1866.9406,0.95,,,,,0.95,2,HEURISTIC,,
10,3,1,1500,rings,4313.2634,1800.59,0.7032,9970.0681,41.56,,0.95,10,SUBOPTIMAL,160854,425297
10,3,1,1500,rings_ws,1864.7542,1800.37,0.3135,1866.9406,0.60,1866.9406,0.95,2,SUBOPTIMAL,160854,425297
10,3,1,2400,heuristic,1792.4788,0.76,,,,,0.76,1,HEURISTIC,,
10,3,1,2400,rings,3574.4438,1800.54,0.6412,10279.8128,50.92,,0.76,6,SUBOPTIMAL,160854,425297
10,3,1,2400,rings_ws,1782.0878,1800.30,0.2817,1792.4788,0.51,1792.4788,0.76,1,SUBOPTIMAL,160854,425297
10,3,2,300,heuristic,5474.3781,1.42,,,,,1.42,12,HEURISTIC,,
10,3,2,300,rings,,1800.32,,,,,1.42,,INFEASIBLE,271254,718777
10,3,2,300,rings_ws,,1800.34,,,,5474.3781,1.42,,INFEASIBLE,271254,718777
10,3,2,450,heuristic,4133.9020,0.63,,,,,0.63,7,HEURISTIC,,
10,3,2,450,rings,,1800.26,,,,,0.63,,INFEASIBLE,271254,718777
10,3,2,450,rings_ws,,1800.37,,,,4133.9020,0.63,,INFEASIBLE,271254,718777
10,3,2,600,heuristic,3729.4210,0.86,,,,,0.86,5,HEURISTIC,,
10,3,2,600,rings,,1800.08,,,,,0.86,,INFEASIBLE,271254,718777
10,3,2,600,rings_ws,,1800.18,,,,3729.4210,0.86,,INFEASIBLE,271254,718777
10,3,2,900,heuristic,3261.2685,0.75,,,,,0.75,3,HEURISTIC,,
10,3,2,900,rings,,1800.16,,,,,0.75,,INFEASIBLE,271254,718777
10,3,2,900,rings_ws,3252.8900,1800.41,0.4237,3261.2685,1.12,3261.2685,0.75,3,SUBOPTIMAL,271254,718777
10,3,2,1500,heuristic,2856.0970,0.98,,,,,0.98,2,HEURISTIC,,
10,3,2,1500,rings,7172.7131,1800.73,0.7387,11600.9296,120.84,,0.98,9,SUBOPTIMAL,271254,718777
10,3,2,1500,rings_ws,2849.1133,1800.45,0.3421,2856.0970,0.95,2856.0970,0.98,2,SUBOPTIMAL,271254,718777
10,3,2,2400,heuristic,2689.3826,1.21,,,,,1.21,2,HEURISTIC,,
10,3,2,2400,rings,6936.5860,1801.11,0.7298,13858.7560,83.30,,1.21,9,SUBOPTIMAL,271254,718777
10,3,2,2400,rings_ws,2682.2597,1800.94,0.3011,2689.3826,0.93,2689.3826,1.21,2,SUBOPTIMAL,271254,718777
10,3,3,300,heuristic,3504.9302,1.16,,,,,1.16,9,HEURISTIC,,
10,3,3,300,rings,,1800.09,,,,,1.16,,INFEASIBLE,258918,685973
10,3,3,300,rings_ws,,1800.47,,,,3504.9302,1.16,,INFEASIBLE,258918,685973
10,3,3,450,heuristic,3035.7351,0.66,,,,,0.66,6,HEURISTIC,,
10,3,3,450,rings,,1800.20,,,,,0.66,,INFEASIBLE,258918,685973
10,3,3,450,rings_ws,,1800.19,,,,3035.7351,0.66,,INFEASIBLE,258918,685973
10,3,3,600,heuristic,2901.9845,0.65,,,,,0.65,5,HEURISTIC,,
10,3,3,600,rings,,1800.06,,,,,0.65,,INFEASIBLE,258918,685973
10,3,3,600,rings_ws,2896.8110,1800.59,0.4140,2901.9845,1.09,2901.9845,0.65,5,SUBOPTIMAL,258918,685973
10,3,3,900,heuristic,2603.6280,0.77,,,,,0.77,3,HEURISTIC,,
10,3,3,900,rings,5579.8489,1800.49,0.6958,8546.6660,885.28,,0.77,10,SUBOPTIMAL,258918,685973
10,3,3,900,rings_ws,2589.6082,1800.73,0.3445,2603.6280,1.00,2603.6280,0.77,3,SUBOPTIMAL,258918,685973
10,3,3,1500,heuristic,2550.6303,0.91,,,,,0.91,2,HEURISTIC,,
10,3,3,1500,rings,5691.8379,1800.76,0.7018,10982.7094,126.56,,0.91,10,SUBOPTIMAL,258918,685973
10,3,3,1500,rings_ws,2548.2406,1800.49,0.3339,2550.6303,0.84,2550.6303,0.91,2,SUBOPTIMAL,258918,685973
10,3,3,2400,heuristic,2336.3250,1.49,,,,,1.49,1,HEURISTIC,,
10,3,3,2400,rings,5250.6355,1800.68,0.6767,10471.9527,85.59,,1.49,8,SUBOPTIMAL,258918,685973
10,3,3,2400,rings_ws,2333.0021,1800.57,0.2724,2336.3250,1.02,2336.3250,1.49,1,SUBOPTIMAL,258918,685973
10,3,4,300,heuristic,3377.9777,0.43,,,,,0.43,8,HEURISTIC,,
10,3,4,300,rings,,1800.08,,,,,0.43,,INFEASIBLE,170598,451189
10,3,4,300,rings_ws,3371.5160,1800.43,0.6257,3377.9777,0.48,3377.9777,0.43,8,SUBOPTIMAL,170598,451189
10,3,4,450,heuristic,2883.9482,0.64,,,,,0.64,5,HEURISTIC,,
10,3,4,450,rings,,1800.10,,,,,0.64,,INFEASIBLE,170598,451189
10,3,4,450,rings_ws,2843.9793,1800.43,0.5563,2883.9482,0.49,2883.9482,0.64,5,SUBOPTIMAL,170598,451189
10,3,4,600,heuristic,2585.0596,0.61,,,,,0.61,4,HEURISTIC,,
10,3,4,600,rings,5391.5429,1800.41,0.7660,8142.5456,356.06,,0.61,10,SUBOPTIMAL,170598,451189
10,3,4,600,rings_ws,2582.0698,1800.40,0.5113,2585.0596,0.65,2585.0596,0.61,4,SUBOPTIMAL,170598,451189
10,3,4,900,heuristic,2382.6454,0.72,,,,,0.72,3,HEURISTIC,,
10,3,4,900,rings,4672.9008,1800.71,0.7300,6631.6324,313.57,,0.72,8,SUBOPTIMAL,170598,451189
10,3,4,900,rings_ws,2314.8251,1800.44,0.4549,2382.6454,0.72,2382.6454,0.72,3,SUBOPTIMAL,170598,451189
10,3,4,1500,heuristic,2187.3057,0.78,,,,,0.78,2,HEURISTIC,,
10,3,4,1500,rings,3921.0819,1800.64,0.6781,10267.5961,50.89,,0.78,4,SUBOPTIMAL,170598,451189
10,3,4,1500,rings_ws,2127.7326,1800.48,0.4069,2187.3057,0.62,2187.3057,0.78,2,SUBOPTIMAL,170598,451189
10,3,4,2400,heuristic,1951.4914,0.90,,,,,0.90,1,HEURISTIC,,
10,3,4,2400,rings,5023.4535,1800.41,0.7488,10700.4569,60.17,,0.90,10,SUBOPTIMAL,170598,451189
10,3,4,2400,rings_ws,1828.5467,1800.78,0.3091,1951.4914,0.55,1951.4914,0.90,1,SUBOPTIMAL,170598,451189
