2026-07-20 18:38:40,209 [INFO] ============================================================
2026-07-20 18:38:40,209 [INFO] PHASE 0: Calibrating global minimum endurance (no Gurobi)
2026-07-20 18:38:40,209 [INFO] ============================================================
2026-07-20 18:38:40,214 [INFO]   r01_h1  E_min =     149.34
2026-07-20 18:38:40,220 [INFO]   r01_h2  E_min =      94.24
2026-07-20 18:38:40,228 [INFO]   r01_h3  E_min =      72.45
2026-07-20 18:38:41,656 [INFO]   r02_h1  E_min =     154.45
2026-07-20 18:38:42,992 [INFO]   r02_h2  E_min =      99.35
2026-07-20 18:38:44,335 [INFO]   r02_h3  E_min =      77.55
2026-07-20 18:38:45,362 [INFO]   r03_h1  E_min =     154.10
2026-07-20 18:38:46,382 [INFO]   r03_h2  E_min =      99.00
2026-07-20 18:38:47,452 [INFO]   r03_h3  E_min =      80.42
2026-07-20 18:38:48,318 [INFO]   r05_h1  E_min =     182.30
2026-07-20 18:38:49,210 [INFO]   r05_h2  E_min =     127.39
2026-07-20 18:38:50,115 [INFO]   r05_h3  E_min =     108.25
2026-07-20 18:38:50,728 [INFO]   r08_h1  E_min =     206.81
2026-07-20 18:38:51,353 [INFO]   r08_h2  E_min =     169.08
2026-07-20 18:38:52,008 [INFO]   r08_h3  E_min =     147.71
2026-07-20 18:38:53,845 [INFO]   r10_h1  E_min =     245.93
2026-07-20 18:38:55,695 [INFO]   r10_h2  E_min =     208.19
2026-07-20 18:38:57,580 [INFO]   r10_h3  E_min =     186.82
2026-07-20 18:38:57,581 [INFO] ------------------------------------------------------------
2026-07-20 18:38:57,581 [INFO] Global E_min (raw)     = 245.93
2026-07-20 18:38:57,581 [INFO] Global E_min (rounded) = 300
2026-07-20 18:38:57,581 [INFO] Endurance levels       = [300, 450, 600, 900, 1500, 2400]
2026-07-20 18:38:57,581 [INFO] Saved compare_results/endurance_levels.json
2026-07-20 18:38:57,603 [INFO] [1/1620] r1 h1 s0 e300  heuristic
2026-07-20 18:38:57,603 [INFO] [2/1620] r1 h1 s0 e300  rings
2026-07-20 18:38:57,611 [INFO] Set parameter Username
2026-07-20 18:38:57,612 [INFO] Academic license - for non-commercial use only - expires 2026-09-24
2026-07-20 18:38:57,672 [INFO] [3/1620] r1 h1 s0 e300  rings_ws
2026-07-20 18:38:57,759 [INFO] [4/1620] r1 h1 s0 e450  heuristic
2026-07-20 18:38:57,759 [INFO] [5/1620] r1 h1 s0 e450  rings
2026-07-20 18:38:57,819 [INFO] [6/1620] r1 h1 s0 e450  rings_ws
2026-07-20 18:38:57,876 [INFO] [7/1620] r1 h1 s0 e600  heuristic
2026-07-20 18:38:57,877 [INFO] [8/1620] r1 h1 s0 e600  rings
2026-07-20 18:38:57,935 [INFO] [9/1620] r1 h1 s0 e600  rings_ws
2026-07-20 18:38:57,993 [INFO] [10/1620] r1 h1 s0 e900  heuristic
2026-07-20 18:38:57,993 [INFO] [11/1620] r1 h1 s0 e900  rings
2026-07-20 18:38:58,054 [INFO] [12/1620] r1 h1 s0 e900  rings_ws
2026-07-20 18:38:58,112 [INFO] [13/1620] r1 h1 s0 e1500  heuristic
2026-07-20 18:38:58,112 [INFO] [14/1620] r1 h1 s0 e1500  rings
2026-07-20 18:38:58,181 [INFO] [15/1620] r1 h1 s0 e1500  rings_ws
2026-07-20 18:38:58,236 [INFO] [16/1620] r1 h1 s0 e2400  heuristic
2026-07-20 18:38:58,237 [INFO] [17/1620] r1 h1 s0 e2400  rings
2026-07-20 18:38:58,295 [INFO] [18/1620] r1 h1 s0 e2400  rings_ws
2026-07-20 18:38:58,350 [INFO] [19/1620] r1 h1 s1 e300  heuristic
2026-07-20 18:38:58,351 [INFO] [20/1620] r1 h1 s1 e300  rings
2026-07-20 18:38:58,407 [INFO] [21/1620] r1 h1 s1 e300  rings_ws
2026-07-20 18:38:58,445 [INFO] [22/1620] r1 h1 s1 e450  heuristic
2026-07-20 18:38:58,445 [INFO] [23/1620] r1 h1 s1 e450  rings
2026-07-20 18:38:58,517 [INFO] [24/1620] r1 h1 s1 e450  rings_ws
2026-07-20 18:38:58,553 [INFO] [25/1620] r1 h1 s1 e600  heuristic
2026-07-20 18:38:58,553 [INFO] [26/1620] r1 h1 s1 e600  rings
2026-07-20 18:38:58,624 [INFO] [27/1620] r1 h1 s1 e600  rings_ws
2026-07-20 18:38:58,660 [INFO] [28/1620] r1 h1 s1 e900  heuristic
2026-07-20 18:38:58,661 [INFO] [29/1620] r1 h1 s1 e900  rings
2026-07-20 18:38:58,733 [INFO] [30/1620] r1 h1 s1 e900  rings_ws
2026-07-20 18:38:58,769 [INFO] [31/1620] r1 h1 s1 e1500  heuristic
2026-07-20 18:38:58,769 [INFO] [32/1620] r1 h1 s1 e1500  rings
2026-07-20 18:38:58,840 [INFO] [33/1620] r1 h1 s1 e1500  rings_ws
2026-07-20 18:38:58,876 [INFO] [34/1620] r1 h1 s1 e2400  heuristic
2026-07-20 18:38:58,876 [INFO] [35/1620] r1 h1 s1 e2400  rings
2026-07-20 18:38:58,951 [INFO] [36/1620] r1 h1 s1 e2400  rings_ws
2026-07-20 18:38:58,989 [INFO] [37/1620] r1 h1 s2 e300  heuristic
2026-07-20 18:38:58,990 [INFO] [38/1620] r1 h1 s2 e300  rings
2026-07-20 18:38:59,011 [INFO] [39/1620] r1 h1 s2 e300  rings_ws
2026-07-20 18:38:59,058 [INFO] [40/1620] r1 h1 s2 e450  heuristic
2026-07-20 18:38:59,059 [INFO] [41/1620] r1 h1 s2 e450  rings
2026-07-20 18:38:59,079 [INFO] [42/1620] r1 h1 s2 e450  rings_ws
2026-07-20 18:38:59,120 [INFO] [43/1620] r1 h1 s2 e600  heuristic
2026-07-20 18:38:59,120 [INFO] [44/1620] r1 h1 s2 e600  rings
2026-07-20 18:38:59,141 [INFO] [45/1620] r1 h1 s2 e600  rings_ws
2026-07-20 18:38:59,182 [INFO] [46/1620] r1 h1 s2 e900  heuristic
2026-07-20 18:38:59,182 [INFO] [47/1620] r1 h1 s2 e900  rings
2026-07-20 18:38:59,201 [INFO] [48/1620] r1 h1 s2 e900  rings_ws
2026-07-20 18:38:59,242 [INFO] [49/1620] r1 h1 s2 e1500  heuristic
2026-07-20 18:38:59,243 [INFO] [50/1620] r1 h1 s2 e1500  rings
2026-07-20 18:38:59,262 [INFO] [51/1620] r1 h1 s2 e1500  rings_ws
2026-07-20 18:38:59,305 [INFO] [52/1620] r1 h1 s2 e2400  heuristic
2026-07-20 18:38:59,306 [INFO] [53/1620] r1 h1 s2 e2400  rings
2026-07-20 18:38:59,326 [INFO] [54/1620] r1 h1 s2 e2400  rings_ws
2026-07-20 18:38:59,378 [INFO] [55/1620] r1 h1 s3 e300  heuristic
2026-07-20 18:38:59,378 [INFO] [56/1620] r1 h1 s3 e300  rings
2026-07-20 18:38:59,553 [INFO] [57/1620] r1 h1 s3 e300  rings_ws
2026-07-20 18:38:59,660 [INFO] [58/1620] r1 h1 s3 e450  heuristic
2026-07-20 18:38:59,660 [INFO] [59/1620] r1 h1 s3 e450  rings
2026-07-20 18:38:59,805 [INFO] [60/1620] r1 h1 s3 e450  rings_ws
2026-07-20 18:38:59,885 [INFO] [61/1620] r1 h1 s3 e600  heuristic
2026-07-20 18:38:59,886 [INFO] [62/1620] r1 h1 s3 e600  rings
2026-07-20 18:39:00,045 [INFO] [63/1620] r1 h1 s3 e600  rings_ws
2026-07-20 18:39:00,129 [INFO] [64/1620] r1 h1 s3 e900  heuristic
2026-07-20 18:39:00,129 [INFO] [65/1620] r1 h1 s3 e900  rings
2026-07-20 18:39:00,344 [INFO] [66/1620] r1 h1 s3 e900  rings_ws
2026-07-20 18:39:00,440 [INFO] [67/1620] r1 h1 s3 e1500  heuristic
2026-07-20 18:39:00,441 [INFO] [68/1620] r1 h1 s3 e1500  rings
2026-07-20 18:39:00,519 [INFO] [69/1620] r1 h1 s3 e1500  rings_ws
2026-07-20 18:39:00,626 [INFO] [70/1620] r1 h1 s3 e2400  heuristic
2026-07-20 18:39:00,626 [INFO] [71/1620] r1 h1 s3 e2400  rings
2026-07-20 18:39:00,718 [INFO] [72/1620] r1 h1 s3 e2400  rings_ws
2026-07-20 18:39:00,817 [INFO] [73/1620] r1 h1 s4 e300  heuristic
2026-07-20 18:39:00,817 [INFO] [74/1620] r1 h1 s4 e300  rings
2026-07-20 18:39:00,863 [INFO] [75/1620] r1 h1 s4 e300  rings_ws
2026-07-20 18:39:00,931 [INFO] [76/1620] r1 h1 s4 e450  heuristic
2026-07-20 18:39:00,932 [INFO] [77/1620] r1 h1 s4 e450  rings
2026-07-20 18:39:00,993 [INFO] [78/1620] r1 h1 s4 e450  rings_ws
2026-07-20 18:39:01,075 [INFO] [79/1620] r1 h1 s4 e600  heuristic
2026-07-20 18:39:01,075 [INFO] [80/1620] r1 h1 s4 e600  rings
2026-07-20 18:39:01,137 [INFO] [81/1620] r1 h1 s4 e600  rings_ws
2026-07-20 18:39:01,218 [INFO] [82/1620] r1 h1 s4 e900  heuristic
2026-07-20 18:39:01,219 [INFO] [83/1620] r1 h1 s4 e900  rings
2026-07-20 18:39:01,279 [INFO] [84/1620] r1 h1 s4 e900  rings_ws
2026-07-20 18:39:01,359 [INFO] [85/1620] r1 h1 s4 e1500  heuristic
2026-07-20 18:39:01,360 [INFO] [86/1620] r1 h1 s4 e1500  rings
2026-07-20 18:39:01,420 [INFO] [87/1620] r1 h1 s4 e1500  rings_ws
2026-07-20 18:39:01,500 [INFO] [88/1620] r1 h1 s4 e2400  heuristic
2026-07-20 18:39:01,501 [INFO] [89/1620] r1 h1 s4 e2400  rings
2026-07-20 18:39:01,561 [INFO] [90/1620] r1 h1 s4 e2400  rings_ws
2026-07-20 18:39:01,653 [INFO] [91/1620] r1 h2 s0 e300  heuristic
2026-07-20 18:39:01,654 [INFO] [92/1620] r1 h2 s0 e300  rings
2026-07-20 18:39:01,801 [INFO] [93/1620] r1 h2 s0 e300  rings_ws
2026-07-20 18:39:01,935 [INFO] [94/1620] r1 h2 s0 e450  heuristic
2026-07-20 18:39:01,935 [INFO] [95/1620] r1 h2 s0 e450  rings
2026-07-20 18:39:02,083 [INFO] [96/1620] r1 h2 s0 e450  rings_ws
2026-07-20 18:39:02,203 [INFO] [97/1620] r1 h2 s0 e600  heuristic
2026-07-20 18:39:02,203 [INFO] [98/1620] r1 h2 s0 e600  rings
2026-07-20 18:39:02,338 [INFO] [99/1620] r1 h2 s0 e600  rings_ws
2026-07-20 18:39:02,473 [INFO] [100/1620] r1 h2 s0 e900  heuristic
2026-07-20 18:39:02,473 [INFO] [101/1620] r1 h2 s0 e900  rings
2026-07-20 18:39:02,621 [INFO] [102/1620] r1 h2 s0 e900  rings_ws
2026-07-20 18:39:02,745 [INFO] [103/1620] r1 h2 s0 e1500  heuristic
2026-07-20 18:39:02,746 [INFO] [104/1620] r1 h2 s0 e1500  rings
2026-07-20 18:39:02,848 [INFO] [105/1620] r1 h2 s0 e1500  rings_ws
2026-07-20 18:39:02,967 [INFO] [106/1620] r1 h2 s0 e2400  heuristic
2026-07-20 18:39:02,967 [INFO] [107/1620] r1 h2 s0 e2400  rings
2026-07-20 18:39:03,072 [INFO] [108/1620] r1 h2 s0 e2400  rings_ws
2026-07-20 18:39:03,182 [INFO] [109/1620] r1 h2 s1 e300  heuristic
2026-07-20 18:39:03,182 [INFO] [110/1620] r1 h2 s1 e300  rings
2026-07-20 18:39:03,257 [INFO] [111/1620] r1 h2 s1 e300  rings_ws
2026-07-20 18:39:03,358 [INFO] [112/1620] r1 h2 s1 e450  heuristic
2026-07-20 18:39:03,359 [INFO] [113/1620] r1 h2 s1 e450  rings
2026-07-20 18:39:03,436 [INFO] [114/1620] r1 h2 s1 e450  rings_ws
2026-07-20 18:39:03,545 [INFO] [115/1620] r1 h2 s1 e600  heuristic
2026-07-20 18:39:03,545 [INFO] [116/1620] r1 h2 s1 e600  rings
2026-07-20 18:39:03,621 [INFO] [117/1620] r1 h2 s1 e600  rings_ws
2026-07-20 18:39:03,731 [INFO] [118/1620] r1 h2 s1 e900  heuristic
2026-07-20 18:39:03,731 [INFO] [119/1620] r1 h2 s1 e900  rings
2026-07-20 18:39:03,807 [INFO] [120/1620] r1 h2 s1 e900  rings_ws
2026-07-20 18:39:03,916 [INFO] [121/1620] r1 h2 s1 e1500  heuristic
2026-07-20 18:39:03,916 [INFO] [122/1620] r1 h2 s1 e1500  rings
2026-07-20 18:39:03,992 [INFO] [123/1620] r1 h2 s1 e1500  rings_ws
2026-07-20 18:39:04,101 [INFO] [124/1620] r1 h2 s1 e2400  heuristic
2026-07-20 18:39:04,101 [INFO] [125/1620] r1 h2 s1 e2400  rings
2026-07-20 18:39:04,178 [INFO] [126/1620] r1 h2 s1 e2400  rings_ws
2026-07-20 18:39:04,298 [INFO] [127/1620] r1 h2 s2 e300  heuristic
2026-07-20 18:39:04,298 [INFO] [128/1620] r1 h2 s2 e300  rings
2026-07-20 18:39:04,349 [INFO] [129/1620] r1 h2 s2 e300  rings_ws
2026-07-20 18:39:04,414 [INFO] [130/1620] r1 h2 s2 e450  heuristic
2026-07-20 18:39:04,415 [INFO] [131/1620] r1 h2 s2 e450  rings
2026-07-20 18:39:04,465 [INFO] [132/1620] r1 h2 s2 e450  rings_ws
2026-07-20 18:39:04,530 [INFO] [133/1620] r1 h2 s2 e600  heuristic
2026-07-20 18:39:04,530 [INFO] [134/1620] r1 h2 s2 e600  rings
2026-07-20 18:39:04,606 [INFO] [135/1620] r1 h2 s2 e600  rings_ws
2026-07-20 18:39:04,672 [INFO] [136/1620] r1 h2 s2 e900  heuristic
2026-07-20 18:39:04,672 [INFO] [137/1620] r1 h2 s2 e900  rings
2026-07-20 18:39:04,745 [INFO] [138/1620] r1 h2 s2 e900  rings_ws
2026-07-20 18:39:04,810 [INFO] [139/1620] r1 h2 s2 e1500  heuristic
2026-07-20 18:39:04,811 [INFO] [140/1620] r1 h2 s2 e1500  rings
2026-07-20 18:39:04,869 [INFO] [141/1620] r1 h2 s2 e1500  rings_ws
2026-07-20 18:39:04,928 [INFO] [142/1620] r1 h2 s2 e2400  heuristic
2026-07-20 18:39:04,928 [INFO] [143/1620] r1 h2 s2 e2400  rings
2026-07-20 18:39:04,988 [INFO] [144/1620] r1 h2 s2 e2400  rings_ws
2026-07-20 18:39:05,058 [INFO] [145/1620] r1 h2 s3 e300  heuristic
2026-07-20 18:39:05,059 [INFO] [146/1620] r1 h2 s3 e300  rings
2026-07-20 18:39:05,286 [INFO] [147/1620] r1 h2 s3 e300  rings_ws
2026-07-20 18:39:05,377 [INFO] [148/1620] r1 h2 s3 e450  heuristic
2026-07-20 18:39:05,378 [INFO] [149/1620] r1 h2 s3 e450  rings
2026-07-20 18:39:05,570 [INFO] [150/1620] r1 h2 s3 e450  rings_ws
2026-07-20 18:39:05,661 [INFO] [151/1620] r1 h2 s3 e600  heuristic
2026-07-20 18:39:05,662 [INFO] [152/1620] r1 h2 s3 e600  rings
2026-07-20 18:39:05,827 [INFO] [153/1620] r1 h2 s3 e600  rings_ws
2026-07-20 18:39:05,918 [INFO] [154/1620] r1 h2 s3 e900  heuristic
2026-07-20 18:39:05,918 [INFO] [155/1620] r1 h2 s3 e900  rings
2026-07-20 18:39:06,084 [INFO] [156/1620] r1 h2 s3 e900  rings_ws
2026-07-20 18:39:06,175 [INFO] [157/1620] r1 h2 s3 e1500  heuristic
2026-07-20 18:39:06,176 [INFO] [158/1620] r1 h2 s3 e1500  rings
2026-07-20 18:39:06,340 [INFO] [159/1620] r1 h2 s3 e1500  rings_ws
2026-07-20 18:39:06,431 [INFO] [160/1620] r1 h2 s3 e2400  heuristic
2026-07-20 18:39:06,432 [INFO] [161/1620] r1 h2 s3 e2400  rings
2026-07-20 18:39:06,564 [INFO] [162/1620] r1 h2 s3 e2400  rings_ws
2026-07-20 18:39:06,644 [INFO] [163/1620] r1 h2 s4 e300  heuristic
2026-07-20 18:39:06,645 [INFO] [164/1620] r1 h2 s4 e300  rings
2026-07-20 18:39:06,754 [INFO] [165/1620] r1 h2 s4 e300  rings_ws
2026-07-20 18:39:06,874 [INFO] [166/1620] r1 h2 s4 e450  heuristic
2026-07-20 18:39:06,875 [INFO] [167/1620] r1 h2 s4 e450  rings
2026-07-20 18:39:06,969 [INFO] [168/1620] r1 h2 s4 e450  rings_ws
2026-07-20 18:39:07,089 [INFO] [169/1620] r1 h2 s4 e600  heuristic
2026-07-20 18:39:07,089 [INFO] [170/1620] r1 h2 s4 e600  rings
2026-07-20 18:39:07,183 [INFO] [171/1620] r1 h2 s4 e600  rings_ws
2026-07-20 18:39:07,302 [INFO] [172/1620] r1 h2 s4 e900  heuristic
2026-07-20 18:39:07,302 [INFO] [173/1620] r1 h2 s4 e900  rings
2026-07-20 18:39:07,382 [INFO] [174/1620] r1 h2 s4 e900  rings_ws
2026-07-20 18:39:07,506 [INFO] [175/1620] r1 h2 s4 e1500  heuristic
2026-07-20 18:39:07,506 [INFO] [176/1620] r1 h2 s4 e1500  rings
2026-07-20 18:39:07,621 [INFO] [177/1620] r1 h2 s4 e1500  rings_ws
2026-07-20 18:39:07,721 [INFO] [178/1620] r1 h2 s4 e2400  heuristic
2026-07-20 18:39:07,722 [INFO] [179/1620] r1 h2 s4 e2400  rings
2026-07-20 18:39:07,836 [INFO] [180/1620] r1 h2 s4 e2400  rings_ws
2026-07-20 18:39:07,946 [INFO] [181/1620] r1 h3 s0 e300  heuristic
2026-07-20 18:39:07,947 [INFO] [182/1620] r1 h3 s0 e300  rings
2026-07-20 18:39:08,110 [INFO] [183/1620] r1 h3 s0 e300  rings_ws
2026-07-20 18:39:08,288 [INFO] [184/1620] r1 h3 s0 e450  heuristic
2026-07-20 18:39:08,288 [INFO] [185/1620] r1 h3 s0 e450  rings
2026-07-20 18:39:08,534 [INFO] [186/1620] r1 h3 s0 e450  rings_ws
2026-07-20 18:39:08,722 [INFO] [187/1620] r1 h3 s0 e600  heuristic
2026-07-20 18:39:08,723 [INFO] [188/1620] r1 h3 s0 e600  rings
2026-07-20 18:39:08,974 [INFO] [189/1620] r1 h3 s0 e600  rings_ws
2026-07-20 18:39:09,163 [INFO] [190/1620] r1 h3 s0 e900  heuristic
2026-07-20 18:39:09,163 [INFO] [191/1620] r1 h3 s0 e900  rings
2026-07-20 18:39:09,428 [INFO] [192/1620] r1 h3 s0 e900  rings_ws
2026-07-20 18:39:09,627 [INFO] [193/1620] r1 h3 s0 e1500  heuristic
2026-07-20 18:39:09,628 [INFO] [194/1620] r1 h3 s0 e1500  rings
2026-07-20 18:39:09,777 [INFO] [195/1620] r1 h3 s0 e1500  rings_ws
2026-07-20 18:39:09,964 [INFO] [196/1620] r1 h3 s0 e2400  heuristic
2026-07-20 18:39:09,965 [INFO] [197/1620] r1 h3 s0 e2400  rings
2026-07-20 18:39:10,125 [INFO] [198/1620] r1 h3 s0 e2400  rings_ws
2026-07-20 18:39:10,286 [INFO] [199/1620] r1 h3 s1 e300  heuristic
2026-07-20 18:39:10,286 [INFO] [200/1620] r1 h3 s1 e300  rings
2026-07-20 18:39:10,402 [INFO] [201/1620] r1 h3 s1 e300  rings_ws
2026-07-20 18:39:10,469 [INFO] [202/1620] r1 h3 s1 e450  heuristic
2026-07-20 18:39:10,469 [INFO] [203/1620] r1 h3 s1 e450  rings
2026-07-20 18:39:10,557 [INFO] [204/1620] r1 h3 s1 e450  rings_ws
2026-07-20 18:39:10,623 [INFO] [205/1620] r1 h3 s1 e600  heuristic
2026-07-20 18:39:10,624 [INFO] [206/1620] r1 h3 s1 e600  rings
2026-07-20 18:39:10,705 [INFO] [207/1620] r1 h3 s1 e600  rings_ws
2026-07-20 18:39:10,772 [INFO] [208/1620] r1 h3 s1 e900  heuristic
2026-07-20 18:39:10,772 [INFO] [209/1620] r1 h3 s1 e900  rings
2026-07-20 18:39:10,898 [INFO] [210/1620] r1 h3 s1 e900  rings_ws
2026-07-20 18:39:10,963 [INFO] [211/1620] r1 h3 s1 e1500  heuristic
2026-07-20 18:39:10,964 [INFO] [212/1620] r1 h3 s1 e1500  rings
2026-07-20 18:39:11,033 [INFO] [213/1620] r1 h3 s1 e1500  rings_ws
2026-07-20 18:39:11,101 [INFO] [214/1620] r1 h3 s1 e2400  heuristic
2026-07-20 18:39:11,102 [INFO] [215/1620] r1 h3 s1 e2400  rings
2026-07-20 18:39:11,171 [INFO] [216/1620] r1 h3 s1 e2400  rings_ws
2026-07-20 18:39:11,257 [INFO] [217/1620] r1 h3 s2 e300  heuristic
2026-07-20 18:39:11,258 [INFO] [218/1620] r1 h3 s2 e300  rings
2026-07-20 18:39:17,007 [INFO] [219/1620] r1 h3 s2 e300  rings_ws
2026-07-20 18:39:23,708 [INFO] [220/1620] r1 h3 s2 e450  heuristic
2026-07-20 18:39:23,709 [INFO] [221/1620] r1 h3 s2 e450  rings
2026-07-20 18:39:26,639 [INFO] [222/1620] r1 h3 s2 e450  rings_ws
2026-07-20 18:39:38,289 [INFO] [223/1620] r1 h3 s2 e600  heuristic
2026-07-20 18:39:38,290 [INFO] [224/1620] r1 h3 s2 e600  rings
2026-07-20 18:39:45,579 [INFO] [225/1620] r1 h3 s2 e600  rings_ws
2026-07-20 18:39:52,883 [INFO] [226/1620] r1 h3 s2 e900  heuristic
2026-07-20 18:39:52,883 [INFO] [227/1620] r1 h3 s2 e900  rings
2026-07-20 18:40:02,886 [INFO] [228/1620] r1 h3 s2 e900  rings_ws
2026-07-20 18:40:10,754 [INFO] [229/1620] r1 h3 s2 e1500  heuristic
2026-07-20 18:40:10,755 [INFO] [230/1620] r1 h3 s2 e1500  rings
2026-07-20 18:40:13,890 [INFO] [231/1620] r1 h3 s2 e1500  rings_ws
2026-07-20 18:40:16,032 [INFO] [232/1620] r1 h3 s2 e2400  heuristic
2026-07-20 18:40:16,033 [INFO] [233/1620] r1 h3 s2 e2400  rings
2026-07-20 18:40:20,979 [INFO] [234/1620] r1 h3 s2 e2400  rings_ws
2026-07-20 18:40:31,297 [INFO] [235/1620] r1 h3 s3 e300  heuristic
2026-07-20 18:40:31,298 [INFO] [236/1620] r1 h3 s3 e300  rings
2026-07-20 18:40:31,370 [INFO] [237/1620] r1 h3 s3 e300  rings_ws
2026-07-20 18:40:31,492 [INFO] [238/1620] r1 h3 s3 e450  heuristic
2026-07-20 18:40:31,493 [INFO] [239/1620] r1 h3 s3 e450  rings
2026-07-20 18:40:31,785 [INFO] [240/1620] r1 h3 s3 e450  rings_ws
2026-07-20 18:40:31,949 [INFO] [241/1620] r1 h3 s3 e600  heuristic
2026-07-20 18:40:31,950 [INFO] [242/1620] r1 h3 s3 e600  rings
2026-07-20 18:40:32,096 [INFO] [243/1620] r1 h3 s3 e600  rings_ws
2026-07-20 18:40:32,260 [INFO] [244/1620] r1 h3 s3 e900  heuristic
2026-07-20 18:40:32,261 [INFO] [245/1620] r1 h3 s3 e900  rings
2026-07-20 18:40:32,420 [INFO] [246/1620] r1 h3 s3 e900  rings_ws
2026-07-20 18:40:32,582 [INFO] [247/1620] r1 h3 s3 e1500  heuristic
2026-07-20 18:40:32,583 [INFO] [248/1620] r1 h3 s3 e1500  rings
2026-07-20 18:40:32,774 [INFO] [249/1620] r1 h3 s3 e1500  rings_ws
2026-07-20 18:40:32,936 [INFO] [250/1620] r1 h3 s3 e2400  heuristic
2026-07-20 18:40:32,937 [INFO] [251/1620] r1 h3 s3 e2400  rings
2026-07-20 18:40:33,081 [INFO] [252/1620] r1 h3 s3 e2400  rings_ws
2026-07-20 18:40:33,234 [INFO] [253/1620] r1 h3 s4 e300  heuristic
2026-07-20 18:40:33,234 [INFO] [254/1620] r1 h3 s4 e300  rings
2026-07-20 18:40:34,844 [INFO] [255/1620] r1 h3 s4 e300  rings_ws
2026-07-20 18:40:35,831 [INFO] [256/1620] r1 h3 s4 e450  heuristic
2026-07-20 18:40:35,832 [INFO] [257/1620] r1 h3 s4 e450  rings
2026-07-20 18:40:37,247 [INFO] [258/1620] r1 h3 s4 e450  rings_ws
2026-07-20 18:40:39,592 [INFO] [259/1620] r1 h3 s4 e600  heuristic
2026-07-20 18:40:39,593 [INFO] [260/1620] r1 h3 s4 e600  rings
2026-07-20 18:40:41,461 [INFO] [261/1620] r1 h3 s4 e600  rings_ws
2026-07-20 18:40:43,117 [INFO] [262/1620] r1 h3 s4 e900  heuristic
2026-07-20 18:40:43,117 [INFO] [263/1620] r1 h3 s4 e900  rings
2026-07-20 18:40:44,644 [INFO] [264/1620] r1 h3 s4 e900  rings_ws
2026-07-20 18:40:45,981 [INFO] [265/1620] r1 h3 s4 e1500  heuristic
2026-07-20 18:40:45,982 [INFO] [266/1620] r1 h3 s4 e1500  rings
2026-07-20 18:40:46,814 [INFO] [267/1620] r1 h3 s4 e1500  rings_ws
2026-07-20 18:40:48,628 [INFO] [268/1620] r1 h3 s4 e2400  heuristic
2026-07-20 18:40:48,628 [INFO] [269/1620] r1 h3 s4 e2400  rings
2026-07-20 18:40:49,961 [INFO] [270/1620] r1 h3 s4 e2400  rings_ws
2026-07-20 18:40:51,786 [INFO] [271/1620] r2 h1 s0 e300  heuristic
2026-07-20 18:40:51,786 [INFO] [272/1620] r2 h1 s0 e300  rings
2026-07-20 18:40:51,998 [INFO] [273/1620] r2 h1 s0 e300  rings_ws
2026-07-20 18:40:52,278 [INFO] [274/1620] r2 h1 s0 e450  heuristic
2026-07-20 18:40:52,278 [INFO] [275/1620] r2 h1 s0 e450  rings
2026-07-20 18:40:52,470 [INFO] [276/1620] r2 h1 s0 e450  rings_ws
2026-07-20 18:40:52,780 [INFO] [277/1620] r2 h1 s0 e600  heuristic
2026-07-20 18:40:52,781 [INFO] [278/1620] r2 h1 s0 e600  rings
2026-07-20 18:40:52,991 [INFO] [279/1620] r2 h1 s0 e600  rings_ws
2026-07-20 18:40:53,390 [INFO] [280/1620] r2 h1 s0 e900  heuristic
2026-07-20 18:40:53,391 [INFO] [281/1620] r2 h1 s0 e900  rings
2026-07-20 18:40:53,614 [INFO] [282/1620] r2 h1 s0 e900  rings_ws
2026-07-20 18:40:54,124 [INFO] [283/1620] r2 h1 s0 e1500  heuristic
2026-07-20 18:40:54,124 [INFO] [284/1620] r2 h1 s0 e1500  rings
2026-07-20 18:40:54,307 [INFO] [285/1620] r2 h1 s0 e1500  rings_ws
2026-07-20 18:40:54,553 [INFO] [286/1620] r2 h1 s0 e2400  heuristic
2026-07-20 18:40:54,554 [INFO] [287/1620] r2 h1 s0 e2400  rings
2026-07-20 18:40:54,754 [INFO] [288/1620] r2 h1 s0 e2400  rings_ws
2026-07-20 18:40:55,019 [INFO] [289/1620] r2 h1 s1 e300  heuristic
2026-07-20 18:40:55,020 [INFO] [290/1620] r2 h1 s1 e300  rings
2026-07-20 18:40:55,312 [INFO] [291/1620] r2 h1 s1 e300  rings_ws
2026-07-20 18:40:55,574 [INFO] [292/1620] r2 h1 s1 e450  heuristic
2026-07-20 18:40:55,575 [INFO] [293/1620] r2 h1 s1 e450  rings
2026-07-20 18:40:55,789 [INFO] [294/1620] r2 h1 s1 e450  rings_ws
2026-07-20 18:40:56,036 [INFO] [295/1620] r2 h1 s1 e600  heuristic
2026-07-20 18:40:56,037 [INFO] [296/1620] r2 h1 s1 e600  rings
2026-07-20 18:40:56,258 [INFO] [297/1620] r2 h1 s1 e600  rings_ws
2026-07-20 18:40:56,493 [INFO] [298/1620] r2 h1 s1 e900  heuristic
2026-07-20 18:40:56,494 [INFO] [299/1620] r2 h1 s1 e900  rings
2026-07-20 18:40:56,770 [INFO] [300/1620] r2 h1 s1 e900  rings_ws
2026-07-20 18:40:57,033 [INFO] [301/1620] r2 h1 s1 e1500  heuristic
2026-07-20 18:40:57,034 [INFO] [302/1620] r2 h1 s1 e1500  rings
2026-07-20 18:40:57,218 [INFO] [303/1620] r2 h1 s1 e1500  rings_ws
2026-07-20 18:40:57,539 [INFO] [304/1620] r2 h1 s1 e2400  heuristic
2026-07-20 18:40:57,539 [INFO] [305/1620] r2 h1 s1 e2400  rings
2026-07-20 18:40:57,823 [INFO] [306/1620] r2 h1 s1 e2400  rings_ws
2026-07-20 18:40:58,553 [INFO] [307/1620] r2 h1 s2 e300  heuristic
2026-07-20 18:40:58,553 [INFO] [308/1620] r2 h1 s2 e300  rings
2026-07-20 18:40:58,719 [INFO] [309/1620] r2 h1 s2 e300  rings_ws
2026-07-20 18:40:58,956 [INFO] [310/1620] r2 h1 s2 e450  heuristic
2026-07-20 18:40:58,957 [INFO] [311/1620] r2 h1 s2 e450  rings
2026-07-20 18:40:59,107 [INFO] [312/1620] r2 h1 s2 e450  rings_ws
2026-07-20 18:40:59,378 [INFO] [313/1620] r2 h1 s2 e600  heuristic
2026-07-20 18:40:59,379 [INFO] [314/1620] r2 h1 s2 e600  rings
2026-07-20 18:40:59,570 [INFO] [315/1620] r2 h1 s2 e600  rings_ws
2026-07-20 18:40:59,821 [INFO] [316/1620] r2 h1 s2 e900  heuristic
2026-07-20 18:40:59,821 [INFO] [317/1620] r2 h1 s2 e900  rings
2026-07-20 18:40:59,992 [INFO] [318/1620] r2 h1 s2 e900  rings_ws
2026-07-20 18:41:00,280 [INFO] [319/1620] r2 h1 s2 e1500  heuristic
2026-07-20 18:41:00,280 [INFO] [320/1620] r2 h1 s2 e1500  rings
2026-07-20 18:41:00,547 [INFO] [321/1620] r2 h1 s2 e1500  rings_ws
2026-07-20 18:41:00,847 [INFO] [322/1620] r2 h1 s2 e2400  heuristic
2026-07-20 18:41:00,848 [INFO] [323/1620] r2 h1 s2 e2400  rings
2026-07-20 18:41:00,980 [INFO] [324/1620] r2 h1 s2 e2400  rings_ws
2026-07-20 18:41:01,636 [INFO] [325/1620] r2 h1 s3 e300  heuristic
2026-07-20 18:41:01,637 [INFO] [326/1620] r2 h1 s3 e300  rings
2026-07-20 18:41:04,768 [INFO] [327/1620] r2 h1 s3 e300  rings_ws
2026-07-20 18:41:07,801 [INFO] [328/1620] r2 h1 s3 e450  heuristic
2026-07-20 18:41:07,801 [INFO] [329/1620] r2 h1 s3 e450  rings
2026-07-20 18:41:10,388 [INFO] [330/1620] r2 h1 s3 e450  rings_ws
2026-07-20 18:41:12,256 [INFO] [331/1620] r2 h1 s3 e600  heuristic
2026-07-20 18:41:12,256 [INFO] [332/1620] r2 h1 s3 e600  rings
2026-07-20 18:41:15,290 [INFO] [333/1620] r2 h1 s3 e600  rings_ws
2026-07-20 18:41:18,562 [INFO] [334/1620] r2 h1 s3 e900  heuristic
2026-07-20 18:41:18,562 [INFO] [335/1620] r2 h1 s3 e900  rings
2026-07-20 18:41:22,729 [INFO] [336/1620] r2 h1 s3 e900  rings_ws
2026-07-20 18:41:26,993 [INFO] [337/1620] r2 h1 s3 e1500  heuristic
2026-07-20 18:41:26,993 [INFO] [338/1620] r2 h1 s3 e1500  rings
2026-07-20 18:41:30,328 [INFO] [339/1620] r2 h1 s3 e1500  rings_ws
2026-07-20 18:41:34,336 [INFO] [340/1620] r2 h1 s3 e2400  heuristic
2026-07-20 18:41:34,337 [INFO] [341/1620] r2 h1 s3 e2400  rings
2026-07-20 18:41:38,180 [INFO] [342/1620] r2 h1 s3 e2400  rings_ws
2026-07-20 18:41:42,478 [INFO] [343/1620] r2 h1 s4 e300  heuristic
2026-07-20 18:41:42,479 [INFO] [344/1620] r2 h1 s4 e300  rings
2026-07-20 18:41:42,822 [INFO] [345/1620] r2 h1 s4 e300  rings_ws
2026-07-20 18:41:43,257 [INFO] [346/1620] r2 h1 s4 e450  heuristic
2026-07-20 18:41:43,257 [INFO] [347/1620] r2 h1 s4 e450  rings
2026-07-20 18:41:43,601 [INFO] [348/1620] r2 h1 s4 e450  rings_ws
2026-07-20 18:41:43,986 [INFO] [349/1620] r2 h1 s4 e600  heuristic
2026-07-20 18:41:43,986 [INFO] [350/1620] r2 h1 s4 e600  rings
2026-07-20 18:41:44,269 [INFO] [351/1620] r2 h1 s4 e600  rings_ws
2026-07-20 18:41:44,656 [INFO] [352/1620] r2 h1 s4 e900  heuristic
2026-07-20 18:41:44,656 [INFO] [353/1620] r2 h1 s4 e900  rings
2026-07-20 18:41:45,018 [INFO] [354/1620] r2 h1 s4 e900  rings_ws
2026-07-20 18:41:45,364 [INFO] [355/1620] r2 h1 s4 e1500  heuristic
2026-07-20 18:41:45,364 [INFO] [356/1620] r2 h1 s4 e1500  rings
2026-07-20 18:41:45,631 [INFO] [357/1620] r2 h1 s4 e1500  rings_ws
2026-07-20 18:41:45,942 [INFO] [358/1620] r2 h1 s4 e2400  heuristic
2026-07-20 18:41:45,943 [INFO] [359/1620] r2 h1 s4 e2400  rings
2026-07-20 18:41:46,130 [INFO] [360/1620] r2 h1 s4 e2400  rings_ws
2026-07-20 18:41:46,860 [INFO] [361/1620] r2 h2 s0 e300  heuristic
2026-07-20 18:41:46,861 [INFO] [362/1620] r2 h2 s0 e300  rings
2026-07-20 18:41:50,503 [INFO] [363/1620] r2 h2 s0 e300  rings_ws
2026-07-20 18:41:52,963 [INFO] [364/1620] r2 h2 s0 e450  heuristic
2026-07-20 18:41:52,964 [INFO] [365/1620] r2 h2 s0 e450  rings
2026-07-20 18:41:57,884 [INFO] [366/1620] r2 h2 s0 e450  rings_ws
2026-07-20 18:42:00,859 [INFO] [367/1620] r2 h2 s0 e600  heuristic
2026-07-20 18:42:00,860 [INFO] [368/1620] r2 h2 s0 e600  rings
2026-07-20 18:42:03,680 [INFO] [369/1620] r2 h2 s0 e600  rings_ws
2026-07-20 18:42:06,849 [INFO] [370/1620] r2 h2 s0 e900  heuristic
2026-07-20 18:42:06,850 [INFO] [371/1620] r2 h2 s0 e900  rings
2026-07-20 18:42:09,564 [INFO] [372/1620] r2 h2 s0 e900  rings_ws
2026-07-20 18:42:15,791 [INFO] [373/1620] r2 h2 s0 e1500  heuristic
2026-07-20 18:42:15,791 [INFO] [374/1620] r2 h2 s0 e1500  rings
2026-07-20 18:42:17,993 [INFO] [375/1620] r2 h2 s0 e1500  rings_ws
2026-07-20 18:42:21,547 [INFO] [376/1620] r2 h2 s0 e2400  heuristic
2026-07-20 18:42:21,547 [INFO] [377/1620] r2 h2 s0 e2400  rings
2026-07-20 18:42:29,209 [INFO] [378/1620] r2 h2 s0 e2400  rings_ws
2026-07-20 18:42:32,205 [INFO] [379/1620] r2 h2 s1 e300  heuristic
2026-07-20 18:42:32,206 [INFO] [380/1620] r2 h2 s1 e300  rings
2026-07-20 18:42:34,742 [INFO] [381/1620] r2 h2 s1 e300  rings_ws
2026-07-20 18:42:38,138 [INFO] [382/1620] r2 h2 s1 e450  heuristic
2026-07-20 18:42:38,139 [INFO] [383/1620] r2 h2 s1 e450  rings
2026-07-20 18:42:41,899 [INFO] [384/1620] r2 h2 s1 e450  rings_ws
2026-07-20 18:42:46,854 [INFO] [385/1620] r2 h2 s1 e600  heuristic
2026-07-20 18:42:46,854 [INFO] [386/1620] r2 h2 s1 e600  rings
2026-07-20 18:42:49,892 [INFO] [387/1620] r2 h2 s1 e600  rings_ws
2026-07-20 18:42:56,237 [INFO] [388/1620] r2 h2 s1 e900  heuristic
2026-07-20 18:42:56,237 [INFO] [389/1620] r2 h2 s1 e900  rings
2026-07-20 18:42:59,897 [INFO] [390/1620] r2 h2 s1 e900  rings_ws
2026-07-20 18:43:06,359 [INFO] [391/1620] r2 h2 s1 e1500  heuristic
2026-07-20 18:43:06,360 [INFO] [392/1620] r2 h2 s1 e1500  rings
2026-07-20 18:43:09,950 [INFO] [393/1620] r2 h2 s1 e1500  rings_ws
2026-07-20 18:43:21,088 [INFO] [394/1620] r2 h2 s1 e2400  heuristic
2026-07-20 18:43:21,088 [INFO] [395/1620] r2 h2 s1 e2400  rings
2026-07-20 18:43:22,889 [INFO] [396/1620] r2 h2 s1 e2400  rings_ws
2026-07-20 18:43:29,273 [INFO] [397/1620] r2 h2 s2 e300  heuristic
2026-07-20 18:43:29,274 [INFO] [398/1620] r2 h2 s2 e300  rings
2026-07-20 18:43:32,498 [INFO] [399/1620] r2 h2 s2 e300  rings_ws
2026-07-20 18:43:35,986 [INFO] [400/1620] r2 h2 s2 e450  heuristic
2026-07-20 18:43:35,987 [INFO] [401/1620] r2 h2 s2 e450  rings
2026-07-20 18:43:38,370 [INFO] [402/1620] r2 h2 s2 e450  rings_ws
2026-07-20 18:43:41,228 [INFO] [403/1620] r2 h2 s2 e600  heuristic
2026-07-20 18:43:41,229 [INFO] [404/1620] r2 h2 s2 e600  rings
2026-07-20 18:43:44,868 [INFO] [405/1620] r2 h2 s2 e600  rings_ws
2026-07-20 18:43:49,647 [INFO] [406/1620] r2 h2 s2 e900  heuristic
2026-07-20 18:43:49,648 [INFO] [407/1620] r2 h2 s2 e900  rings
2026-07-20 18:43:52,623 [INFO] [408/1620] r2 h2 s2 e900  rings_ws
2026-07-20 18:43:55,377 [INFO] [409/1620] r2 h2 s2 e1500  heuristic
2026-07-20 18:43:55,377 [INFO] [410/1620] r2 h2 s2 e1500  rings
2026-07-20 18:43:58,369 [INFO] [411/1620] r2 h2 s2 e1500  rings_ws
2026-07-20 18:44:02,450 [INFO] [412/1620] r2 h2 s2 e2400  heuristic
2026-07-20 18:44:02,451 [INFO] [413/1620] r2 h2 s2 e2400  rings
2026-07-20 18:44:11,487 [INFO] [414/1620] r2 h2 s2 e2400  rings_ws
2026-07-20 18:44:24,966 [INFO] [415/1620] r2 h2 s3 e300  heuristic
2026-07-20 18:44:24,966 [INFO] [416/1620] r2 h2 s3 e300  rings
2026-07-20 18:44:44,427 [INFO] [417/1620] r2 h2 s3 e300  rings_ws
2026-07-20 18:45:12,068 [INFO] [418/1620] r2 h2 s3 e450  heuristic
2026-07-20 18:45:12,069 [INFO] [419/1620] r2 h2 s3 e450  rings
2026-07-20 18:45:34,940 [INFO] [420/1620] r2 h2 s3 e450  rings_ws
2026-07-20 18:45:52,993 [INFO] [421/1620] r2 h2 s3 e600  heuristic
2026-07-20 18:45:52,993 [INFO] [422/1620] r2 h2 s3 e600  rings
2026-07-20 18:46:11,988 [INFO] [423/1620] r2 h2 s3 e600  rings_ws
2026-07-20 18:46:27,802 [INFO] [424/1620] r2 h2 s3 e900  heuristic
2026-07-20 18:46:27,803 [INFO] [425/1620] r2 h2 s3 e900  rings
2026-07-20 18:46:50,154 [INFO] [426/1620] r2 h2 s3 e900  rings_ws
2026-07-20 18:47:02,747 [INFO] [427/1620] r2 h2 s3 e1500  heuristic
2026-07-20 18:47:02,748 [INFO] [428/1620] r2 h2 s3 e1500  rings
2026-07-20 18:47:13,568 [INFO] [429/1620] r2 h2 s3 e1500  rings_ws
2026-07-20 18:47:35,559 [INFO] [430/1620] r2 h2 s3 e2400  heuristic
2026-07-20 18:47:35,559 [INFO] [431/1620] r2 h2 s3 e2400  rings
2026-07-20 18:47:51,268 [INFO] [432/1620] r2 h2 s3 e2400  rings_ws
2026-07-20 18:48:09,429 [INFO] [433/1620] r2 h2 s4 e300  heuristic
2026-07-20 18:48:09,430 [INFO] [434/1620] r2 h2 s4 e300  rings
2026-07-20 18:48:12,246 [INFO] [435/1620] r2 h2 s4 e300  rings_ws
2026-07-20 18:48:14,391 [INFO] [436/1620] r2 h2 s4 e450  heuristic
2026-07-20 18:48:14,392 [INFO] [437/1620] r2 h2 s4 e450  rings
2026-07-20 18:48:16,509 [INFO] [438/1620] r2 h2 s4 e450  rings_ws
2026-07-20 18:48:18,969 [INFO] [439/1620] r2 h2 s4 e600  heuristic
2026-07-20 18:48:18,969 [INFO] [440/1620] r2 h2 s4 e600  rings
2026-07-20 18:48:21,113 [INFO] [441/1620] r2 h2 s4 e600  rings_ws
2026-07-20 18:48:24,105 [INFO] [442/1620] r2 h2 s4 e900  heuristic
2026-07-20 18:48:24,105 [INFO] [443/1620] r2 h2 s4 e900  rings
2026-07-20 18:48:26,478 [INFO] [444/1620] r2 h2 s4 e900  rings_ws
2026-07-20 18:48:29,165 [INFO] [445/1620] r2 h2 s4 e1500  heuristic
2026-07-20 18:48:29,166 [INFO] [446/1620] r2 h2 s4 e1500  rings
2026-07-20 18:48:31,056 [INFO] [447/1620] r2 h2 s4 e1500  rings_ws
2026-07-20 18:48:33,412 [INFO] [448/1620] r2 h2 s4 e2400  heuristic
2026-07-20 18:48:33,412 [INFO] [449/1620] r2 h2 s4 e2400  rings
2026-07-20 18:48:35,489 [INFO] [450/1620] r2 h2 s4 e2400  rings_ws
2026-07-20 18:48:38,242 [INFO] [451/1620] r2 h3 s0 e300  heuristic
2026-07-20 18:48:38,243 [INFO] [452/1620] r2 h3 s0 e300  rings
2026-07-20 18:52:19,815 [INFO] [453/1620] r2 h3 s0 e300  rings_ws
2026-07-20 18:53:59,596 [INFO] [454/1620] r2 h3 s0 e450  heuristic
2026-07-20 18:53:59,597 [INFO] [455/1620] r2 h3 s0 e450  rings
2026-07-20 18:55:34,518 [INFO] [456/1620] r2 h3 s0 e450  rings_ws
2026-07-20 19:01:25,719 [INFO] [457/1620] r2 h3 s0 e600  heuristic
2026-07-20 19:01:25,720 [INFO] [458/1620] r2 h3 s0 e600  rings
2026-07-20 19:01:49,065 [INFO] [459/1620] r2 h3 s0 e600  rings_ws
2026-07-20 19:02:45,016 [INFO] [460/1620] r2 h3 s0 e900  heuristic
2026-07-20 19:02:45,016 [INFO] [461/1620] r2 h3 s0 e900  rings
2026-07-20 19:04:29,512 [INFO] [462/1620] r2 h3 s0 e900  rings_ws
2026-07-20 19:05:27,915 [INFO] [463/1620] r2 h3 s0 e1500  heuristic
2026-07-20 19:05:27,915 [INFO] [464/1620] r2 h3 s0 e1500  rings
2026-07-20 19:05:59,138 [INFO] [465/1620] r2 h3 s0 e1500  rings_ws
2026-07-20 19:07:38,736 [INFO] [466/1620] r2 h3 s0 e2400  heuristic
2026-07-20 19:07:38,736 [INFO] [467/1620] r2 h3 s0 e2400  rings
2026-07-20 19:08:08,165 [INFO] [468/1620] r2 h3 s0 e2400  rings_ws
2026-07-20 19:09:28,567 [INFO] [469/1620] r2 h3 s1 e300  heuristic
2026-07-20 19:09:28,568 [INFO] [470/1620] r2 h3 s1 e300  rings
2026-07-20 19:09:31,301 [INFO] [471/1620] r2 h3 s1 e300  rings_ws
2026-07-20 19:09:34,889 [INFO] [472/1620] r2 h3 s1 e450  heuristic
2026-07-20 19:09:34,890 [INFO] [473/1620] r2 h3 s1 e450  rings
2026-07-20 19:09:41,736 [INFO] [474/1620] r2 h3 s1 e450  rings_ws
2026-07-20 19:09:45,681 [INFO] [475/1620] r2 h3 s1 e600  heuristic
2026-07-20 19:09:45,682 [INFO] [476/1620] r2 h3 s1 e600  rings
2026-07-20 19:09:51,688 [INFO] [477/1620] r2 h3 s1 e600  rings_ws
2026-07-20 19:09:56,451 [INFO] [478/1620] r2 h3 s1 e900  heuristic
2026-07-20 19:09:56,451 [INFO] [479/1620] r2 h3 s1 e900  rings
2026-07-20 19:10:04,288 [INFO] [480/1620] r2 h3 s1 e900  rings_ws
2026-07-20 19:10:11,100 [INFO] [481/1620] r2 h3 s1 e1500  heuristic
2026-07-20 19:10:11,101 [INFO] [482/1620] r2 h3 s1 e1500  rings
2026-07-20 19:10:18,843 [INFO] [483/1620] r2 h3 s1 e1500  rings_ws
2026-07-20 19:10:24,990 [INFO] [484/1620] r2 h3 s1 e2400  heuristic
2026-07-20 19:10:24,991 [INFO] [485/1620] r2 h3 s1 e2400  rings
2026-07-20 19:10:28,398 [INFO] [486/1620] r2 h3 s1 e2400  rings_ws
2026-07-20 19:10:32,445 [INFO] [487/1620] r2 h3 s2 e300  heuristic
2026-07-20 19:10:32,446 [INFO] [488/1620] r2 h3 s2 e300  rings
2026-07-20 19:40:33,118 [INFO] [489/1620] r2 h3 s2 e300  rings_ws
2026-07-20 20:10:33,718 [INFO] [490/1620] r2 h3 s2 e450  heuristic
2026-07-20 20:10:33,719 [INFO] [491/1620] r2 h3 s2 e450  rings
2026-07-20 20:40:34,378 [INFO] [492/1620] r2 h3 s2 e450  rings_ws
2026-07-20 21:10:35,093 [INFO] [493/1620] r2 h3 s2 e600  heuristic
2026-07-20 21:10:35,094 [INFO] [494/1620] r2 h3 s2 e600  rings
2026-07-20 21:40:35,701 [INFO] [495/1620] r2 h3 s2 e600  rings_ws
2026-07-20 22:10:36,421 [INFO] [496/1620] r2 h3 s2 e900  heuristic
2026-07-20 22:10:36,422 [INFO] [497/1620] r2 h3 s2 e900  rings
2026-07-20 22:40:37,192 [INFO] [498/1620] r2 h3 s2 e900  rings_ws
2026-07-20 23:10:37,824 [INFO] [499/1620] r2 h3 s2 e1500  heuristic
2026-07-20 23:10:37,825 [INFO] [500/1620] r2 h3 s2 e1500  rings
2026-07-20 23:40:38,590 [INFO] [501/1620] r2 h3 s2 e1500  rings_ws
2026-07-21 00:10:39,382 [INFO] [502/1620] r2 h3 s2 e2400  heuristic
2026-07-21 00:10:39,383 [INFO] [503/1620] r2 h3 s2 e2400  rings
2026-07-21 00:40:40,127 [INFO] [504/1620] r2 h3 s2 e2400  rings_ws
2026-07-21 01:10:41,689 [INFO] [505/1620] r2 h3 s3 e300  heuristic
2026-07-21 01:10:41,690 [INFO] [506/1620] r2 h3 s3 e300  rings
2026-07-21 01:40:42,349 [INFO] [507/1620] r2 h3 s3 e300  rings_ws
2026-07-21 02:10:42,993 [INFO] [508/1620] r2 h3 s3 e450  heuristic
2026-07-21 02:10:42,994 [INFO] [509/1620] r2 h3 s3 e450  rings
2026-07-21 02:40:43,582 [INFO] [510/1620] r2 h3 s3 e450  rings_ws
2026-07-21 03:10:44,431 [INFO] [511/1620] r2 h3 s3 e600  heuristic
2026-07-21 03:10:44,432 [INFO] [512/1620] r2 h3 s3 e600  rings
2026-07-21 03:40:45,126 [INFO] [513/1620] r2 h3 s3 e600  rings_ws
2026-07-21 04:10:45,971 [INFO] [514/1620] r2 h3 s3 e900  heuristic
2026-07-21 04:10:45,972 [INFO] [515/1620] r2 h3 s3 e900  rings
2026-07-21 04:40:46,620 [INFO] [516/1620] r2 h3 s3 e900  rings_ws
2026-07-21 05:10:47,447 [INFO] [517/1620] r2 h3 s3 e1500  heuristic
2026-07-21 05:10:47,448 [INFO] [518/1620] r2 h3 s3 e1500  rings
2026-07-21 05:40:48,322 [INFO] [519/1620] r2 h3 s3 e1500  rings_ws
2026-07-21 06:10:49,181 [INFO] [520/1620] r2 h3 s3 e2400  heuristic
2026-07-21 06:10:49,182 [INFO] [521/1620] r2 h3 s3 e2400  rings
2026-07-21 06:40:50,167 [INFO] [522/1620] r2 h3 s3 e2400  rings_ws
2026-07-21 07:10:51,113 [INFO] [523/1620] r2 h3 s4 e300  heuristic
2026-07-21 07:10:51,113 [INFO] [524/1620] r2 h3 s4 e300  rings
2026-07-21 07:40:51,843 [INFO] [525/1620] r2 h3 s4 e300  rings_ws
2026-07-21 07:57:46,785 [INFO] [526/1620] r2 h3 s4 e450  heuristic
2026-07-21 07:57:46,786 [INFO] [527/1620] r2 h3 s4 e450  rings
2026-07-21 08:15:22,928 [INFO] [528/1620] r2 h3 s4 e450  rings_ws
2026-07-21 08:17:09,461 [INFO] Loaded endurance levels from compare_results/endurance_levels.json: [300, 450, 600, 900, 1500, 2400]
2026-07-21 08:17:09,483 [INFO] [1/1620] r1 h1 s0 e300  heuristic
2026-07-21 08:17:09,483 [INFO] [2/1620] r1 h1 s0 e300  rings
2026-07-21 08:17:09,485 [INFO] Set parameter Username
2026-07-21 08:17:09,486 [INFO] Academic license - for non-commercial use only - expires 2026-09-24
2026-07-21 08:17:09,647 [INFO] [3/1620] r1 h1 s0 e300  rings_ws
2026-07-21 08:17:09,745 [INFO] [4/1620] r1 h1 s0 e450  heuristic
2026-07-21 08:17:09,746 [INFO] [5/1620] r1 h1 s0 e450  rings
2026-07-21 08:17:09,837 [INFO] [6/1620] r1 h1 s0 e450  rings_ws
2026-07-21 08:17:09,941 [INFO] [7/1620] r1 h1 s0 e600  heuristic
2026-07-21 08:17:09,941 [INFO] [8/1620] r1 h1 s0 e600  rings
2026-07-21 08:17:10,026 [INFO] [9/1620] r1 h1 s0 e600  rings_ws
2026-07-21 08:17:10,142 [INFO] [10/1620] r1 h1 s0 e900  heuristic
2026-07-21 08:17:10,143 [INFO] [11/1620] r1 h1 s0 e900  rings
2026-07-21 08:17:10,221 [INFO] [12/1620] r1 h1 s0 e900  rings_ws
2026-07-21 08:17:10,356 [INFO] [13/1620] r1 h1 s0 e1500  heuristic
2026-07-21 08:17:10,357 [INFO] [14/1620] r1 h1 s0 e1500  rings
2026-07-21 08:17:10,426 [INFO] [15/1620] r1 h1 s0 e1500  rings_ws
2026-07-21 08:17:10,548 [INFO] [16/1620] r1 h1 s0 e2400  heuristic
2026-07-21 08:17:10,548 [INFO] [17/1620] r1 h1 s0 e2400  rings
2026-07-21 08:17:10,642 [INFO] [18/1620] r1 h1 s0 e2400  rings_ws
2026-07-21 08:17:10,759 [INFO] [19/1620] r1 h1 s1 e300  heuristic
2026-07-21 08:17:10,760 [INFO] [20/1620] r1 h1 s1 e300  rings
2026-07-21 08:17:10,842 [INFO] [21/1620] r1 h1 s1 e300  rings_ws
2026-07-21 08:17:10,960 [INFO] [22/1620] r1 h1 s1 e450  heuristic
2026-07-21 08:17:10,961 [INFO] [23/1620] r1 h1 s1 e450  rings
2026-07-21 08:17:11,055 [INFO] [24/1620] r1 h1 s1 e450  rings_ws
2026-07-21 08:17:11,159 [INFO] [25/1620] r1 h1 s1 e600  heuristic
2026-07-21 08:17:11,160 [INFO] [26/1620] r1 h1 s1 e600  rings
2026-07-21 08:17:11,271 [INFO] [27/1620] r1 h1 s1 e600  rings_ws
2026-07-21 08:17:11,367 [INFO] [28/1620] r1 h1 s1 e900  heuristic
2026-07-21 08:17:11,367 [INFO] [29/1620] r1 h1 s1 e900  rings
2026-07-21 08:17:11,497 [INFO] [30/1620] r1 h1 s1 e900  rings_ws
2026-07-21 08:17:11,574 [INFO] [31/1620] r1 h1 s1 e1500  heuristic
2026-07-21 08:17:11,575 [INFO] [32/1620] r1 h1 s1 e1500  rings
2026-07-21 08:17:11,683 [INFO] [33/1620] r1 h1 s1 e1500  rings_ws
2026-07-21 08:17:11,776 [INFO] [34/1620] r1 h1 s1 e2400  heuristic
2026-07-21 08:17:11,777 [INFO] [35/1620] r1 h1 s1 e2400  rings
2026-07-21 08:17:11,882 [INFO] [36/1620] r1 h1 s1 e2400  rings_ws
2026-07-21 08:17:11,971 [INFO] [37/1620] r1 h1 s2 e300  heuristic
2026-07-21 08:17:11,972 [INFO] [38/1620] r1 h1 s2 e300  rings
2026-07-21 08:17:12,036 [INFO] [39/1620] r1 h1 s2 e300  rings_ws
2026-07-21 08:17:12,138 [INFO] [40/1620] r1 h1 s2 e450  heuristic
2026-07-21 08:17:12,138 [INFO] [41/1620] r1 h1 s2 e450  rings
2026-07-21 08:17:12,198 [INFO] [42/1620] r1 h1 s2 e450  rings_ws
2026-07-21 08:17:12,282 [INFO] [43/1620] r1 h1 s2 e600  heuristic
2026-07-21 08:17:12,283 [INFO] [44/1620] r1 h1 s2 e600  rings
2026-07-21 08:17:12,356 [INFO] [45/1620] r1 h1 s2 e600  rings_ws
2026-07-21 08:17:12,461 [INFO] [46/1620] r1 h1 s2 e900  heuristic
2026-07-21 08:17:12,461 [INFO] [47/1620] r1 h1 s2 e900  rings
2026-07-21 08:17:12,521 [INFO] [48/1620] r1 h1 s2 e900  rings_ws
2026-07-21 08:17:12,600 [INFO] [49/1620] r1 h1 s2 e1500  heuristic
2026-07-21 08:17:12,600 [INFO] [50/1620] r1 h1 s2 e1500  rings
2026-07-21 08:17:12,659 [INFO] [51/1620] r1 h1 s2 e1500  rings_ws
2026-07-21 08:17:12,739 [INFO] [52/1620] r1 h1 s2 e2400  heuristic
2026-07-21 08:17:12,739 [INFO] [53/1620] r1 h1 s2 e2400  rings
2026-07-21 08:17:12,813 [INFO] [54/1620] r1 h1 s2 e2400  rings_ws
2026-07-21 08:17:12,905 [INFO] [55/1620] r1 h1 s3 e300  heuristic
2026-07-21 08:17:12,906 [INFO] [56/1620] r1 h1 s3 e300  rings
2026-07-21 08:17:13,348 [INFO] [57/1620] r1 h1 s3 e300  rings_ws
2026-07-21 08:17:13,644 [INFO] [58/1620] r1 h1 s3 e450  heuristic
2026-07-21 08:17:13,644 [INFO] [59/1620] r1 h1 s3 e450  rings
2026-07-21 08:17:13,960 [INFO] [60/1620] r1 h1 s3 e450  rings_ws
2026-07-21 08:17:14,393 [INFO] [61/1620] r1 h1 s3 e600  heuristic
2026-07-21 08:17:14,394 [INFO] [62/1620] r1 h1 s3 e600  rings
2026-07-21 08:17:14,698 [INFO] [63/1620] r1 h1 s3 e600  rings_ws
2026-07-21 08:17:15,131 [INFO] [64/1620] r1 h1 s3 e900  heuristic
2026-07-21 08:17:15,132 [INFO] [65/1620] r1 h1 s3 e900  rings
2026-07-21 08:17:15,417 [INFO] [66/1620] r1 h1 s3 e900  rings_ws
2026-07-21 08:17:15,661 [INFO] [67/1620] r1 h1 s3 e1500  heuristic
2026-07-21 08:17:15,662 [INFO] [68/1620] r1 h1 s3 e1500  rings
2026-07-21 08:17:15,868 [INFO] [69/1620] r1 h1 s3 e1500  rings_ws
2026-07-21 08:17:16,155 [INFO] [70/1620] r1 h1 s3 e2400  heuristic
2026-07-21 08:17:16,156 [INFO] [71/1620] r1 h1 s3 e2400  rings
2026-07-21 08:17:16,368 [INFO] [72/1620] r1 h1 s3 e2400  rings_ws
2026-07-21 08:17:16,644 [INFO] [73/1620] r1 h1 s4 e300  heuristic
2026-07-21 08:17:16,645 [INFO] [74/1620] r1 h1 s4 e300  rings
2026-07-21 08:17:16,702 [INFO] [75/1620] r1 h1 s4 e300  rings_ws
2026-07-21 08:17:16,781 [INFO] [76/1620] r1 h1 s4 e450  heuristic
2026-07-21 08:17:16,781 [INFO] [77/1620] r1 h1 s4 e450  rings
2026-07-21 08:17:16,852 [INFO] [78/1620] r1 h1 s4 e450  rings_ws
2026-07-21 08:17:16,985 [INFO] [79/1620] r1 h1 s4 e600  heuristic
2026-07-21 08:17:16,985 [INFO] [80/1620] r1 h1 s4 e600  rings
2026-07-21 08:17:17,060 [INFO] [81/1620] r1 h1 s4 e600  rings_ws
2026-07-21 08:17:17,183 [INFO] [82/1620] r1 h1 s4 e900  heuristic
2026-07-21 08:17:17,184 [INFO] [83/1620] r1 h1 s4 e900  rings
2026-07-21 08:17:17,252 [INFO] [84/1620] r1 h1 s4 e900  rings_ws
2026-07-21 08:17:17,362 [INFO] [85/1620] r1 h1 s4 e1500  heuristic
2026-07-21 08:17:17,363 [INFO] [86/1620] r1 h1 s4 e1500  rings
2026-07-21 08:17:17,438 [INFO] [87/1620] r1 h1 s4 e1500  rings_ws
2026-07-21 08:17:17,555 [INFO] [88/1620] r1 h1 s4 e2400  heuristic
2026-07-21 08:17:17,555 [INFO] [89/1620] r1 h1 s4 e2400  rings
2026-07-21 08:17:17,623 [INFO] [90/1620] r1 h1 s4 e2400  rings_ws
2026-07-21 08:17:17,748 [INFO] [91/1620] r1 h2 s0 e300  heuristic
2026-07-21 08:17:17,748 [INFO] [92/1620] r1 h2 s0 e300  rings
2026-07-21 08:17:17,940 [INFO] [93/1620] r1 h2 s0 e300  rings_ws
2026-07-21 08:17:18,133 [INFO] [94/1620] r1 h2 s0 e450  heuristic
2026-07-21 08:17:18,133 [INFO] [95/1620] r1 h2 s0 e450  rings
2026-07-21 08:17:18,320 [INFO] [96/1620] r1 h2 s0 e450  rings_ws
2026-07-21 08:17:18,457 [INFO] [97/1620] r1 h2 s0 e600  heuristic
2026-07-21 08:17:18,458 [INFO] [98/1620] r1 h2 s0 e600  rings
2026-07-21 08:17:18,641 [INFO] [99/1620] r1 h2 s0 e600  rings_ws
2026-07-21 08:17:18,815 [INFO] [100/1620] r1 h2 s0 e900  heuristic
2026-07-21 08:17:18,815 [INFO] [101/1620] r1 h2 s0 e900  rings
2026-07-21 08:17:19,013 [INFO] [102/1620] r1 h2 s0 e900  rings_ws
2026-07-21 08:17:19,190 [INFO] [103/1620] r1 h2 s0 e1500  heuristic
2026-07-21 08:17:19,191 [INFO] [104/1620] r1 h2 s0 e1500  rings
2026-07-21 08:17:19,376 [INFO] [105/1620] r1 h2 s0 e1500  rings_ws
2026-07-21 08:17:19,558 [INFO] [106/1620] r1 h2 s0 e2400  heuristic
2026-07-21 08:17:19,559 [INFO] [107/1620] r1 h2 s0 e2400  rings
2026-07-21 08:17:19,694 [INFO] [108/1620] r1 h2 s0 e2400  rings_ws
2026-07-21 08:17:19,895 [INFO] [109/1620] r1 h2 s1 e300  heuristic
2026-07-21 08:17:19,896 [INFO] [110/1620] r1 h2 s1 e300  rings
2026-07-21 08:17:20,006 [INFO] [111/1620] r1 h2 s1 e300  rings_ws
2026-07-21 08:17:20,144 [INFO] [112/1620] r1 h2 s1 e450  heuristic
2026-07-21 08:17:20,144 [INFO] [113/1620] r1 h2 s1 e450  rings
2026-07-21 08:17:20,241 [INFO] [114/1620] r1 h2 s1 e450  rings_ws
2026-07-21 08:17:20,381 [INFO] [115/1620] r1 h2 s1 e600  heuristic
2026-07-21 08:17:20,382 [INFO] [116/1620] r1 h2 s1 e600  rings
2026-07-21 08:17:20,474 [INFO] [117/1620] r1 h2 s1 e600  rings_ws
2026-07-21 08:17:20,626 [INFO] [118/1620] r1 h2 s1 e900  heuristic
2026-07-21 08:17:20,627 [INFO] [119/1620] r1 h2 s1 e900  rings
2026-07-21 08:17:20,739 [INFO] [120/1620] r1 h2 s1 e900  rings_ws
2026-07-21 08:17:20,886 [INFO] [121/1620] r1 h2 s1 e1500  heuristic
2026-07-21 08:17:20,887 [INFO] [122/1620] r1 h2 s1 e1500  rings
2026-07-21 08:17:20,999 [INFO] [123/1620] r1 h2 s1 e1500  rings_ws
2026-07-21 08:17:21,172 [INFO] [124/1620] r1 h2 s1 e2400  heuristic
2026-07-21 08:17:21,173 [INFO] [125/1620] r1 h2 s1 e2400  rings
2026-07-21 08:17:21,280 [INFO] [126/1620] r1 h2 s1 e2400  rings_ws
2026-07-21 08:17:21,432 [INFO] [127/1620] r1 h2 s2 e300  heuristic
2026-07-21 08:17:21,433 [INFO] [128/1620] r1 h2 s2 e300  rings
2026-07-21 08:17:21,619 [INFO] [129/1620] r1 h2 s2 e300  rings_ws
2026-07-21 08:17:21,869 [INFO] [130/1620] r1 h2 s2 e450  heuristic
2026-07-21 08:17:21,870 [INFO] [131/1620] r1 h2 s2 e450  rings
2026-07-21 08:17:22,074 [INFO] [132/1620] r1 h2 s2 e450  rings_ws
2026-07-21 08:17:22,325 [INFO] [133/1620] r1 h2 s2 e600  heuristic
2026-07-21 08:17:22,326 [INFO] [134/1620] r1 h2 s2 e600  rings
2026-07-21 08:17:22,552 [INFO] [135/1620] r1 h2 s2 e600  rings_ws
2026-07-21 08:17:22,822 [INFO] [136/1620] r1 h2 s2 e900  heuristic
2026-07-21 08:17:22,823 [INFO] [137/1620] r1 h2 s2 e900  rings
2026-07-21 08:17:23,053 [INFO] [138/1620] r1 h2 s2 e900  rings_ws
2026-07-21 08:17:23,310 [INFO] [139/1620] r1 h2 s2 e1500  heuristic
2026-07-21 08:17:23,311 [INFO] [140/1620] r1 h2 s2 e1500  rings
2026-07-21 08:17:23,510 [INFO] [141/1620] r1 h2 s2 e1500  rings_ws
2026-07-21 08:17:23,762 [INFO] [142/1620] r1 h2 s2 e2400  heuristic
2026-07-21 08:17:23,763 [INFO] [143/1620] r1 h2 s2 e2400  rings
2026-07-21 08:17:23,965 [INFO] [144/1620] r1 h2 s2 e2400  rings_ws
2026-07-21 08:17:24,218 [INFO] [145/1620] r1 h2 s3 e300  heuristic
2026-07-21 08:17:24,219 [INFO] [146/1620] r1 h2 s3 e300  rings
2026-07-21 08:17:29,062 [INFO] [147/1620] r1 h2 s3 e300  rings_ws
2026-07-21 08:17:32,051 [INFO] [148/1620] r1 h2 s3 e450  heuristic
2026-07-21 08:17:32,052 [INFO] [149/1620] r1 h2 s3 e450  rings
2026-07-21 08:17:37,495 [INFO] [150/1620] r1 h2 s3 e450  rings_ws
2026-07-21 08:17:40,328 [INFO] [151/1620] r1 h2 s3 e600  heuristic
2026-07-21 08:17:40,328 [INFO] [152/1620] r1 h2 s3 e600  rings
2026-07-21 08:17:42,424 [INFO] [153/1620] r1 h2 s3 e600  rings_ws
2026-07-21 08:17:42,652 [INFO] [154/1620] r1 h2 s3 e900  heuristic
2026-07-21 08:17:42,653 [INFO] [155/1620] r1 h2 s3 e900  rings
2026-07-21 08:17:42,761 [INFO] [156/1620] r1 h2 s3 e900  rings_ws
2026-07-21 08:17:43,489 [INFO] [157/1620] r1 h2 s3 e1500  heuristic
2026-07-21 08:17:43,490 [INFO] [158/1620] r1 h2 s3 e1500  rings
2026-07-21 08:17:43,644 [INFO] [159/1620] r1 h2 s3 e1500  rings_ws
2026-07-21 08:17:54,505 [INFO] Loaded endurance levels from compare_results/endurance_levels.json: [300, 450, 600, 900, 1500, 2400]
2026-07-21 08:17:54,526 [INFO] [1/1620] r1 h1 s0 e300  heuristic
2026-07-21 08:17:54,527 [INFO] [2/1620] r1 h1 s0 e300  rings
2026-07-21 08:17:54,528 [INFO] Set parameter Username
2026-07-21 08:17:54,529 [INFO] Academic license - for non-commercial use only - expires 2026-09-24
2026-07-21 08:17:54,608 [INFO] [3/1620] r1 h1 s0 e300  rings_ws
2026-07-21 08:17:54,710 [INFO] [4/1620] r1 h1 s0 e450  heuristic
2026-07-21 08:17:54,710 [INFO] [5/1620] r1 h1 s0 e450  rings
2026-07-21 08:17:54,792 [INFO] [6/1620] r1 h1 s0 e450  rings_ws
2026-07-21 08:17:54,891 [INFO] [7/1620] r1 h1 s0 e600  heuristic
2026-07-21 08:17:54,892 [INFO] [8/1620] r1 h1 s0 e600  rings
2026-07-21 08:17:54,962 [INFO] [9/1620] r1 h1 s0 e600  rings_ws
2026-07-21 08:17:55,062 [INFO] [10/1620] r1 h1 s0 e900  heuristic
2026-07-21 08:17:55,062 [INFO] [11/1620] r1 h1 s0 e900  rings
2026-07-21 08:17:55,172 [INFO] [12/1620] r1 h1 s0 e900  rings_ws
2026-07-21 08:17:55,281 [INFO] [13/1620] r1 h1 s0 e1500  heuristic
2026-07-21 08:17:55,282 [INFO] [14/1620] r1 h1 s0 e1500  rings
2026-07-21 08:17:55,353 [INFO] [15/1620] r1 h1 s0 e1500  rings_ws
2026-07-21 08:17:55,450 [INFO] [16/1620] r1 h1 s0 e2400  heuristic
2026-07-21 08:17:55,451 [INFO] [17/1620] r1 h1 s0 e2400  rings
2026-07-21 08:17:55,558 [INFO] [18/1620] r1 h1 s0 e2400  rings_ws
2026-07-21 08:17:55,663 [INFO] [19/1620] r1 h1 s1 e300  heuristic
2026-07-21 08:17:55,663 [INFO] [20/1620] r1 h1 s1 e300  rings
2026-07-21 08:17:55,735 [INFO] [21/1620] r1 h1 s1 e300  rings_ws
2026-07-21 08:17:55,841 [INFO] [22/1620] r1 h1 s1 e450  heuristic
2026-07-21 08:17:55,841 [INFO] [23/1620] r1 h1 s1 e450  rings
2026-07-21 08:17:55,944 [INFO] [24/1620] r1 h1 s1 e450  rings_ws
2026-07-21 08:17:56,030 [INFO] [25/1620] r1 h1 s1 e600  heuristic
2026-07-21 08:17:56,030 [INFO] [26/1620] r1 h1 s1 e600  rings
2026-07-21 08:17:56,182 [INFO] [27/1620] r1 h1 s1 e600  rings_ws
2026-07-21 08:17:56,259 [INFO] [28/1620] r1 h1 s1 e900  heuristic
2026-07-21 08:17:56,259 [INFO] [29/1620] r1 h1 s1 e900  rings
2026-07-21 08:17:56,370 [INFO] [30/1620] r1 h1 s1 e900  rings_ws
2026-07-21 08:17:56,462 [INFO] [31/1620] r1 h1 s1 e1500  heuristic
2026-07-21 08:17:56,462 [INFO] [32/1620] r1 h1 s1 e1500  rings
2026-07-21 08:17:56,558 [INFO] [33/1620] r1 h1 s1 e1500  rings_ws
2026-07-21 08:17:56,652 [INFO] [34/1620] r1 h1 s1 e2400  heuristic
2026-07-21 08:17:56,652 [INFO] [35/1620] r1 h1 s1 e2400  rings
2026-07-21 08:17:56,773 [INFO] [36/1620] r1 h1 s1 e2400  rings_ws
2026-07-21 08:17:56,862 [INFO] [37/1620] r1 h1 s2 e300  heuristic
2026-07-21 08:17:56,863 [INFO] [38/1620] r1 h1 s2 e300  rings
2026-07-21 08:17:56,910 [INFO] [39/1620] r1 h1 s2 e300  rings_ws
2026-07-21 08:17:56,999 [INFO] [40/1620] r1 h1 s2 e450  heuristic
2026-07-21 08:17:56,999 [INFO] [41/1620] r1 h1 s2 e450  rings
2026-07-21 08:17:57,062 [INFO] [42/1620] r1 h1 s2 e450  rings_ws
2026-07-21 08:17:57,145 [INFO] [43/1620] r1 h1 s2 e600  heuristic
2026-07-21 08:17:57,146 [INFO] [44/1620] r1 h1 s2 e600  rings
2026-07-21 08:17:57,208 [INFO] [45/1620] r1 h1 s2 e600  rings_ws
2026-07-21 08:17:57,296 [INFO] [46/1620] r1 h1 s2 e900  heuristic
2026-07-21 08:17:57,297 [INFO] [47/1620] r1 h1 s2 e900  rings
2026-07-21 08:17:57,365 [INFO] [48/1620] r1 h1 s2 e900  rings_ws
2026-07-21 08:17:57,447 [INFO] [49/1620] r1 h1 s2 e1500  heuristic
2026-07-21 08:17:57,447 [INFO] [50/1620] r1 h1 s2 e1500  rings
2026-07-21 08:17:57,597 [INFO] [51/1620] r1 h1 s2 e1500  rings_ws
2026-07-21 08:17:57,718 [INFO] [52/1620] r1 h1 s2 e2400  heuristic
2026-07-21 08:17:57,719 [INFO] [53/1620] r1 h1 s2 e2400  rings
2026-07-21 08:17:57,781 [INFO] [54/1620] r1 h1 s2 e2400  rings_ws
2026-07-21 08:17:57,876 [INFO] [55/1620] r1 h1 s3 e300  heuristic
2026-07-21 08:17:57,877 [INFO] [56/1620] r1 h1 s3 e300  rings
2026-07-21 08:17:58,337 [INFO] [57/1620] r1 h1 s3 e300  rings_ws
2026-07-21 08:17:58,645 [INFO] [58/1620] r1 h1 s3 e450  heuristic
2026-07-21 08:17:58,645 [INFO] [59/1620] r1 h1 s3 e450  rings
2026-07-21 08:17:58,974 [INFO] [60/1620] r1 h1 s3 e450  rings_ws
2026-07-21 08:17:59,412 [INFO] [61/1620] r1 h1 s3 e600  heuristic
2026-07-21 08:17:59,413 [INFO] [62/1620] r1 h1 s3 e600  rings
2026-07-21 08:17:59,737 [INFO] [63/1620] r1 h1 s3 e600  rings_ws
2026-07-21 08:18:00,189 [INFO] [64/1620] r1 h1 s3 e900  heuristic
2026-07-21 08:18:00,190 [INFO] [65/1620] r1 h1 s3 e900  rings
2026-07-21 08:18:00,475 [INFO] [66/1620] r1 h1 s3 e900  rings_ws
2026-07-21 08:18:00,733 [INFO] [67/1620] r1 h1 s3 e1500  heuristic
2026-07-21 08:18:00,734 [INFO] [68/1620] r1 h1 s3 e1500  rings
2026-07-21 08:18:00,983 [INFO] [69/1620] r1 h1 s3 e1500  rings_ws
2026-07-21 08:18:01,311 [INFO] [70/1620] r1 h1 s3 e2400  heuristic
2026-07-21 08:18:01,311 [INFO] [71/1620] r1 h1 s3 e2400  rings
2026-07-21 08:18:01,510 [INFO] [72/1620] r1 h1 s3 e2400  rings_ws
2026-07-21 08:18:01,807 [INFO] [73/1620] r1 h1 s4 e300  heuristic
2026-07-21 08:18:01,808 [INFO] [74/1620] r1 h1 s4 e300  rings
2026-07-21 08:18:01,875 [INFO] [75/1620] r1 h1 s4 e300  rings_ws
2026-07-21 08:18:01,952 [INFO] [76/1620] r1 h1 s4 e450  heuristic
2026-07-21 08:18:01,952 [INFO] [77/1620] r1 h1 s4 e450  rings
2026-07-21 08:18:02,024 [INFO] [78/1620] r1 h1 s4 e450  rings_ws
2026-07-21 08:18:02,137 [INFO] [79/1620] r1 h1 s4 e600  heuristic
2026-07-21 08:18:02,137 [INFO] [80/1620] r1 h1 s4 e600  rings
2026-07-21 08:18:02,207 [INFO] [81/1620] r1 h1 s4 e600  rings_ws
2026-07-21 08:18:02,328 [INFO] [82/1620] r1 h1 s4 e900  heuristic
2026-07-21 08:18:02,329 [INFO] [83/1620] r1 h1 s4 e900  rings
2026-07-21 08:18:02,400 [INFO] [84/1620] r1 h1 s4 e900  rings_ws
2026-07-21 08:18:02,496 [INFO] [85/1620] r1 h1 s4 e1500  heuristic
2026-07-21 08:18:02,496 [INFO] [86/1620] r1 h1 s4 e1500  rings
2026-07-21 08:18:02,565 [INFO] [87/1620] r1 h1 s4 e1500  rings_ws
2026-07-21 08:18:02,691 [INFO] [88/1620] r1 h1 s4 e2400  heuristic
2026-07-21 08:18:02,691 [INFO] [89/1620] r1 h1 s4 e2400  rings
2026-07-21 08:18:02,759 [INFO] [90/1620] r1 h1 s4 e2400  rings_ws
2026-07-21 08:18:02,879 [INFO] [91/1620] r1 h2 s0 e300  heuristic
2026-07-21 08:18:02,879 [INFO] [92/1620] r1 h2 s0 e300  rings
2026-07-21 08:18:03,093 [INFO] [93/1620] r1 h2 s0 e300  rings_ws
2026-07-21 08:18:03,310 [INFO] [94/1620] r1 h2 s0 e450  heuristic
2026-07-21 08:18:03,311 [INFO] [95/1620] r1 h2 s0 e450  rings
2026-07-21 08:18:03,527 [INFO] [96/1620] r1 h2 s0 e450  rings_ws
2026-07-21 08:18:03,712 [INFO] [97/1620] r1 h2 s0 e600  heuristic
2026-07-21 08:18:03,713 [INFO] [98/1620] r1 h2 s0 e600  rings
2026-07-21 08:18:03,906 [INFO] [99/1620] r1 h2 s0 e600  rings_ws
2026-07-21 08:18:04,108 [INFO] [100/1620] r1 h2 s0 e900  heuristic
2026-07-21 08:18:04,108 [INFO] [101/1620] r1 h2 s0 e900  rings
2026-07-21 08:18:04,310 [INFO] [102/1620] r1 h2 s0 e900  rings_ws
2026-07-21 08:18:04,490 [INFO] [103/1620] r1 h2 s0 e1500  heuristic
2026-07-21 08:18:04,490 [INFO] [104/1620] r1 h2 s0 e1500  rings
2026-07-21 08:18:04,659 [INFO] [105/1620] r1 h2 s0 e1500  rings_ws
2026-07-21 08:18:04,837 [INFO] [106/1620] r1 h2 s0 e2400  heuristic
2026-07-21 08:18:04,838 [INFO] [107/1620] r1 h2 s0 e2400  rings
2026-07-21 08:18:04,972 [INFO] [108/1620] r1 h2 s0 e2400  rings_ws
2026-07-21 08:18:05,119 [INFO] [109/1620] r1 h2 s1 e300  heuristic
2026-07-21 08:18:05,119 [INFO] [110/1620] r1 h2 s1 e300  rings
2026-07-21 08:18:05,212 [INFO] [111/1620] r1 h2 s1 e300  rings_ws
2026-07-21 08:18:05,336 [INFO] [112/1620] r1 h2 s1 e450  heuristic
2026-07-21 08:18:05,337 [INFO] [113/1620] r1 h2 s1 e450  rings
2026-07-21 08:18:05,430 [INFO] [114/1620] r1 h2 s1 e450  rings_ws
2026-07-21 08:18:05,567 [INFO] [115/1620] r1 h2 s1 e600  heuristic
2026-07-21 08:18:05,567 [INFO] [116/1620] r1 h2 s1 e600  rings
2026-07-21 08:18:05,661 [INFO] [117/1620] r1 h2 s1 e600  rings_ws
2026-07-21 08:18:05,792 [INFO] [118/1620] r1 h2 s1 e900  heuristic
2026-07-21 08:18:05,793 [INFO] [119/1620] r1 h2 s1 e900  rings
2026-07-21 08:18:05,886 [INFO] [120/1620] r1 h2 s1 e900  rings_ws
2026-07-21 08:18:06,019 [INFO] [121/1620] r1 h2 s1 e1500  heuristic
2026-07-21 08:18:06,019 [INFO] [122/1620] r1 h2 s1 e1500  rings
2026-07-21 08:18:06,111 [INFO] [123/1620] r1 h2 s1 e1500  rings_ws
2026-07-21 08:18:06,239 [INFO] [124/1620] r1 h2 s1 e2400  heuristic
2026-07-21 08:18:06,240 [INFO] [125/1620] r1 h2 s1 e2400  rings
2026-07-21 08:18:06,333 [INFO] [126/1620] r1 h2 s1 e2400  rings_ws
2026-07-21 08:18:06,480 [INFO] [127/1620] r1 h2 s2 e300  heuristic
2026-07-21 08:18:06,480 [INFO] [128/1620] r1 h2 s2 e300  rings
2026-07-21 08:18:06,672 [INFO] [129/1620] r1 h2 s2 e300  rings_ws
2026-07-21 08:18:06,916 [INFO] [130/1620] r1 h2 s2 e450  heuristic
2026-07-21 08:18:06,916 [INFO] [131/1620] r1 h2 s2 e450  rings
2026-07-21 08:18:07,105 [INFO] [132/1620] r1 h2 s2 e450  rings_ws
2026-07-21 08:18:07,351 [INFO] [133/1620] r1 h2 s2 e600  heuristic
2026-07-21 08:18:07,351 [INFO] [134/1620] r1 h2 s2 e600  rings
2026-07-21 08:18:07,579 [INFO] [135/1620] r1 h2 s2 e600  rings_ws
2026-07-21 08:18:07,826 [INFO] [136/1620] r1 h2 s2 e900  heuristic
2026-07-21 08:18:07,827 [INFO] [137/1620] r1 h2 s2 e900  rings
2026-07-21 08:18:08,056 [INFO] [138/1620] r1 h2 s2 e900  rings_ws
2026-07-21 08:18:08,315 [INFO] [139/1620] r1 h2 s2 e1500  heuristic
2026-07-21 08:18:08,316 [INFO] [140/1620] r1 h2 s2 e1500  rings
2026-07-21 08:18:08,520 [INFO] [141/1620] r1 h2 s2 e1500  rings_ws
2026-07-21 08:18:08,763 [INFO] [142/1620] r1 h2 s2 e2400  heuristic
2026-07-21 08:18:08,764 [INFO] [143/1620] r1 h2 s2 e2400  rings
2026-07-21 08:18:08,960 [INFO] [144/1620] r1 h2 s2 e2400  rings_ws
2026-07-21 08:18:09,213 [INFO] [145/1620] r1 h2 s3 e300  heuristic
2026-07-21 08:18:09,214 [INFO] [146/1620] r1 h2 s3 e300  rings
2026-07-21 08:18:13,049 [INFO] [147/1620] r1 h2 s3 e300  rings_ws
2026-07-21 08:18:15,932 [INFO] [148/1620] r1 h2 s3 e450  heuristic
2026-07-21 08:18:15,932 [INFO] [149/1620] r1 h2 s3 e450  rings
2026-07-21 08:18:21,332 [INFO] [150/1620] r1 h2 s3 e450  rings_ws
2026-07-21 08:18:24,109 [INFO] [151/1620] r1 h2 s3 e600  heuristic
2026-07-21 08:18:24,109 [INFO] [152/1620] r1 h2 s3 e600  rings
2026-07-21 08:18:27,540 [INFO] [153/1620] r1 h2 s3 e600  rings_ws
2026-07-21 08:18:31,085 [INFO] [154/1620] r1 h2 s3 e900  heuristic
2026-07-21 08:18:31,086 [INFO] [155/1620] r1 h2 s3 e900  rings
2026-07-21 08:18:33,793 [INFO] [156/1620] r1 h2 s3 e900  rings_ws
2026-07-21 08:18:37,305 [INFO] [157/1620] r1 h2 s3 e1500  heuristic
2026-07-21 08:18:37,306 [INFO] [158/1620] r1 h2 s3 e1500  rings
2026-07-21 08:18:42,617 [INFO] [159/1620] r1 h2 s3 e1500  rings_ws
2026-07-21 08:18:46,981 [INFO] [160/1620] r1 h2 s3 e2400  heuristic
2026-07-21 08:18:46,983 [INFO] [161/1620] r1 h2 s3 e2400  rings
2026-07-21 08:18:51,297 [INFO] [162/1620] r1 h2 s3 e2400  rings_ws
2026-07-21 08:18:56,694 [INFO] [163/1620] r1 h2 s4 e300  heuristic
2026-07-21 08:18:56,695 [INFO] [164/1620] r1 h2 s4 e300  rings
2026-07-21 08:18:56,916 [INFO] [165/1620] r1 h2 s4 e300  rings_ws
2026-07-21 08:18:57,175 [INFO] [166/1620] r1 h2 s4 e450  heuristic
2026-07-21 08:18:57,175 [INFO] [167/1620] r1 h2 s4 e450  rings
2026-07-21 08:18:57,374 [INFO] [168/1620] r1 h2 s4 e450  rings_ws
2026-07-21 08:18:57,636 [INFO] [169/1620] r1 h2 s4 e600  heuristic
2026-07-21 08:18:57,637 [INFO] [170/1620] r1 h2 s4 e600  rings
2026-07-21 08:18:57,829 [INFO] [171/1620] r1 h2 s4 e600  rings_ws
2026-07-21 08:18:58,073 [INFO] [172/1620] r1 h2 s4 e900  heuristic
2026-07-21 08:18:58,074 [INFO] [173/1620] r1 h2 s4 e900  rings
2026-07-21 08:18:58,249 [INFO] [174/1620] r1 h2 s4 e900  rings_ws
2026-07-21 08:18:58,488 [INFO] [175/1620] r1 h2 s4 e1500  heuristic
2026-07-21 08:18:58,489 [INFO] [176/1620] r1 h2 s4 e1500  rings
2026-07-21 08:18:58,730 [INFO] [177/1620] r1 h2 s4 e1500  rings_ws
2026-07-21 08:18:58,943 [INFO] [178/1620] r1 h2 s4 e2400  heuristic
2026-07-21 08:18:58,943 [INFO] [179/1620] r1 h2 s4 e2400  rings
2026-07-21 08:18:59,187 [INFO] [180/1620] r1 h2 s4 e2400  rings_ws
2026-07-21 08:18:59,399 [INFO] [181/1620] r1 h3 s0 e300  heuristic
2026-07-21 08:18:59,400 [INFO] [182/1620] r1 h3 s0 e300  rings
2026-07-21 08:18:59,765 [INFO] [183/1620] r1 h3 s0 e300  rings_ws
2026-07-21 08:19:00,149 [INFO] [184/1620] r1 h3 s0 e450  heuristic
2026-07-21 08:19:00,150 [INFO] [185/1620] r1 h3 s0 e450  rings
2026-07-21 08:19:00,541 [INFO] [186/1620] r1 h3 s0 e450  rings_ws
2026-07-21 08:19:00,999 [INFO] [187/1620] r1 h3 s0 e600  heuristic
2026-07-21 08:19:01,000 [INFO] [188/1620] r1 h3 s0 e600  rings
2026-07-21 08:19:01,365 [INFO] [189/1620] r1 h3 s0 e600  rings_ws
2026-07-21 08:19:01,757 [INFO] [190/1620] r1 h3 s0 e900  heuristic
2026-07-21 08:19:01,758 [INFO] [191/1620] r1 h3 s0 e900  rings
2026-07-21 08:19:02,139 [INFO] [192/1620] r1 h3 s0 e900  rings_ws
2026-07-21 08:19:02,584 [INFO] [193/1620] r1 h3 s0 e1500  heuristic
2026-07-21 08:19:02,585 [INFO] [194/1620] r1 h3 s0 e1500  rings
2026-07-21 08:19:02,903 [INFO] [195/1620] r1 h3 s0 e1500  rings_ws
2026-07-21 08:19:03,287 [INFO] [196/1620] r1 h3 s0 e2400  heuristic
2026-07-21 08:19:03,288 [INFO] [197/1620] r1 h3 s0 e2400  rings
2026-07-21 08:19:03,586 [INFO] [198/1620] r1 h3 s0 e2400  rings_ws
2026-07-21 08:19:03,936 [INFO] [199/1620] r1 h3 s1 e300  heuristic
2026-07-21 08:19:03,936 [INFO] [200/1620] r1 h3 s1 e300  rings
2026-07-21 08:19:04,119 [INFO] [201/1620] r1 h3 s1 e300  rings_ws
2026-07-21 08:19:04,415 [INFO] [202/1620] r1 h3 s1 e450  heuristic
2026-07-21 08:19:04,415 [INFO] [203/1620] r1 h3 s1 e450  rings
2026-07-21 08:19:04,633 [INFO] [204/1620] r1 h3 s1 e450  rings_ws
2026-07-21 08:19:04,904 [INFO] [205/1620] r1 h3 s1 e600  heuristic
2026-07-21 08:19:04,905 [INFO] [206/1620] r1 h3 s1 e600  rings
2026-07-21 08:19:05,085 [INFO] [207/1620] r1 h3 s1 e600  rings_ws
2026-07-21 08:19:05,298 [INFO] [208/1620] r1 h3 s1 e900  heuristic
2026-07-21 08:19:05,299 [INFO] [209/1620] r1 h3 s1 e900  rings
2026-07-21 08:19:05,526 [INFO] [210/1620] r1 h3 s1 e900  rings_ws
2026-07-21 08:19:05,792 [INFO] [211/1620] r1 h3 s1 e1500  heuristic
2026-07-21 08:19:05,792 [INFO] [212/1620] r1 h3 s1 e1500  rings
2026-07-21 08:19:06,022 [INFO] [213/1620] r1 h3 s1 e1500  rings_ws
2026-07-21 08:19:06,217 [INFO] [214/1620] r1 h3 s1 e2400  heuristic
2026-07-21 08:19:06,218 [INFO] [215/1620] r1 h3 s1 e2400  rings
2026-07-21 08:19:06,436 [INFO] [216/1620] r1 h3 s1 e2400  rings_ws
2026-07-21 08:19:06,646 [INFO] [217/1620] r1 h3 s2 e300  heuristic
2026-07-21 08:19:06,647 [INFO] [218/1620] r1 h3 s2 e300  rings
2026-07-21 08:20:48,802 [INFO] [219/1620] r1 h3 s2 e300  rings_ws
2026-07-21 08:24:03,069 [INFO] [220/1620] r1 h3 s2 e450  heuristic
2026-07-21 08:24:03,070 [INFO] [221/1620] r1 h3 s2 e450  rings
2026-07-21 08:27:58,291 [INFO] [222/1620] r1 h3 s2 e450  rings_ws
2026-07-21 08:29:14,000 [INFO] [223/1620] r1 h3 s2 e600  heuristic
2026-07-21 08:29:14,001 [INFO] [224/1620] r1 h3 s2 e600  rings
2026-07-21 08:30:38,378 [INFO] [225/1620] r1 h3 s2 e600  rings_ws
2026-07-21 08:32:33,709 [INFO] [226/1620] r1 h3 s2 e900  heuristic
2026-07-21 08:32:33,709 [INFO] [227/1620] r1 h3 s2 e900  rings
2026-07-21 08:34:38,515 [INFO] [228/1620] r1 h3 s2 e900  rings_ws
2026-07-21 08:36:18,446 [INFO] [229/1620] r1 h3 s2 e1500  heuristic
2026-07-21 08:36:18,446 [INFO] [230/1620] r1 h3 s2 e1500  rings
2026-07-21 08:37:58,582 [INFO] [231/1620] r1 h3 s2 e1500  rings_ws
2026-07-21 08:39:40,410 [INFO] [232/1620] r1 h3 s2 e2400  heuristic
2026-07-21 08:39:40,411 [INFO] [233/1620] r1 h3 s2 e2400  rings
2026-07-21 08:41:20,820 [INFO] [234/1620] r1 h3 s2 e2400  rings_ws
2026-07-21 08:46:20,952 [INFO] [235/1620] r1 h3 s3 e300  heuristic
2026-07-21 08:46:20,953 [INFO] [236/1620] r1 h3 s3 e300  rings
2026-07-21 08:46:21,025 [INFO] [237/1620] r1 h3 s3 e300  rings_ws
2026-07-21 08:46:21,147 [INFO] [238/1620] r1 h3 s3 e450  heuristic
2026-07-21 08:46:21,148 [INFO] [239/1620] r1 h3 s3 e450  rings
2026-07-21 09:16:21,257 [INFO] [240/1620] r1 h3 s3 e450  rings_ws
2026-07-21 09:46:21,599 [INFO] [241/1620] r1 h3 s3 e600  heuristic
2026-07-21 09:46:21,599 [INFO] [242/1620] r1 h3 s3 e600  rings
2026-07-21 10:16:21,878 [INFO] [243/1620] r1 h3 s3 e600  rings_ws
2026-07-21 10:46:22,209 [INFO] [244/1620] r1 h3 s3 e900  heuristic
2026-07-21 10:46:22,210 [INFO] [245/1620] r1 h3 s3 e900  rings
2026-07-21 11:16:22,519 [INFO] [246/1620] r1 h3 s3 e900  rings_ws
2026-07-21 11:27:35,530 [INFO] [247/1620] r1 h3 s3 e1500  heuristic
2026-07-21 11:27:35,531 [INFO] [248/1620] r1 h3 s3 e1500  rings
2026-07-21 11:29:53,393 [INFO] Loaded endurance levels from compare_results/endurance_levels.json: [300, 450, 600, 900, 1500, 2400]
2026-07-21 11:29:53,414 [INFO] [1/1620] r1 h1 s0 e300  heuristic
2026-07-21 11:29:53,415 [INFO] [2/1620] r1 h1 s0 e300  rings
2026-07-21 11:29:53,416 [INFO] Set parameter Username
2026-07-21 11:29:53,417 [INFO] Academic license - for non-commercial use only - expires 2026-09-24
2026-07-21 11:29:53,497 [INFO] [3/1620] r1 h1 s0 e300  rings_ws
2026-07-21 11:29:53,588 [INFO] [4/1620] r1 h1 s0 e450  heuristic
2026-07-21 11:29:53,588 [INFO] [5/1620] r1 h1 s0 e450  rings
2026-07-21 11:29:53,662 [INFO] [6/1620] r1 h1 s0 e450  rings_ws
2026-07-21 11:29:53,761 [INFO] [7/1620] r1 h1 s0 e600  heuristic
2026-07-21 11:29:53,762 [INFO] [8/1620] r1 h1 s0 e600  rings
2026-07-21 11:29:53,833 [INFO] [9/1620] r1 h1 s0 e600  rings_ws
2026-07-21 11:29:53,933 [INFO] [10/1620] r1 h1 s0 e900  heuristic
2026-07-21 11:29:53,933 [INFO] [11/1620] r1 h1 s0 e900  rings
2026-07-21 11:29:54,004 [INFO] [12/1620] r1 h1 s0 e900  rings_ws
2026-07-21 11:29:54,162 [INFO] [13/1620] r1 h1 s0 e1500  heuristic
2026-07-21 11:29:54,163 [INFO] [14/1620] r1 h1 s0 e1500  rings
2026-07-21 11:29:54,234 [INFO] [15/1620] r1 h1 s0 e1500  rings_ws
2026-07-21 11:29:54,333 [INFO] [16/1620] r1 h1 s0 e2400  heuristic
2026-07-21 11:29:54,334 [INFO] [17/1620] r1 h1 s0 e2400  rings
2026-07-21 11:29:54,406 [INFO] [18/1620] r1 h1 s0 e2400  rings_ws
2026-07-21 11:29:54,506 [INFO] [19/1620] r1 h1 s1 e300  heuristic
2026-07-21 11:29:54,507 [INFO] [20/1620] r1 h1 s1 e300  rings
2026-07-21 11:29:54,578 [INFO] [21/1620] r1 h1 s1 e300  rings_ws
2026-07-21 11:29:54,686 [INFO] [22/1620] r1 h1 s1 e450  heuristic
2026-07-21 11:29:54,687 [INFO] [23/1620] r1 h1 s1 e450  rings
2026-07-21 11:29:54,778 [INFO] [24/1620] r1 h1 s1 e450  rings_ws
2026-07-21 11:29:54,865 [INFO] [25/1620] r1 h1 s1 e600  heuristic
2026-07-21 11:29:54,865 [INFO] [26/1620] r1 h1 s1 e600  rings
2026-07-21 11:29:54,956 [INFO] [27/1620] r1 h1 s1 e600  rings_ws
2026-07-21 11:29:55,034 [INFO] [28/1620] r1 h1 s1 e900  heuristic
2026-07-21 11:29:55,035 [INFO] [29/1620] r1 h1 s1 e900  rings
2026-07-21 11:29:55,155 [INFO] [30/1620] r1 h1 s1 e900  rings_ws
2026-07-21 11:29:55,260 [INFO] [31/1620] r1 h1 s1 e1500  heuristic
2026-07-21 11:29:55,261 [INFO] [32/1620] r1 h1 s1 e1500  rings
2026-07-21 11:29:55,350 [INFO] [33/1620] r1 h1 s1 e1500  rings_ws
2026-07-21 11:29:55,441 [INFO] [34/1620] r1 h1 s1 e2400  heuristic
2026-07-21 11:29:55,441 [INFO] [35/1620] r1 h1 s1 e2400  rings
2026-07-21 11:29:55,532 [INFO] [36/1620] r1 h1 s1 e2400  rings_ws
2026-07-21 11:29:55,620 [INFO] [37/1620] r1 h1 s2 e300  heuristic
2026-07-21 11:29:55,621 [INFO] [38/1620] r1 h1 s2 e300  rings
2026-07-21 11:29:55,676 [INFO] [39/1620] r1 h1 s2 e300  rings_ws
2026-07-21 11:29:55,785 [INFO] [40/1620] r1 h1 s2 e450  heuristic
2026-07-21 11:29:55,786 [INFO] [41/1620] r1 h1 s2 e450  rings
2026-07-21 11:29:55,843 [INFO] [42/1620] r1 h1 s2 e450  rings_ws
2026-07-21 11:29:55,922 [INFO] [43/1620] r1 h1 s2 e600  heuristic
2026-07-21 11:29:55,922 [INFO] [44/1620] r1 h1 s2 e600  rings
2026-07-21 11:29:55,980 [INFO] [45/1620] r1 h1 s2 e600  rings_ws
2026-07-21 11:29:56,060 [INFO] [46/1620] r1 h1 s2 e900  heuristic
2026-07-21 11:29:56,061 [INFO] [47/1620] r1 h1 s2 e900  rings
2026-07-21 11:29:56,122 [INFO] [48/1620] r1 h1 s2 e900  rings_ws
2026-07-21 11:29:56,202 [INFO] [49/1620] r1 h1 s2 e1500  heuristic
2026-07-21 11:29:56,203 [INFO] [50/1620] r1 h1 s2 e1500  rings
2026-07-21 11:29:56,262 [INFO] [51/1620] r1 h1 s2 e1500  rings_ws
2026-07-21 11:29:56,350 [INFO] [52/1620] r1 h1 s2 e2400  heuristic
2026-07-21 11:29:56,350 [INFO] [53/1620] r1 h1 s2 e2400  rings
2026-07-21 11:29:56,413 [INFO] [54/1620] r1 h1 s2 e2400  rings_ws
2026-07-21 11:29:56,505 [INFO] [55/1620] r1 h1 s3 e300  heuristic
2026-07-21 11:29:56,505 [INFO] [56/1620] r1 h1 s3 e300  rings
2026-07-21 11:29:56,943 [INFO] [57/1620] r1 h1 s3 e300  rings_ws
2026-07-21 11:29:57,266 [INFO] [58/1620] r1 h1 s3 e450  heuristic
2026-07-21 11:29:57,267 [INFO] [59/1620] r1 h1 s3 e450  rings
2026-07-21 11:29:57,593 [INFO] [60/1620] r1 h1 s3 e450  rings_ws
2026-07-21 11:29:58,042 [INFO] [61/1620] r1 h1 s3 e600  heuristic
2026-07-21 11:29:58,043 [INFO] [62/1620] r1 h1 s3 e600  rings
2026-07-21 11:29:58,351 [INFO] [63/1620] r1 h1 s3 e600  rings_ws
2026-07-21 11:29:58,903 [INFO] [64/1620] r1 h1 s3 e900  heuristic
2026-07-21 11:29:58,904 [INFO] [65/1620] r1 h1 s3 e900  rings
2026-07-21 11:29:59,198 [INFO] [66/1620] r1 h1 s3 e900  rings_ws
2026-07-21 11:29:59,450 [INFO] [67/1620] r1 h1 s3 e1500  heuristic
2026-07-21 11:29:59,451 [INFO] [68/1620] r1 h1 s3 e1500  rings
2026-07-21 11:29:59,667 [INFO] [69/1620] r1 h1 s3 e1500  rings_ws
2026-07-21 11:29:59,961 [INFO] [70/1620] r1 h1 s3 e2400  heuristic
2026-07-21 11:29:59,961 [INFO] [71/1620] r1 h1 s3 e2400  rings
2026-07-21 11:30:00,213 [INFO] [72/1620] r1 h1 s3 e2400  rings_ws
2026-07-21 11:30:00,495 [INFO] [73/1620] r1 h1 s4 e300  heuristic
2026-07-21 11:30:00,496 [INFO] [74/1620] r1 h1 s4 e300  rings
2026-07-21 11:30:00,555 [INFO] [75/1620] r1 h1 s4 e300  rings_ws
2026-07-21 11:30:00,634 [INFO] [76/1620] r1 h1 s4 e450  heuristic
2026-07-21 11:30:00,634 [INFO] [77/1620] r1 h1 s4 e450  rings
2026-07-21 11:30:00,707 [INFO] [78/1620] r1 h1 s4 e450  rings_ws
2026-07-21 11:30:00,819 [INFO] [79/1620] r1 h1 s4 e600  heuristic
2026-07-21 11:30:00,820 [INFO] [80/1620] r1 h1 s4 e600  rings
2026-07-21 11:30:00,890 [INFO] [81/1620] r1 h1 s4 e600  rings_ws
2026-07-21 11:30:00,985 [INFO] [82/1620] r1 h1 s4 e900  heuristic
2026-07-21 11:30:00,985 [INFO] [83/1620] r1 h1 s4 e900  rings
2026-07-21 11:30:01,054 [INFO] [84/1620] r1 h1 s4 e900  rings_ws
2026-07-21 11:30:01,151 [INFO] [85/1620] r1 h1 s4 e1500  heuristic
2026-07-21 11:30:01,152 [INFO] [86/1620] r1 h1 s4 e1500  rings
2026-07-21 11:30:01,226 [INFO] [87/1620] r1 h1 s4 e1500  rings_ws
2026-07-21 11:30:01,333 [INFO] [88/1620] r1 h1 s4 e2400  heuristic
2026-07-21 11:30:01,334 [INFO] [89/1620] r1 h1 s4 e2400  rings
2026-07-21 11:30:01,403 [INFO] [90/1620] r1 h1 s4 e2400  rings_ws
2026-07-21 11:30:01,505 [INFO] [91/1620] r1 h2 s0 e300  heuristic
2026-07-21 11:30:01,505 [INFO] [92/1620] r1 h2 s0 e300  rings
2026-07-21 11:30:01,694 [INFO] [93/1620] r1 h2 s0 e300  rings_ws
2026-07-21 11:30:01,883 [INFO] [94/1620] r1 h2 s0 e450  heuristic
2026-07-21 11:30:01,883 [INFO] [95/1620] r1 h2 s0 e450  rings
2026-07-21 11:30:02,070 [INFO] [96/1620] r1 h2 s0 e450  rings_ws
2026-07-21 11:30:02,212 [INFO] [97/1620] r1 h2 s0 e600  heuristic
2026-07-21 11:30:02,212 [INFO] [98/1620] r1 h2 s0 e600  rings
2026-07-21 11:30:02,412 [INFO] [99/1620] r1 h2 s0 e600  rings_ws
2026-07-21 11:30:02,574 [INFO] [100/1620] r1 h2 s0 e900  heuristic
2026-07-21 11:30:02,575 [INFO] [101/1620] r1 h2 s0 e900  rings
2026-07-21 11:30:02,770 [INFO] [102/1620] r1 h2 s0 e900  rings_ws
2026-07-21 11:30:02,930 [INFO] [103/1620] r1 h2 s0 e1500  heuristic
2026-07-21 11:30:02,930 [INFO] [104/1620] r1 h2 s0 e1500  rings
2026-07-21 11:30:03,098 [INFO] [105/1620] r1 h2 s0 e1500  rings_ws
2026-07-21 11:30:03,254 [INFO] [106/1620] r1 h2 s0 e2400  heuristic
2026-07-21 11:30:03,254 [INFO] [107/1620] r1 h2 s0 e2400  rings
2026-07-21 11:30:03,389 [INFO] [108/1620] r1 h2 s0 e2400  rings_ws
2026-07-21 11:30:03,550 [INFO] [109/1620] r1 h2 s1 e300  heuristic
2026-07-21 11:30:03,550 [INFO] [110/1620] r1 h2 s1 e300  rings
2026-07-21 11:30:03,653 [INFO] [111/1620] r1 h2 s1 e300  rings_ws
2026-07-21 11:30:03,774 [INFO] [112/1620] r1 h2 s1 e450  heuristic
2026-07-21 11:30:03,774 [INFO] [113/1620] r1 h2 s1 e450  rings
2026-07-21 11:30:03,869 [INFO] [114/1620] r1 h2 s1 e450  rings_ws
2026-07-21 11:30:03,999 [INFO] [115/1620] r1 h2 s1 e600  heuristic
2026-07-21 11:30:03,999 [INFO] [116/1620] r1 h2 s1 e600  rings
2026-07-21 11:30:04,106 [INFO] [117/1620] r1 h2 s1 e600  rings_ws
2026-07-21 11:30:04,251 [INFO] [118/1620] r1 h2 s1 e900  heuristic
2026-07-21 11:30:04,252 [INFO] [119/1620] r1 h2 s1 e900  rings
2026-07-21 11:30:04,350 [INFO] [120/1620] r1 h2 s1 e900  rings_ws
2026-07-21 11:30:04,489 [INFO] [121/1620] r1 h2 s1 e1500  heuristic
2026-07-21 11:30:04,489 [INFO] [122/1620] r1 h2 s1 e1500  rings
2026-07-21 11:30:04,583 [INFO] [123/1620] r1 h2 s1 e1500  rings_ws
2026-07-21 11:30:04,762 [INFO] [124/1620] r1 h2 s1 e2400  heuristic
2026-07-21 11:30:04,762 [INFO] [125/1620] r1 h2 s1 e2400  rings
2026-07-21 11:30:04,876 [INFO] [126/1620] r1 h2 s1 e2400  rings_ws
2026-07-21 11:30:05,035 [INFO] [127/1620] r1 h2 s2 e300  heuristic
2026-07-21 11:30:05,036 [INFO] [128/1620] r1 h2 s2 e300  rings
2026-07-21 11:30:05,252 [INFO] [129/1620] r1 h2 s2 e300  rings_ws
2026-07-21 11:30:05,500 [INFO] [130/1620] r1 h2 s2 e450  heuristic
2026-07-21 11:30:05,500 [INFO] [131/1620] r1 h2 s2 e450  rings
2026-07-21 11:30:05,747 [INFO] [132/1620] r1 h2 s2 e450  rings_ws
2026-07-21 11:30:06,016 [INFO] [133/1620] r1 h2 s2 e600  heuristic
2026-07-21 11:30:06,017 [INFO] [134/1620] r1 h2 s2 e600  rings
2026-07-21 11:30:06,327 [INFO] [135/1620] r1 h2 s2 e600  rings_ws
2026-07-21 11:30:06,565 [INFO] [136/1620] r1 h2 s2 e900  heuristic
2026-07-21 11:30:06,566 [INFO] [137/1620] r1 h2 s2 e900  rings
2026-07-21 11:30:06,800 [INFO] [138/1620] r1 h2 s2 e900  rings_ws
2026-07-21 11:30:07,053 [INFO] [139/1620] r1 h2 s2 e1500  heuristic
2026-07-21 11:30:07,053 [INFO] [140/1620] r1 h2 s2 e1500  rings
2026-07-21 11:30:07,259 [INFO] [141/1620] r1 h2 s2 e1500  rings_ws
2026-07-21 11:30:07,526 [INFO] [142/1620] r1 h2 s2 e2400  heuristic
2026-07-21 11:30:07,527 [INFO] [143/1620] r1 h2 s2 e2400  rings
2026-07-21 11:30:07,741 [INFO] [144/1620] r1 h2 s2 e2400  rings_ws
2026-07-21 11:30:08,031 [INFO] [145/1620] r1 h2 s3 e300  heuristic
2026-07-21 11:30:08,032 [INFO] [146/1620] r1 h2 s3 e300  rings
2026-07-21 11:30:11,854 [INFO] [147/1620] r1 h2 s3 e300  rings_ws
2026-07-21 11:30:14,812 [INFO] [148/1620] r1 h2 s3 e450  heuristic
2026-07-21 11:30:14,813 [INFO] [149/1620] r1 h2 s3 e450  rings
2026-07-21 11:30:19,703 [INFO] [150/1620] r1 h2 s3 e450  rings_ws
2026-07-21 11:30:22,365 [INFO] [151/1620] r1 h2 s3 e600  heuristic
2026-07-21 11:30:22,366 [INFO] [152/1620] r1 h2 s3 e600  rings
2026-07-21 11:30:25,714 [INFO] [153/1620] r1 h2 s3 e600  rings_ws
2026-07-21 11:30:29,200 [INFO] [154/1620] r1 h2 s3 e900  heuristic
2026-07-21 11:30:29,201 [INFO] [155/1620] r1 h2 s3 e900  rings
2026-07-21 11:30:31,847 [INFO] [156/1620] r1 h2 s3 e900  rings_ws
2026-07-21 11:30:34,663 [INFO] [157/1620] r1 h2 s3 e1500  heuristic
2026-07-21 11:30:34,664 [INFO] [158/1620] r1 h2 s3 e1500  rings
2026-07-21 11:30:39,486 [INFO] [159/1620] r1 h2 s3 e1500  rings_ws
2026-07-21 11:30:43,231 [INFO] [160/1620] r1 h2 s3 e2400  heuristic
2026-07-21 11:30:43,231 [INFO] [161/1620] r1 h2 s3 e2400  rings
2026-07-21 11:30:47,520 [INFO] [162/1620] r1 h2 s3 e2400  rings_ws
2026-07-21 11:30:52,907 [INFO] [163/1620] r1 h2 s4 e300  heuristic
2026-07-21 11:30:52,907 [INFO] [164/1620] r1 h2 s4 e300  rings
2026-07-21 11:30:53,130 [INFO] [165/1620] r1 h2 s4 e300  rings_ws
2026-07-21 11:30:53,393 [INFO] [166/1620] r1 h2 s4 e450  heuristic
2026-07-21 11:30:53,394 [INFO] [167/1620] r1 h2 s4 e450  rings
2026-07-21 11:30:53,584 [INFO] [168/1620] r1 h2 s4 e450  rings_ws
2026-07-21 11:30:53,853 [INFO] [169/1620] r1 h2 s4 e600  heuristic
2026-07-21 11:30:53,854 [INFO] [170/1620] r1 h2 s4 e600  rings
2026-07-21 11:30:54,040 [INFO] [171/1620] r1 h2 s4 e600  rings_ws
2026-07-21 11:30:54,287 [INFO] [172/1620] r1 h2 s4 e900  heuristic
2026-07-21 11:30:54,288 [INFO] [173/1620] r1 h2 s4 e900  rings
2026-07-21 11:30:54,464 [INFO] [174/1620] r1 h2 s4 e900  rings_ws
2026-07-21 11:30:54,703 [INFO] [175/1620] r1 h2 s4 e1500  heuristic
2026-07-21 11:30:54,704 [INFO] [176/1620] r1 h2 s4 e1500  rings
2026-07-21 11:30:54,945 [INFO] [177/1620] r1 h2 s4 e1500  rings_ws
2026-07-21 11:30:55,147 [INFO] [178/1620] r1 h2 s4 e2400  heuristic
2026-07-21 11:30:55,148 [INFO] [179/1620] r1 h2 s4 e2400  rings
2026-07-21 11:30:55,391 [INFO] [180/1620] r1 h2 s4 e2400  rings_ws
2026-07-21 11:30:55,601 [INFO] [181/1620] r1 h3 s0 e300  heuristic
2026-07-21 11:30:55,602 [INFO] [182/1620] r1 h3 s0 e300  rings
2026-07-21 11:30:55,964 [INFO] [183/1620] r1 h3 s0 e300  rings_ws
2026-07-21 11:30:56,300 [INFO] [184/1620] r1 h3 s0 e450  heuristic
2026-07-21 11:30:56,301 [INFO] [185/1620] r1 h3 s0 e450  rings
2026-07-21 11:30:56,630 [INFO] [186/1620] r1 h3 s0 e450  rings_ws
2026-07-21 11:30:57,006 [INFO] [187/1620] r1 h3 s0 e600  heuristic
2026-07-21 11:30:57,007 [INFO] [188/1620] r1 h3 s0 e600  rings
2026-07-21 11:30:57,334 [INFO] [189/1620] r1 h3 s0 e600  rings_ws
2026-07-21 11:30:57,712 [INFO] [190/1620] r1 h3 s0 e900  heuristic
2026-07-21 11:30:57,713 [INFO] [191/1620] r1 h3 s0 e900  rings
2026-07-21 11:30:58,067 [INFO] [192/1620] r1 h3 s0 e900  rings_ws
2026-07-21 11:30:58,500 [INFO] [193/1620] r1 h3 s0 e1500  heuristic
2026-07-21 11:30:58,501 [INFO] [194/1620] r1 h3 s0 e1500  rings
2026-07-21 11:30:58,821 [INFO] [195/1620] r1 h3 s0 e1500  rings_ws
2026-07-21 11:30:59,198 [INFO] [196/1620] r1 h3 s0 e2400  heuristic
2026-07-21 11:30:59,199 [INFO] [197/1620] r1 h3 s0 e2400  rings
2026-07-21 11:30:59,495 [INFO] [198/1620] r1 h3 s0 e2400  rings_ws
2026-07-21 11:30:59,885 [INFO] [199/1620] r1 h3 s1 e300  heuristic
2026-07-21 11:30:59,886 [INFO] [200/1620] r1 h3 s1 e300  rings
2026-07-21 11:31:00,082 [INFO] [201/1620] r1 h3 s1 e300  rings_ws
2026-07-21 11:31:00,342 [INFO] [202/1620] r1 h3 s1 e450  heuristic
2026-07-21 11:31:00,343 [INFO] [203/1620] r1 h3 s1 e450  rings
2026-07-21 11:31:00,566 [INFO] [204/1620] r1 h3 s1 e450  rings_ws
2026-07-21 11:31:00,841 [INFO] [205/1620] r1 h3 s1 e600  heuristic
2026-07-21 11:31:00,842 [INFO] [206/1620] r1 h3 s1 e600  rings
2026-07-21 11:31:01,024 [INFO] [207/1620] r1 h3 s1 e600  rings_ws
2026-07-21 11:31:01,243 [INFO] [208/1620] r1 h3 s1 e900  heuristic
2026-07-21 11:31:01,244 [INFO] [209/1620] r1 h3 s1 e900  rings
2026-07-21 11:31:01,474 [INFO] [210/1620] r1 h3 s1 e900  rings_ws
2026-07-21 11:31:01,748 [INFO] [211/1620] r1 h3 s1 e1500  heuristic
2026-07-21 11:31:01,749 [INFO] [212/1620] r1 h3 s1 e1500  rings
2026-07-21 11:31:01,973 [INFO] [213/1620] r1 h3 s1 e1500  rings_ws
2026-07-21 11:31:02,165 [INFO] [214/1620] r1 h3 s1 e2400  heuristic
2026-07-21 11:31:02,166 [INFO] [215/1620] r1 h3 s1 e2400  rings
2026-07-21 11:31:02,386 [INFO] [216/1620] r1 h3 s1 e2400  rings_ws
2026-07-21 11:31:02,600 [INFO] [217/1620] r1 h3 s2 e300  heuristic
2026-07-21 11:31:02,601 [INFO] [218/1620] r1 h3 s2 e300  rings
2026-07-21 11:32:44,191 [INFO] [219/1620] r1 h3 s2 e300  rings_ws
2026-07-21 11:35:58,530 [INFO] [220/1620] r1 h3 s2 e450  heuristic
2026-07-21 11:35:58,531 [INFO] [221/1620] r1 h3 s2 e450  rings
2026-07-21 11:39:53,928 [INFO] [222/1620] r1 h3 s2 e450  rings_ws
2026-07-21 11:41:10,140 [INFO] [223/1620] r1 h3 s2 e600  heuristic
2026-07-21 11:41:10,140 [INFO] [224/1620] r1 h3 s2 e600  rings
2026-07-21 11:42:35,153 [INFO] [225/1620] r1 h3 s2 e600  rings_ws
2026-07-21 11:44:30,131 [INFO] [226/1620] r1 h3 s2 e900  heuristic
2026-07-21 11:44:30,132 [INFO] [227/1620] r1 h3 s2 e900  rings
2026-07-21 11:46:35,003 [INFO] [228/1620] r1 h3 s2 e900  rings_ws
2026-07-21 11:48:15,453 [INFO] [229/1620] r1 h3 s2 e1500  heuristic
2026-07-21 11:48:15,454 [INFO] [230/1620] r1 h3 s2 e1500  rings
2026-07-21 11:49:55,884 [INFO] [231/1620] r1 h3 s2 e1500  rings_ws
2026-07-21 11:51:38,097 [INFO] [232/1620] r1 h3 s2 e2400  heuristic
2026-07-21 11:51:38,098 [INFO] [233/1620] r1 h3 s2 e2400  rings
2026-07-21 11:53:18,634 [INFO] [234/1620] r1 h3 s2 e2400  rings_ws
2026-07-21 11:58:18,593 [INFO] [235/1620] r1 h3 s3 e300  heuristic
2026-07-21 11:58:18,594 [INFO] [236/1620] r1 h3 s3 e300  rings
2026-07-21 11:58:18,693 [INFO] [237/1620] r1 h3 s3 e300  rings_ws
2026-07-21 11:58:18,831 [INFO] [238/1620] r1 h3 s3 e450  heuristic
2026-07-21 11:58:18,832 [INFO] [239/1620] r1 h3 s3 e450  rings
2026-07-21 12:28:18,936 [INFO] [240/1620] r1 h3 s3 e450  rings_ws
2026-07-21 12:58:19,317 [INFO] [241/1620] r1 h3 s3 e600  heuristic
2026-07-21 12:58:19,318 [INFO] [242/1620] r1 h3 s3 e600  rings
2026-07-21 13:28:19,593 [INFO] [243/1620] r1 h3 s3 e600  rings_ws
2026-07-21 13:58:20,122 [INFO] [244/1620] r1 h3 s3 e900  heuristic
2026-07-21 13:58:20,123 [INFO] [245/1620] r1 h3 s3 e900  rings
2026-07-21 14:28:20,363 [INFO] [246/1620] r1 h3 s3 e900  rings_ws
2026-07-21 14:58:20,691 [INFO] [247/1620] r1 h3 s3 e1500  heuristic
2026-07-21 14:58:20,691 [INFO] [248/1620] r1 h3 s3 e1500  rings
2026-07-21 15:28:20,987 [INFO] [249/1620] r1 h3 s3 e1500  rings_ws
2026-07-21 15:58:21,351 [INFO] [250/1620] r1 h3 s3 e2400  heuristic
2026-07-21 15:58:21,351 [INFO] [251/1620] r1 h3 s3 e2400  rings
2026-07-21 16:28:21,597 [INFO] [252/1620] r1 h3 s3 e2400  rings_ws
2026-07-21 16:58:21,887 [INFO] [253/1620] r1 h3 s4 e300  heuristic
2026-07-21 16:58:21,887 [INFO] [254/1620] r1 h3 s4 e300  rings
2026-07-21 16:59:20,058 [INFO] [255/1620] r1 h3 s4 e300  rings_ws
2026-07-21 16:59:44,085 [INFO] [256/1620] r1 h3 s4 e450  heuristic
2026-07-21 16:59:44,086 [INFO] [257/1620] r1 h3 s4 e450  rings
2026-07-21 17:00:20,403 [INFO] [258/1620] r1 h3 s4 e450  rings_ws
2026-07-21 17:01:15,288 [INFO] [259/1620] r1 h3 s4 e600  heuristic
2026-07-21 17:01:15,289 [INFO] [260/1620] r1 h3 s4 e600  rings
2026-07-21 17:02:02,608 [INFO] [261/1620] r1 h3 s4 e600  rings_ws
2026-07-21 17:02:38,126 [INFO] [262/1620] r1 h3 s4 e900  heuristic
2026-07-21 17:02:38,127 [INFO] [263/1620] r1 h3 s4 e900  rings
2026-07-21 17:03:29,755 [INFO] [264/1620] r1 h3 s4 e900  rings_ws
2026-07-21 17:03:56,831 [INFO] [265/1620] r1 h3 s4 e1500  heuristic
2026-07-21 17:03:56,832 [INFO] [266/1620] r1 h3 s4 e1500  rings
2026-07-21 17:04:34,562 [INFO] [267/1620] r1 h3 s4 e1500  rings_ws
2026-07-21 17:05:33,408 [INFO] [268/1620] r1 h3 s4 e2400  heuristic
2026-07-21 17:05:33,408 [INFO] [269/1620] r1 h3 s4 e2400  rings
2026-07-21 17:05:59,761 [INFO] [270/1620] r1 h3 s4 e2400  rings_ws
2026-07-21 17:06:42,857 [INFO] [271/1620] r2 h1 s0 e300  heuristic
2026-07-21 17:06:42,857 [INFO] [272/1620] r2 h1 s0 e300  rings
2026-07-21 17:06:43,248 [INFO] [273/1620] r2 h1 s0 e300  rings_ws
2026-07-21 17:06:43,693 [INFO] [274/1620] r2 h1 s0 e450  heuristic
2026-07-21 17:06:43,694 [INFO] [275/1620] r2 h1 s0 e450  rings
2026-07-21 17:06:44,081 [INFO] [276/1620] r2 h1 s0 e450  rings_ws
2026-07-21 17:06:44,532 [INFO] [277/1620] r2 h1 s0 e600  heuristic
2026-07-21 17:06:44,533 [INFO] [278/1620] r2 h1 s0 e600  rings
2026-07-21 17:06:44,883 [INFO] [279/1620] r2 h1 s0 e600  rings_ws
2026-07-21 17:06:45,347 [INFO] [280/1620] r2 h1 s0 e900  heuristic
2026-07-21 17:06:45,347 [INFO] [281/1620] r2 h1 s0 e900  rings
2026-07-21 17:06:45,764 [INFO] [282/1620] r2 h1 s0 e900  rings_ws
2026-07-21 17:06:46,525 [INFO] [283/1620] r2 h1 s0 e1500  heuristic
2026-07-21 17:06:46,526 [INFO] [284/1620] r2 h1 s0 e1500  rings
2026-07-21 17:06:46,931 [INFO] [285/1620] r2 h1 s0 e1500  rings_ws
2026-07-21 17:06:47,318 [INFO] [286/1620] r2 h1 s0 e2400  heuristic
2026-07-21 17:06:47,318 [INFO] [287/1620] r2 h1 s0 e2400  rings
2026-07-21 17:06:47,650 [INFO] [288/1620] r2 h1 s0 e2400  rings_ws
2026-07-21 17:06:48,094 [INFO] [289/1620] r2 h1 s1 e300  heuristic
2026-07-21 17:06:48,095 [INFO] [290/1620] r2 h1 s1 e300  rings
2026-07-21 17:06:48,469 [INFO] [291/1620] r2 h1 s1 e300  rings_ws
2026-07-21 17:06:48,929 [INFO] [292/1620] r2 h1 s1 e450  heuristic
2026-07-21 17:06:48,929 [INFO] [293/1620] r2 h1 s1 e450  rings
2026-07-21 17:06:49,333 [INFO] [294/1620] r2 h1 s1 e450  rings_ws
2026-07-21 17:06:49,737 [INFO] [295/1620] r2 h1 s1 e600  heuristic
2026-07-21 17:06:49,738 [INFO] [296/1620] r2 h1 s1 e600  rings
2026-07-21 17:06:50,145 [INFO] [297/1620] r2 h1 s1 e600  rings_ws
2026-07-21 17:06:50,592 [INFO] [298/1620] r2 h1 s1 e900  heuristic
2026-07-21 17:06:50,593 [INFO] [299/1620] r2 h1 s1 e900  rings
2026-07-21 17:06:51,038 [INFO] [300/1620] r2 h1 s1 e900  rings_ws
2026-07-21 17:06:51,613 [INFO] [301/1620] r2 h1 s1 e1500  heuristic
2026-07-21 17:06:51,613 [INFO] [302/1620] r2 h1 s1 e1500  rings
2026-07-21 17:06:52,073 [INFO] [303/1620] r2 h1 s1 e1500  rings_ws
2026-07-21 17:06:52,565 [INFO] [304/1620] r2 h1 s1 e2400  heuristic
2026-07-21 17:06:52,566 [INFO] [305/1620] r2 h1 s1 e2400  rings
2026-07-21 17:06:52,919 [INFO] [306/1620] r2 h1 s1 e2400  rings_ws
2026-07-21 17:06:53,882 [INFO] [307/1620] r2 h1 s2 e300  heuristic
2026-07-21 17:06:53,882 [INFO] [308/1620] r2 h1 s2 e300  rings
2026-07-21 17:06:54,864 [INFO] [309/1620] r2 h1 s2 e300  rings_ws
2026-07-21 17:06:55,835 [INFO] [310/1620] r2 h1 s2 e450  heuristic
2026-07-21 17:06:55,836 [INFO] [311/1620] r2 h1 s2 e450  rings
2026-07-21 17:06:56,463 [INFO] [312/1620] r2 h1 s2 e450  rings_ws
2026-07-21 17:06:57,247 [INFO] [313/1620] r2 h1 s2 e600  heuristic
2026-07-21 17:06:57,248 [INFO] [314/1620] r2 h1 s2 e600  rings
2026-07-21 17:06:58,056 [INFO] [315/1620] r2 h1 s2 e600  rings_ws
2026-07-21 17:06:59,271 [INFO] [316/1620] r2 h1 s2 e900  heuristic
2026-07-21 17:06:59,272 [INFO] [317/1620] r2 h1 s2 e900  rings
2026-07-21 17:06:59,932 [INFO] [318/1620] r2 h1 s2 e900  rings_ws
2026-07-21 17:07:00,862 [INFO] [319/1620] r2 h1 s2 e1500  heuristic
2026-07-21 17:07:00,863 [INFO] [320/1620] r2 h1 s2 e1500  rings
2026-07-21 17:07:01,533 [INFO] [321/1620] r2 h1 s2 e1500  rings_ws
2026-07-21 17:07:02,652 [INFO] [322/1620] r2 h1 s2 e2400  heuristic
2026-07-21 17:07:02,653 [INFO] [323/1620] r2 h1 s2 e2400  rings
2026-07-21 17:07:03,267 [INFO] [324/1620] r2 h1 s2 e2400  rings_ws
2026-07-21 17:07:04,384 [INFO] [325/1620] r2 h1 s3 e300  heuristic
2026-07-21 17:07:04,385 [INFO] [326/1620] r2 h1 s3 e300  rings
2026-07-21 17:07:11,206 [INFO] [327/1620] r2 h1 s3 e300  rings_ws
2026-07-21 17:07:16,246 [INFO] [328/1620] r2 h1 s3 e450  heuristic
2026-07-21 17:07:16,247 [INFO] [329/1620] r2 h1 s3 e450  rings
2026-07-21 17:07:21,390 [INFO] [330/1620] r2 h1 s3 e450  rings_ws
2026-07-21 17:07:26,912 [INFO] [331/1620] r2 h1 s3 e600  heuristic
2026-07-21 17:07:26,913 [INFO] [332/1620] r2 h1 s3 e600  rings
2026-07-21 17:07:33,392 [INFO] [333/1620] r2 h1 s3 e600  rings_ws
2026-07-21 17:07:38,556 [INFO] [334/1620] r2 h1 s3 e900  heuristic
2026-07-21 17:07:38,557 [INFO] [335/1620] r2 h1 s3 e900  rings
2026-07-21 17:07:44,220 [INFO] [336/1620] r2 h1 s3 e900  rings_ws
2026-07-21 17:07:51,471 [INFO] [337/1620] r2 h1 s3 e1500  heuristic
2026-07-21 17:07:51,472 [INFO] [338/1620] r2 h1 s3 e1500  rings
2026-07-21 17:07:57,013 [INFO] [339/1620] r2 h1 s3 e1500  rings_ws
2026-07-21 17:08:03,335 [INFO] [340/1620] r2 h1 s3 e2400  heuristic
2026-07-21 17:08:03,336 [INFO] [341/1620] r2 h1 s3 e2400  rings
2026-07-21 17:08:08,294 [INFO] [342/1620] r2 h1 s3 e2400  rings_ws
2026-07-21 17:08:14,127 [INFO] [343/1620] r2 h1 s4 e300  heuristic
2026-07-21 17:08:14,128 [INFO] [344/1620] r2 h1 s4 e300  rings
2026-07-21 17:08:14,972 [INFO] [345/1620] r2 h1 s4 e300  rings_ws
2026-07-21 17:08:15,676 [INFO] [346/1620] r2 h1 s4 e450  heuristic
2026-07-21 17:08:15,677 [INFO] [347/1620] r2 h1 s4 e450  rings
2026-07-21 17:08:16,474 [INFO] [348/1620] r2 h1 s4 e450  rings_ws
2026-07-21 17:08:17,351 [INFO] [349/1620] r2 h1 s4 e600  heuristic
2026-07-21 17:08:17,351 [INFO] [350/1620] r2 h1 s4 e600  rings
2026-07-21 17:08:17,998 [INFO] [351/1620] r2 h1 s4 e600  rings_ws
2026-07-21 17:08:18,918 [INFO] [352/1620] r2 h1 s4 e900  heuristic
2026-07-21 17:08:18,918 [INFO] [353/1620] r2 h1 s4 e900  rings
2026-07-21 17:08:19,580 [INFO] [354/1620] r2 h1 s4 e900  rings_ws
2026-07-21 17:08:20,327 [INFO] [355/1620] r2 h1 s4 e1500  heuristic
2026-07-21 17:08:20,327 [INFO] [356/1620] r2 h1 s4 e1500  rings
2026-07-21 17:08:20,830 [INFO] [357/1620] r2 h1 s4 e1500  rings_ws
2026-07-21 17:08:21,520 [INFO] [358/1620] r2 h1 s4 e2400  heuristic
2026-07-21 17:08:21,521 [INFO] [359/1620] r2 h1 s4 e2400  rings
2026-07-21 17:08:22,442 [INFO] [360/1620] r2 h1 s4 e2400  rings_ws
2026-07-21 17:08:24,789 [INFO] [361/1620] r2 h2 s0 e300  heuristic
2026-07-21 17:08:24,790 [INFO] [362/1620] r2 h2 s0 e300  rings
2026-07-21 17:08:28,594 [INFO] [363/1620] r2 h2 s0 e300  rings_ws
2026-07-21 17:08:32,973 [INFO] [364/1620] r2 h2 s0 e450  heuristic
2026-07-21 17:08:32,974 [INFO] [365/1620] r2 h2 s0 e450  rings
2026-07-21 17:08:36,770 [INFO] [366/1620] r2 h2 s0 e450  rings_ws
2026-07-21 17:08:44,606 [INFO] [367/1620] r2 h2 s0 e600  heuristic
2026-07-21 17:08:44,607 [INFO] [368/1620] r2 h2 s0 e600  rings
2026-07-21 17:08:49,451 [INFO] [369/1620] r2 h2 s0 e600  rings_ws
2026-07-21 17:08:53,735 [INFO] [370/1620] r2 h2 s0 e900  heuristic
2026-07-21 17:08:53,735 [INFO] [371/1620] r2 h2 s0 e900  rings
2026-07-21 17:08:57,241 [INFO] [372/1620] r2 h2 s0 e900  rings_ws
2026-07-21 17:09:02,079 [INFO] [373/1620] r2 h2 s0 e1500  heuristic
2026-07-21 17:09:02,079 [INFO] [374/1620] r2 h2 s0 e1500  rings
2026-07-21 17:09:04,805 [INFO] [375/1620] r2 h2 s0 e1500  rings_ws
2026-07-21 17:09:08,940 [INFO] [376/1620] r2 h2 s0 e2400  heuristic
2026-07-21 17:09:08,940 [INFO] [377/1620] r2 h2 s0 e2400  rings
2026-07-21 17:09:13,271 [INFO] [378/1620] r2 h2 s0 e2400  rings_ws
2026-07-21 17:09:16,580 [INFO] [379/1620] r2 h2 s1 e300  heuristic
2026-07-21 17:09:16,581 [INFO] [380/1620] r2 h2 s1 e300  rings
2026-07-21 17:09:21,699 [INFO] [381/1620] r2 h2 s1 e300  rings_ws
2026-07-21 17:09:29,254 [INFO] [382/1620] r2 h2 s1 e450  heuristic
2026-07-21 17:09:29,254 [INFO] [383/1620] r2 h2 s1 e450  rings
2026-07-21 17:09:39,075 [INFO] [384/1620] r2 h2 s1 e450  rings_ws
2026-07-21 17:09:45,951 [INFO] [385/1620] r2 h2 s1 e600  heuristic
2026-07-21 17:09:45,952 [INFO] [386/1620] r2 h2 s1 e600  rings
2026-07-21 17:09:53,089 [INFO] [387/1620] r2 h2 s1 e600  rings_ws
2026-07-21 17:09:57,579 [INFO] [388/1620] r2 h2 s1 e900  heuristic
2026-07-21 17:09:57,580 [INFO] [389/1620] r2 h2 s1 e900  rings
2026-07-21 17:10:00,403 [INFO] [390/1620] r2 h2 s1 e900  rings_ws
2026-07-21 17:10:04,905 [INFO] [391/1620] r2 h2 s1 e1500  heuristic
2026-07-21 17:10:04,905 [INFO] [392/1620] r2 h2 s1 e1500  rings
2026-07-21 17:10:11,295 [INFO] [393/1620] r2 h2 s1 e1500  rings_ws
2026-07-21 17:10:18,260 [INFO] [394/1620] r2 h2 s1 e2400  heuristic
2026-07-21 17:10:18,261 [INFO] [395/1620] r2 h2 s1 e2400  rings
2026-07-21 17:10:20,534 [INFO] [396/1620] r2 h2 s1 e2400  rings_ws
2026-07-21 17:10:27,179 [INFO] [397/1620] r2 h2 s2 e300  heuristic
2026-07-21 17:10:27,179 [INFO] [398/1620] r2 h2 s2 e300  rings
2026-07-21 17:13:03,564 [INFO] [399/1620] r2 h2 s2 e300  rings_ws
2026-07-21 17:15:00,466 [INFO] [400/1620] r2 h2 s2 e450  heuristic
2026-07-21 17:15:00,467 [INFO] [401/1620] r2 h2 s2 e450  rings
2026-07-21 17:16:19,422 [INFO] [402/1620] r2 h2 s2 e450  rings_ws
2026-07-21 17:18:09,002 [INFO] [403/1620] r2 h2 s2 e600  heuristic
2026-07-21 17:18:09,003 [INFO] [404/1620] r2 h2 s2 e600  rings
2026-07-21 17:21:11,697 [INFO] [405/1620] r2 h2 s2 e600  rings_ws
2026-07-21 17:23:00,204 [INFO] [406/1620] r2 h2 s2 e900  heuristic
2026-07-21 17:23:00,205 [INFO] [407/1620] r2 h2 s2 e900  rings
2026-07-21 17:25:12,844 [INFO] [408/1620] r2 h2 s2 e900  rings_ws
2026-07-21 17:29:19,653 [INFO] [409/1620] r2 h2 s2 e1500  heuristic
2026-07-21 17:29:19,655 [INFO] [410/1620] r2 h2 s2 e1500  rings
2026-07-21 17:33:00,523 [INFO] [411/1620] r2 h2 s2 e1500  rings_ws
2026-07-21 17:36:03,164 [INFO] [412/1620] r2 h2 s2 e2400  heuristic
2026-07-21 17:36:03,165 [INFO] [413/1620] r2 h2 s2 e2400  rings
2026-07-21 17:37:36,214 [INFO] [414/1620] r2 h2 s2 e2400  rings_ws
2026-07-21 17:40:10,196 [INFO] [415/1620] r2 h2 s3 e300  heuristic
2026-07-21 17:40:10,197 [INFO] [416/1620] r2 h2 s3 e300  rings
2026-07-21 17:43:31,424 [INFO] [417/1620] r2 h2 s3 e300  rings_ws
2026-07-21 17:46:03,296 [INFO] [418/1620] r2 h2 s3 e450  heuristic
2026-07-21 17:46:03,297 [INFO] [419/1620] r2 h2 s3 e450  rings
2026-07-21 18:00:10,265 [INFO] [420/1620] r2 h2 s3 e450  rings_ws
2026-07-21 18:09:13,420 [INFO] [421/1620] r2 h2 s3 e600  heuristic
2026-07-21 18:09:13,421 [INFO] [422/1620] r2 h2 s3 e600  rings
2026-07-21 18:23:18,824 [INFO] [423/1620] r2 h2 s3 e600  rings_ws
2026-07-21 18:38:24,954 [INFO] [424/1620] r2 h2 s3 e900  heuristic
2026-07-21 18:38:24,956 [INFO] [425/1620] r2 h2 s3 e900  rings
2026-07-21 18:53:57,566 [INFO] [426/1620] r2 h2 s3 e900  rings_ws
2026-07-21 19:12:01,057 [INFO] [427/1620] r2 h2 s3 e1500  heuristic
2026-07-21 19:12:01,058 [INFO] [428/1620] r2 h2 s3 e1500  rings
2026-07-21 19:16:44,437 [INFO] [429/1620] r2 h2 s3 e1500  rings_ws
2026-07-21 19:25:03,185 [INFO] [430/1620] r2 h2 s3 e2400  heuristic
2026-07-21 19:25:03,185 [INFO] [431/1620] r2 h2 s3 e2400  rings
2026-07-21 19:40:20,562 [INFO] [432/1620] r2 h2 s3 e2400  rings_ws
2026-07-21 19:46:40,827 [INFO] [433/1620] r2 h2 s4 e300  heuristic
2026-07-21 19:46:40,828 [INFO] [434/1620] r2 h2 s4 e300  rings
2026-07-21 19:47:35,206 [INFO] [435/1620] r2 h2 s4 e300  rings_ws
2026-07-21 19:48:38,571 [INFO] [436/1620] r2 h2 s4 e450  heuristic
2026-07-21 19:48:38,571 [INFO] [437/1620] r2 h2 s4 e450  rings
2026-07-21 19:49:41,329 [INFO] [438/1620] r2 h2 s4 e450  rings_ws
2026-07-21 19:50:10,964 [INFO] [439/1620] r2 h2 s4 e600  heuristic
2026-07-21 19:50:10,965 [INFO] [440/1620] r2 h2 s4 e600  rings
2026-07-21 19:51:34,228 [INFO] [441/1620] r2 h2 s4 e600  rings_ws
2026-07-21 19:53:11,514 [INFO] [442/1620] r2 h2 s4 e900  heuristic
2026-07-21 19:53:11,514 [INFO] [443/1620] r2 h2 s4 e900  rings
2026-07-21 19:54:58,452 [INFO] [444/1620] r2 h2 s4 e900  rings_ws
2026-07-21 19:55:34,231 [INFO] [445/1620] r2 h2 s4 e1500  heuristic
2026-07-21 19:55:34,232 [INFO] [446/1620] r2 h2 s4 e1500  rings
2026-07-21 19:57:05,347 [INFO] [447/1620] r2 h2 s4 e1500  rings_ws
2026-07-21 19:57:51,806 [INFO] [448/1620] r2 h2 s4 e2400  heuristic
2026-07-21 19:57:51,807 [INFO] [449/1620] r2 h2 s4 e2400  rings
2026-07-21 19:59:27,970 [INFO] [450/1620] r2 h2 s4 e2400  rings_ws
2026-07-21 20:00:11,505 [INFO] [451/1620] r2 h3 s0 e300  heuristic
2026-07-21 20:00:11,506 [INFO] [452/1620] r2 h3 s0 e300  rings
2026-07-21 20:13:09,204 [INFO] [453/1620] r2 h3 s0 e300  rings_ws
2026-07-21 20:19:26,902 [INFO] [454/1620] r2 h3 s0 e450  heuristic
2026-07-21 20:19:26,903 [INFO] [455/1620] r2 h3 s0 e450  rings
2026-07-21 20:22:40,272 [INFO] [456/1620] r2 h3 s0 e450  rings_ws
2026-07-21 20:26:25,867 [INFO] [457/1620] r2 h3 s0 e600  heuristic
2026-07-21 20:26:25,868 [INFO] [458/1620] r2 h3 s0 e600  rings
2026-07-21 20:32:04,471 [INFO] [459/1620] r2 h3 s0 e600  rings_ws
2026-07-21 20:36:06,824 [INFO] [460/1620] r2 h3 s0 e900  heuristic
2026-07-21 20:36:06,827 [INFO] [461/1620] r2 h3 s0 e900  rings
2026-07-21 20:50:06,020 [INFO] [462/1620] r2 h3 s0 e900  rings_ws
2026-07-21 20:55:48,778 [INFO] [463/1620] r2 h3 s0 e1500  heuristic
2026-07-21 20:55:48,780 [INFO] [464/1620] r2 h3 s0 e1500  rings
2026-07-21 21:01:07,181 [INFO] [465/1620] r2 h3 s0 e1500  rings_ws
2026-07-21 21:05:06,947 [INFO] [466/1620] r2 h3 s0 e2400  heuristic
2026-07-21 21:05:06,948 [INFO] [467/1620] r2 h3 s0 e2400  rings
2026-07-21 21:11:28,928 [INFO] [468/1620] r2 h3 s0 e2400  rings_ws
2026-07-21 21:18:12,322 [INFO] [469/1620] r2 h3 s1 e300  heuristic
2026-07-21 21:18:12,323 [INFO] [470/1620] r2 h3 s1 e300  rings
2026-07-21 21:18:37,828 [INFO] [471/1620] r2 h3 s1 e300  rings_ws
2026-07-21 21:19:17,149 [INFO] [472/1620] r2 h3 s1 e450  heuristic
2026-07-21 21:19:17,150 [INFO] [473/1620] r2 h3 s1 e450  rings
2026-07-21 21:19:40,123 [INFO] [474/1620] r2 h3 s1 e450  rings_ws
2026-07-21 21:20:03,417 [INFO] [475/1620] r2 h3 s1 e600  heuristic
2026-07-21 21:20:03,418 [INFO] [476/1620] r2 h3 s1 e600  rings
2026-07-21 21:20:27,598 [INFO] [477/1620] r2 h3 s1 e600  rings_ws
2026-07-21 21:20:44,652 [INFO] [478/1620] r2 h3 s1 e900  heuristic
2026-07-21 21:20:44,653 [INFO] [479/1620] r2 h3 s1 e900  rings
2026-07-21 21:21:06,777 [INFO] [480/1620] r2 h3 s1 e900  rings_ws
2026-07-21 21:21:30,435 [INFO] [481/1620] r2 h3 s1 e1500  heuristic
2026-07-21 21:21:30,435 [INFO] [482/1620] r2 h3 s1 e1500  rings
2026-07-21 21:22:00,217 [INFO] [483/1620] r2 h3 s1 e1500  rings_ws
2026-07-21 21:22:23,410 [INFO] [484/1620] r2 h3 s1 e2400  heuristic
2026-07-21 21:22:23,410 [INFO] [485/1620] r2 h3 s1 e2400  rings
2026-07-21 21:22:51,317 [INFO] [486/1620] r2 h3 s1 e2400  rings_ws
2026-07-21 21:23:21,441 [INFO] [487/1620] r2 h3 s2 e300  heuristic
2026-07-21 21:23:21,442 [INFO] [488/1620] r2 h3 s2 e300  rings
2026-07-21 21:53:21,688 [INFO] [489/1620] r2 h3 s2 e300  rings_ws
2026-07-21 22:23:22,430 [INFO] [490/1620] r2 h3 s2 e450  heuristic
2026-07-21 22:23:22,430 [INFO] [491/1620] r2 h3 s2 e450  rings
2026-07-21 22:53:23,178 [INFO] [492/1620] r2 h3 s2 e450  rings_ws
2026-07-21 23:23:23,977 [INFO] [493/1620] r2 h3 s2 e600  heuristic
2026-07-21 23:23:23,978 [INFO] [494/1620] r2 h3 s2 e600  rings
2026-07-21 23:53:24,692 [INFO] [495/1620] r2 h3 s2 e600  rings_ws
2026-07-22 00:23:25,525 [INFO] [496/1620] r2 h3 s2 e900  heuristic
2026-07-22 00:23:25,527 [INFO] [497/1620] r2 h3 s2 e900  rings
2026-07-22 00:53:26,162 [INFO] [498/1620] r2 h3 s2 e900  rings_ws
2026-07-22 01:23:26,943 [INFO] [499/1620] r2 h3 s2 e1500  heuristic
2026-07-22 01:23:26,944 [INFO] [500/1620] r2 h3 s2 e1500  rings
2026-07-22 01:53:27,628 [INFO] [501/1620] r2 h3 s2 e1500  rings_ws
2026-07-22 02:23:28,438 [INFO] [502/1620] r2 h3 s2 e2400  heuristic
2026-07-22 02:23:28,438 [INFO] [503/1620] r2 h3 s2 e2400  rings
2026-07-22 02:53:29,134 [INFO] [504/1620] r2 h3 s2 e2400  rings_ws
2026-07-22 03:23:30,610 [INFO] [505/1620] r2 h3 s3 e300  heuristic
2026-07-22 03:23:30,611 [INFO] [506/1620] r2 h3 s3 e300  rings
2026-07-22 03:53:31,308 [INFO] [507/1620] r2 h3 s3 e300  rings_ws
2026-07-22 04:23:31,923 [INFO] [508/1620] r2 h3 s3 e450  heuristic
2026-07-22 04:23:31,924 [INFO] [509/1620] r2 h3 s3 e450  rings
2026-07-22 04:53:32,461 [INFO] [510/1620] r2 h3 s3 e450  rings_ws
2026-07-22 05:23:33,349 [INFO] [511/1620] r2 h3 s3 e600  heuristic
2026-07-22 05:23:33,350 [INFO] [512/1620] r2 h3 s3 e600  rings
2026-07-22 05:53:34,014 [INFO] [513/1620] r2 h3 s3 e600  rings_ws
2026-07-22 06:23:35,266 [INFO] [514/1620] r2 h3 s3 e900  heuristic
2026-07-22 06:23:35,267 [INFO] [515/1620] r2 h3 s3 e900  rings
2026-07-22 06:53:36,014 [INFO] [516/1620] r2 h3 s3 e900  rings_ws
2026-07-22 07:23:36,920 [INFO] [517/1620] r2 h3 s3 e1500  heuristic
2026-07-22 07:23:36,922 [INFO] [518/1620] r2 h3 s3 e1500  rings
2026-07-22 07:53:37,588 [INFO] [519/1620] r2 h3 s3 e1500  rings_ws
2026-07-22 08:23:38,428 [INFO] [520/1620] r2 h3 s3 e2400  heuristic
2026-07-22 08:23:38,429 [INFO] [521/1620] r2 h3 s3 e2400  rings
2026-07-22 08:53:39,198 [INFO] [522/1620] r2 h3 s3 e2400  rings_ws
2026-07-22 09:23:40,204 [INFO] [523/1620] r2 h3 s4 e300  heuristic
2026-07-22 09:23:40,205 [INFO] [524/1620] r2 h3 s4 e300  rings
2026-07-22 09:53:40,918 [INFO] [525/1620] r2 h3 s4 e300  rings_ws
2026-07-22 10:23:41,495 [INFO] [526/1620] r2 h3 s4 e450  heuristic
2026-07-22 10:23:41,496 [INFO] [527/1620] r2 h3 s4 e450  rings
2026-07-22 10:53:41,920 [INFO] [528/1620] r2 h3 s4 e450  rings_ws
2026-07-22 11:23:42,461 [INFO] [529/1620] r2 h3 s4 e600  heuristic
2026-07-22 11:23:42,462 [INFO] [530/1620] r2 h3 s4 e600  rings
2026-07-22 11:53:42,961 [INFO] [531/1620] r2 h3 s4 e600  rings_ws
2026-07-22 12:23:43,566 [INFO] [532/1620] r2 h3 s4 e900  heuristic
2026-07-22 12:23:43,567 [INFO] [533/1620] r2 h3 s4 e900  rings
2026-07-22 12:53:44,196 [INFO] [534/1620] r2 h3 s4 e900  rings_ws
2026-07-22 13:23:44,827 [INFO] [535/1620] r2 h3 s4 e1500  heuristic
2026-07-22 13:23:44,828 [INFO] [536/1620] r2 h3 s4 e1500  rings
2026-07-22 13:53:45,264 [INFO] [537/1620] r2 h3 s4 e1500  rings_ws
2026-07-22 14:23:45,843 [INFO] [538/1620] r2 h3 s4 e2400  heuristic
2026-07-22 14:23:45,845 [INFO] [539/1620] r2 h3 s4 e2400  rings
2026-07-22 14:53:46,567 [INFO] [540/1620] r2 h3 s4 e2400  rings_ws
2026-07-22 15:23:47,238 [INFO] [541/1620] r3 h1 s0 e300  heuristic
2026-07-22 15:23:47,239 [INFO] [542/1620] r3 h1 s0 e300  rings
2026-07-22 15:23:56,004 [INFO] [543/1620] r3 h1 s0 e300  rings_ws
2026-07-22 15:24:04,922 [INFO] [544/1620] r3 h1 s0 e450  heuristic
2026-07-22 15:24:04,923 [INFO] [545/1620] r3 h1 s0 e450  rings
2026-07-22 15:24:14,812 [INFO] [546/1620] r3 h1 s0 e450  rings_ws
2026-07-22 15:24:22,568 [INFO] [547/1620] r3 h1 s0 e600  heuristic
2026-07-22 15:24:22,569 [INFO] [548/1620] r3 h1 s0 e600  rings
2026-07-22 15:24:28,403 [INFO] [549/1620] r3 h1 s0 e600  rings_ws
2026-07-22 15:24:34,210 [INFO] [550/1620] r3 h1 s0 e900  heuristic
2026-07-22 15:24:34,211 [INFO] [551/1620] r3 h1 s0 e900  rings
2026-07-22 15:24:41,875 [INFO] [552/1620] r3 h1 s0 e900  rings_ws
2026-07-22 15:24:49,800 [INFO] [553/1620] r3 h1 s0 e1500  heuristic
2026-07-22 15:24:49,801 [INFO] [554/1620] r3 h1 s0 e1500  rings
2026-07-22 15:24:55,810 [INFO] [555/1620] r3 h1 s0 e1500  rings_ws
2026-07-22 15:25:02,195 [INFO] [556/1620] r3 h1 s0 e2400  heuristic
2026-07-22 15:25:02,197 [INFO] [557/1620] r3 h1 s0 e2400  rings
2026-07-22 15:25:09,004 [INFO] [558/1620] r3 h1 s0 e2400  rings_ws
2026-07-22 15:25:17,169 [INFO] [559/1620] r3 h1 s1 e300  heuristic
2026-07-22 15:25:17,170 [INFO] [560/1620] r3 h1 s1 e300  rings
2026-07-22 15:25:28,618 [INFO] [561/1620] r3 h1 s1 e300  rings_ws
2026-07-22 15:25:37,387 [INFO] [562/1620] r3 h1 s1 e450  heuristic
2026-07-22 15:25:37,388 [INFO] [563/1620] r3 h1 s1 e450  rings
2026-07-22 15:25:50,098 [INFO] [564/1620] r3 h1 s1 e450  rings_ws
2026-07-22 15:26:12,567 [INFO] [565/1620] r3 h1 s1 e600  heuristic
2026-07-22 15:26:12,567 [INFO] [566/1620] r3 h1 s1 e600  rings
2026-07-22 15:26:23,084 [INFO] [567/1620] r3 h1 s1 e600  rings_ws
2026-07-22 15:26:42,126 [INFO] [568/1620] r3 h1 s1 e900  heuristic
2026-07-22 15:26:42,127 [INFO] [569/1620] r3 h1 s1 e900  rings
2026-07-22 15:26:56,606 [INFO] [570/1620] r3 h1 s1 e900  rings_ws
2026-07-22 15:27:25,015 [INFO] [571/1620] r3 h1 s1 e1500  heuristic
2026-07-22 15:27:25,017 [INFO] [572/1620] r3 h1 s1 e1500  rings
2026-07-22 15:27:42,527 [INFO] [573/1620] r3 h1 s1 e1500  rings_ws
2026-07-22 15:27:57,358 [INFO] [574/1620] r3 h1 s1 e2400  heuristic
2026-07-22 15:27:57,359 [INFO] [575/1620] r3 h1 s1 e2400  rings
2026-07-22 15:28:05,035 [INFO] [576/1620] r3 h1 s1 e2400  rings_ws
2026-07-22 15:28:18,010 [INFO] [577/1620] r3 h1 s2 e300  heuristic
2026-07-22 15:28:18,011 [INFO] [578/1620] r3 h1 s2 e300  rings
2026-07-22 15:28:27,869 [INFO] [579/1620] r3 h1 s2 e300  rings_ws
2026-07-22 15:28:37,720 [INFO] [580/1620] r3 h1 s2 e450  heuristic
2026-07-22 15:28:37,720 [INFO] [581/1620] r3 h1 s2 e450  rings
2026-07-22 15:28:46,027 [INFO] [582/1620] r3 h1 s2 e450  rings_ws
2026-07-22 15:28:53,752 [INFO] [583/1620] r3 h1 s2 e600  heuristic
2026-07-22 15:28:53,753 [INFO] [584/1620] r3 h1 s2 e600  rings
2026-07-22 15:29:01,577 [INFO] [585/1620] r3 h1 s2 e600  rings_ws
2026-07-22 15:29:09,237 [INFO] [586/1620] r3 h1 s2 e900  heuristic
2026-07-22 15:29:09,238 [INFO] [587/1620] r3 h1 s2 e900  rings
2026-07-22 15:29:15,291 [INFO] [588/1620] r3 h1 s2 e900  rings_ws
2026-07-22 15:29:22,808 [INFO] [589/1620] r3 h1 s2 e1500  heuristic
2026-07-22 15:29:22,808 [INFO] [590/1620] r3 h1 s2 e1500  rings
2026-07-22 15:29:30,835 [INFO] [591/1620] r3 h1 s2 e1500  rings_ws
2026-07-22 15:29:37,289 [INFO] [592/1620] r3 h1 s2 e2400  heuristic
2026-07-22 15:29:37,289 [INFO] [593/1620] r3 h1 s2 e2400  rings
2026-07-22 15:29:47,114 [INFO] [594/1620] r3 h1 s2 e2400  rings_ws
2026-07-22 15:29:55,581 [INFO] [595/1620] r3 h1 s3 e300  heuristic
2026-07-22 15:29:55,582 [INFO] [596/1620] r3 h1 s3 e300  rings
2026-07-22 15:32:09,162 [INFO] [597/1620] r3 h1 s3 e300  rings_ws
2026-07-22 15:34:55,220 [INFO] [598/1620] r3 h1 s3 e450  heuristic
2026-07-22 15:34:55,221 [INFO] [599/1620] r3 h1 s3 e450  rings
2026-07-22 15:36:45,903 [INFO] [600/1620] r3 h1 s3 e450  rings_ws
2026-07-22 15:38:46,206 [INFO] [601/1620] r3 h1 s3 e600  heuristic
2026-07-22 15:38:46,207 [INFO] [602/1620] r3 h1 s3 e600  rings
2026-07-22 15:40:39,515 [INFO] [603/1620] r3 h1 s3 e600  rings_ws
2026-07-22 15:43:44,090 [INFO] [604/1620] r3 h1 s3 e900  heuristic
2026-07-22 15:43:44,091 [INFO] [605/1620] r3 h1 s3 e900  rings
2026-07-22 15:47:00,528 [INFO] [606/1620] r3 h1 s3 e900  rings_ws
2026-07-22 15:55:39,459 [INFO] [607/1620] r3 h1 s3 e1500  heuristic
2026-07-22 15:55:39,460 [INFO] [608/1620] r3 h1 s3 e1500  rings
2026-07-22 15:58:17,863 [INFO] [609/1620] r3 h1 s3 e1500  rings_ws
2026-07-22 16:03:02,914 [INFO] [610/1620] r3 h1 s3 e2400  heuristic
2026-07-22 16:03:02,915 [INFO] [611/1620] r3 h1 s3 e2400  rings
2026-07-22 16:07:49,150 [INFO] [612/1620] r3 h1 s3 e2400  rings_ws
2026-07-22 16:08:41,244 [INFO] [613/1620] r3 h1 s4 e300  heuristic
2026-07-22 16:08:41,245 [INFO] [614/1620] r3 h1 s4 e300  rings
2026-07-22 16:08:48,739 [INFO] [615/1620] r3 h1 s4 e300  rings_ws
2026-07-22 16:08:59,349 [INFO] [616/1620] r3 h1 s4 e450  heuristic
2026-07-22 16:08:59,350 [INFO] [617/1620] r3 h1 s4 e450  rings
2026-07-22 16:09:19,715 [INFO] [618/1620] r3 h1 s4 e450  rings_ws
2026-07-22 16:09:35,696 [INFO] [619/1620] r3 h1 s4 e600  heuristic
2026-07-22 16:09:35,697 [INFO] [620/1620] r3 h1 s4 e600  rings
2026-07-22 16:09:46,738 [INFO] [621/1620] r3 h1 s4 e600  rings_ws
2026-07-22 16:09:55,193 [INFO] [622/1620] r3 h1 s4 e900  heuristic
2026-07-22 16:09:55,194 [INFO] [623/1620] r3 h1 s4 e900  rings
2026-07-22 16:10:27,277 [INFO] [624/1620] r3 h1 s4 e900  rings_ws
2026-07-22 16:10:45,638 [INFO] [625/1620] r3 h1 s4 e1500  heuristic
2026-07-22 16:10:45,639 [INFO] [626/1620] r3 h1 s4 e1500  rings
2026-07-22 16:11:25,469 [INFO] [627/1620] r3 h1 s4 e1500  rings_ws
2026-07-22 16:11:35,435 [INFO] [628/1620] r3 h1 s4 e2400  heuristic
2026-07-22 16:11:35,436 [INFO] [629/1620] r3 h1 s4 e2400  rings
2026-07-22 16:11:55,771 [INFO] [630/1620] r3 h1 s4 e2400  rings_ws
2026-07-22 16:12:06,402 [INFO] [631/1620] r3 h2 s0 e300  heuristic
2026-07-22 16:12:06,403 [INFO] [632/1620] r3 h2 s0 e300  rings
2026-07-22 16:42:06,696 [INFO] [633/1620] r3 h2 s0 e300  rings_ws
2026-07-22 17:12:07,131 [INFO] [634/1620] r3 h2 s0 e450  heuristic
2026-07-22 17:12:07,132 [INFO] [635/1620] r3 h2 s0 e450  rings
2026-07-22 17:19:52,821 [INFO] [636/1620] r3 h2 s0 e450  rings_ws
2026-07-22 17:27:02,661 [INFO] [637/1620] r3 h2 s0 e600  heuristic
2026-07-22 17:27:02,662 [INFO] [638/1620] r3 h2 s0 e600  rings
2026-07-22 17:31:03,702 [INFO] [639/1620] r3 h2 s0 e600  rings_ws
2026-07-22 17:43:14,838 [INFO] [640/1620] r3 h2 s0 e900  heuristic
2026-07-22 17:43:14,839 [INFO] [641/1620] r3 h2 s0 e900  rings
2026-07-22 17:54:28,524 [INFO] [642/1620] r3 h2 s0 e900  rings_ws
2026-07-22 18:04:10,858 [INFO] [643/1620] r3 h2 s0 e1500  heuristic
2026-07-22 18:04:10,859 [INFO] [644/1620] r3 h2 s0 e1500  rings
2026-07-22 18:11:12,314 [INFO] [645/1620] r3 h2 s0 e1500  rings_ws
2026-07-22 18:14:48,440 [INFO] [646/1620] r3 h2 s0 e2400  heuristic
2026-07-22 18:14:48,441 [INFO] [647/1620] r3 h2 s0 e2400  rings
2026-07-22 18:18:44,056 [INFO] [648/1620] r3 h2 s0 e2400  rings_ws
2026-07-22 18:24:54,690 [INFO] [649/1620] r3 h2 s1 e300  heuristic
2026-07-22 18:24:54,691 [INFO] [650/1620] r3 h2 s1 e300  rings
2026-07-22 18:54:55,038 [INFO] [651/1620] r3 h2 s1 e300  rings_ws
2026-07-22 19:24:55,519 [INFO] [652/1620] r3 h2 s1 e450  heuristic
2026-07-22 19:24:55,520 [INFO] [653/1620] r3 h2 s1 e450  rings
2026-07-22 19:54:55,823 [INFO] [654/1620] r3 h2 s1 e450  rings_ws
2026-07-22 20:24:56,320 [INFO] [655/1620] r3 h2 s1 e600  heuristic
2026-07-22 20:24:56,321 [INFO] [656/1620] r3 h2 s1 e600  rings
2026-07-22 20:54:56,833 [INFO] [657/1620] r3 h2 s1 e600  rings_ws
2026-07-22 21:24:57,416 [INFO] [658/1620] r3 h2 s1 e900  heuristic
2026-07-22 21:24:57,417 [INFO] [659/1620] r3 h2 s1 e900  rings
2026-07-22 21:54:57,836 [INFO] [660/1620] r3 h2 s1 e900  rings_ws
2026-07-22 22:24:58,284 [INFO] [661/1620] r3 h2 s1 e1500  heuristic
2026-07-22 22:24:58,285 [INFO] [662/1620] r3 h2 s1 e1500  rings
2026-07-22 22:54:58,666 [INFO] [663/1620] r3 h2 s1 e1500  rings_ws
2026-07-22 23:24:59,234 [INFO] [664/1620] r3 h2 s1 e2400  heuristic
2026-07-22 23:24:59,235 [INFO] [665/1620] r3 h2 s1 e2400  rings
2026-07-22 23:54:59,638 [INFO] [666/1620] r3 h2 s1 e2400  rings_ws
2026-07-23 00:25:00,734 [INFO] [667/1620] r3 h2 s2 e300  heuristic
2026-07-23 00:25:00,735 [INFO] [668/1620] r3 h2 s2 e300  rings
2026-07-23 00:52:45,888 [INFO] [669/1620] r3 h2 s2 e300  rings_ws
2026-07-23 01:09:30,749 [INFO] [670/1620] r3 h2 s2 e450  heuristic
2026-07-23 01:09:30,750 [INFO] [671/1620] r3 h2 s2 e450  rings
2026-07-23 01:39:30,994 [INFO] [672/1620] r3 h2 s2 e450  rings_ws
2026-07-23 02:09:31,447 [INFO] [673/1620] r3 h2 s2 e600  heuristic
2026-07-23 02:09:31,448 [INFO] [674/1620] r3 h2 s2 e600  rings
2026-07-23 02:28:43,773 [INFO] [675/1620] r3 h2 s2 e600  rings_ws
2026-07-23 02:58:44,187 [INFO] [676/1620] r3 h2 s2 e900  heuristic
2026-07-23 02:58:44,188 [INFO] [677/1620] r3 h2 s2 e900  rings
2026-07-23 03:10:55,702 [INFO] [678/1620] r3 h2 s2 e900  rings_ws
2026-07-23 03:29:07,631 [INFO] [679/1620] r3 h2 s2 e1500  heuristic
2026-07-23 03:29:07,634 [INFO] [680/1620] r3 h2 s2 e1500  rings
2026-07-23 03:37:33,823 [INFO] [681/1620] r3 h2 s2 e1500  rings_ws
2026-07-23 03:47:28,242 [INFO] [682/1620] r3 h2 s2 e2400  heuristic
2026-07-23 03:47:28,243 [INFO] [683/1620] r3 h2 s2 e2400  rings
2026-07-23 04:17:28,483 [INFO] [684/1620] r3 h2 s2 e2400  rings_ws
2026-07-23 04:41:40,123 [INFO] [685/1620] r3 h2 s3 e300  heuristic
2026-07-23 04:41:40,125 [INFO] [686/1620] r3 h2 s3 e300  rings
2026-07-23 05:11:40,384 [INFO] [687/1620] r3 h2 s3 e300  rings_ws
2026-07-23 05:41:41,075 [INFO] [688/1620] r3 h2 s3 e450  heuristic
2026-07-23 05:41:41,076 [INFO] [689/1620] r3 h2 s3 e450  rings
2026-07-23 06:11:41,659 [INFO] [690/1620] r3 h2 s3 e450  rings_ws
2026-07-23 06:41:42,446 [INFO] [691/1620] r3 h2 s3 e600  heuristic
2026-07-23 06:41:42,447 [INFO] [692/1620] r3 h2 s3 e600  rings
2026-07-23 07:11:42,929 [INFO] [693/1620] r3 h2 s3 e600  rings_ws
2026-07-23 07:41:43,770 [INFO] [694/1620] r3 h2 s3 e900  heuristic
2026-07-23 07:41:43,771 [INFO] [695/1620] r3 h2 s3 e900  rings
2026-07-23 08:11:44,273 [INFO] [696/1620] r3 h2 s3 e900  rings_ws
2026-07-23 08:41:44,792 [INFO] [697/1620] r3 h2 s3 e1500  heuristic
2026-07-23 08:41:44,793 [INFO] [698/1620] r3 h2 s3 e1500  rings
2026-07-23 09:11:45,315 [INFO] [699/1620] r3 h2 s3 e1500  rings_ws
2026-07-23 09:41:46,065 [INFO] [700/1620] r3 h2 s3 e2400  heuristic
2026-07-23 09:41:46,067 [INFO] [701/1620] r3 h2 s3 e2400  rings
2026-07-23 10:11:46,716 [INFO] [702/1620] r3 h2 s3 e2400  rings_ws
2026-07-23 10:41:47,472 [INFO] [703/1620] r3 h2 s4 e300  heuristic
2026-07-23 10:41:47,474 [INFO] [704/1620] r3 h2 s4 e300  rings
2026-07-23 10:51:53,472 [INFO] [705/1620] r3 h2 s4 e300  rings_ws
2026-07-23 10:58:28,405 [INFO] [706/1620] r3 h2 s4 e450  heuristic
2026-07-23 10:58:28,407 [INFO] [707/1620] r3 h2 s4 e450  rings
2026-07-23 11:28:28,665 [INFO] [708/1620] r3 h2 s4 e450  rings_ws
2026-07-23 11:58:29,255 [INFO] [709/1620] r3 h2 s4 e600  heuristic
2026-07-23 11:58:29,256 [INFO] [710/1620] r3 h2 s4 e600  rings
2026-07-23 12:28:30,029 [INFO] [711/1620] r3 h2 s4 e600  rings_ws
2026-07-23 12:58:30,820 [INFO] [712/1620] r3 h2 s4 e900  heuristic
2026-07-23 12:58:30,821 [INFO] [713/1620] r3 h2 s4 e900  rings
2026-07-23 13:28:31,527 [INFO] [714/1620] r3 h2 s4 e900  rings_ws
2026-07-23 13:58:32,436 [INFO] [715/1620] r3 h2 s4 e1500  heuristic
2026-07-23 13:58:32,437 [INFO] [716/1620] r3 h2 s4 e1500  rings
2026-07-23 14:28:33,078 [INFO] [717/1620] r3 h2 s4 e1500  rings_ws
2026-07-23 14:58:33,712 [INFO] [718/1620] r3 h2 s4 e2400  heuristic
2026-07-23 14:58:33,714 [INFO] [719/1620] r3 h2 s4 e2400  rings
2026-07-23 15:28:34,214 [INFO] [720/1620] r3 h2 s4 e2400  rings_ws
2026-07-23 15:58:35,115 [INFO] [721/1620] r3 h3 s0 e300  heuristic
2026-07-23 15:58:35,117 [INFO] [722/1620] r3 h3 s0 e300  rings
2026-07-23 16:28:35,928 [INFO] [723/1620] r3 h3 s0 e300  rings_ws
2026-07-23 16:58:37,004 [INFO] [724/1620] r3 h3 s0 e450  heuristic
2026-07-23 16:58:37,005 [INFO] [725/1620] r3 h3 s0 e450  rings
2026-07-23 17:28:37,878 [INFO] [726/1620] r3 h3 s0 e450  rings_ws
2026-07-23 17:58:39,149 [INFO] [727/1620] r3 h3 s0 e600  heuristic
2026-07-23 17:58:39,150 [INFO] [728/1620] r3 h3 s0 e600  rings
2026-07-23 18:28:40,151 [INFO] [729/1620] r3 h3 s0 e600  rings_ws
2026-07-23 18:58:41,287 [INFO] [730/1620] r3 h3 s0 e900  heuristic
2026-07-23 18:58:41,288 [INFO] [731/1620] r3 h3 s0 e900  rings
2026-07-23 19:28:42,398 [INFO] [732/1620] r3 h3 s0 e900  rings_ws
2026-07-23 19:58:43,283 [INFO] [733/1620] r3 h3 s0 e1500  heuristic
2026-07-23 19:58:43,285 [INFO] [734/1620] r3 h3 s0 e1500  rings
2026-07-23 20:28:44,598 [INFO] [735/1620] r3 h3 s0 e1500  rings_ws
2026-07-23 20:58:45,665 [INFO] [736/1620] r3 h3 s0 e2400  heuristic
2026-07-23 20:58:45,666 [INFO] [737/1620] r3 h3 s0 e2400  rings
2026-07-23 21:28:46,511 [INFO] [738/1620] r3 h3 s0 e2400  rings_ws
2026-07-23 21:58:47,463 [INFO] [739/1620] r3 h3 s1 e300  heuristic
2026-07-23 21:58:47,464 [INFO] [740/1620] r3 h3 s1 e300  rings
2026-07-23 22:28:48,343 [INFO] [741/1620] r3 h3 s1 e300  rings_ws
2026-07-23 22:58:49,128 [INFO] [742/1620] r3 h3 s1 e450  heuristic
2026-07-23 22:58:49,129 [INFO] [743/1620] r3 h3 s1 e450  rings
2026-07-23 23:28:49,888 [INFO] [744/1620] r3 h3 s1 e450  rings_ws
2026-07-23 23:58:50,786 [INFO] [745/1620] r3 h3 s1 e600  heuristic
2026-07-23 23:58:50,787 [INFO] [746/1620] r3 h3 s1 e600  rings
2026-07-24 00:28:51,838 [INFO] [747/1620] r3 h3 s1 e600  rings_ws
2026-07-24 00:58:52,615 [INFO] [748/1620] r3 h3 s1 e900  heuristic
2026-07-24 00:58:52,616 [INFO] [749/1620] r3 h3 s1 e900  rings
2026-07-24 01:28:53,396 [INFO] [750/1620] r3 h3 s1 e900  rings_ws
2026-07-24 01:58:54,518 [INFO] [751/1620] r3 h3 s1 e1500  heuristic
2026-07-24 01:58:54,520 [INFO] [752/1620] r3 h3 s1 e1500  rings
2026-07-24 02:28:55,334 [INFO] [753/1620] r3 h3 s1 e1500  rings_ws
2026-07-24 02:58:56,332 [INFO] [754/1620] r3 h3 s1 e2400  heuristic
2026-07-24 02:58:56,334 [INFO] [755/1620] r3 h3 s1 e2400  rings
2026-07-24 03:28:57,094 [INFO] [756/1620] r3 h3 s1 e2400  rings_ws
2026-07-24 03:58:58,457 [INFO] [757/1620] r3 h3 s2 e300  heuristic
2026-07-24 03:58:58,458 [INFO] [758/1620] r3 h3 s2 e300  rings
2026-07-24 04:28:59,284 [INFO] [759/1620] r3 h3 s2 e300  rings_ws
2026-07-24 04:59:00,267 [INFO] [760/1620] r3 h3 s2 e450  heuristic
2026-07-24 04:59:00,268 [INFO] [761/1620] r3 h3 s2 e450  rings
2026-07-24 05:29:01,469 [INFO] [762/1620] r3 h3 s2 e450  rings_ws
2026-07-24 05:59:02,519 [INFO] [763/1620] r3 h3 s2 e600  heuristic
2026-07-24 05:59:02,520 [INFO] [764/1620] r3 h3 s2 e600  rings
2026-07-24 06:29:03,442 [INFO] [765/1620] r3 h3 s2 e600  rings_ws
2026-07-24 06:59:04,533 [INFO] [766/1620] r3 h3 s2 e900  heuristic
2026-07-24 06:59:04,534 [INFO] [767/1620] r3 h3 s2 e900  rings
2026-07-24 07:29:05,355 [INFO] [768/1620] r3 h3 s2 e900  rings_ws
2026-07-24 07:59:06,460 [INFO] [769/1620] r3 h3 s2 e1500  heuristic
2026-07-24 07:59:06,461 [INFO] [770/1620] r3 h3 s2 e1500  rings
2026-07-24 08:29:07,350 [INFO] [771/1620] r3 h3 s2 e1500  rings_ws
2026-07-24 08:59:08,402 [INFO] [772/1620] r3 h3 s2 e2400  heuristic
2026-07-24 08:59:08,404 [INFO] [773/1620] r3 h3 s2 e2400  rings
2026-07-24 09:29:09,639 [INFO] [774/1620] r3 h3 s2 e2400  rings_ws
2026-07-24 09:59:11,082 [INFO] [775/1620] r3 h3 s3 e300  heuristic
2026-07-24 09:59:11,083 [INFO] [776/1620] r3 h3 s3 e300  rings
2026-07-24 10:29:12,175 [INFO] [777/1620] r3 h3 s3 e300  rings_ws
2026-07-24 10:59:13,219 [INFO] [778/1620] r3 h3 s3 e450  heuristic
2026-07-24 10:59:13,220 [INFO] [779/1620] r3 h3 s3 e450  rings
2026-07-24 11:29:14,051 [INFO] [780/1620] r3 h3 s3 e450  rings_ws
2026-07-24 11:59:15,049 [INFO] [781/1620] r3 h3 s3 e600  heuristic
2026-07-24 11:59:15,051 [INFO] [782/1620] r3 h3 s3 e600  rings
2026-07-24 12:29:16,095 [INFO] [783/1620] r3 h3 s3 e600  rings_ws
2026-07-24 12:59:17,176 [INFO] [784/1620] r3 h3 s3 e900  heuristic
2026-07-24 12:59:17,177 [INFO] [785/1620] r3 h3 s3 e900  rings
2026-07-24 13:29:18,235 [INFO] [786/1620] r3 h3 s3 e900  rings_ws
2026-07-24 13:59:19,357 [INFO] [787/1620] r3 h3 s3 e1500  heuristic
2026-07-24 13:59:19,359 [INFO] [788/1620] r3 h3 s3 e1500  rings
2026-07-24 14:29:20,314 [INFO] [789/1620] r3 h3 s3 e1500  rings_ws
2026-07-24 14:59:21,268 [INFO] [790/1620] r3 h3 s3 e2400  heuristic
2026-07-24 14:59:21,269 [INFO] [791/1620] r3 h3 s3 e2400  rings
2026-07-24 15:29:22,453 [INFO] [792/1620] r3 h3 s3 e2400  rings_ws
2026-07-24 15:59:23,677 [INFO] [793/1620] r3 h3 s4 e300  heuristic
2026-07-24 15:59:23,679 [INFO] [794/1620] r3 h3 s4 e300  rings
2026-07-24 16:29:24,599 [INFO] [795/1620] r3 h3 s4 e300  rings_ws
2026-07-24 16:59:25,373 [INFO] [796/1620] r3 h3 s4 e450  heuristic
2026-07-24 16:59:25,374 [INFO] [797/1620] r3 h3 s4 e450  rings
2026-07-24 17:29:26,342 [INFO] [798/1620] r3 h3 s4 e450  rings_ws
2026-07-24 17:59:27,139 [INFO] [799/1620] r3 h3 s4 e600  heuristic
2026-07-24 17:59:27,140 [INFO] [800/1620] r3 h3 s4 e600  rings
2026-07-24 18:29:27,957 [INFO] [801/1620] r3 h3 s4 e600  rings_ws
2026-07-24 18:59:28,878 [INFO] [802/1620] r3 h3 s4 e900  heuristic
2026-07-24 18:59:28,880 [INFO] [803/1620] r3 h3 s4 e900  rings
2026-07-24 19:29:29,632 [INFO] [804/1620] r3 h3 s4 e900  rings_ws
2026-07-24 19:59:30,363 [INFO] [805/1620] r3 h3 s4 e1500  heuristic
2026-07-24 19:59:30,364 [INFO] [806/1620] r3 h3 s4 e1500  rings
2026-07-24 20:29:30,994 [INFO] [807/1620] r3 h3 s4 e1500  rings_ws
2026-07-24 20:59:31,752 [INFO] [808/1620] r3 h3 s4 e2400  heuristic
2026-07-24 20:59:31,753 [INFO] [809/1620] r3 h3 s4 e2400  rings
2026-07-24 21:29:32,666 [INFO] [810/1620] r3 h3 s4 e2400  rings_ws
2026-07-24 21:59:33,623 [INFO] [811/1620] r5 h1 s0 e300  heuristic
2026-07-24 21:59:33,625 [INFO] [812/1620] r5 h1 s0 e300  rings
2026-07-24 22:29:34,624 [INFO] [813/1620] r5 h1 s0 e300  rings_ws
2026-07-24 22:59:35,785 [INFO] [814/1620] r5 h1 s0 e450  heuristic
2026-07-24 22:59:35,786 [INFO] [815/1620] r5 h1 s0 e450  rings
2026-07-24 23:29:36,849 [INFO] [816/1620] r5 h1 s0 e450  rings_ws
2026-07-24 23:59:37,817 [INFO] [817/1620] r5 h1 s0 e600  heuristic
2026-07-24 23:59:37,818 [INFO] [818/1620] r5 h1 s0 e600  rings
2026-07-25 00:29:38,774 [INFO] [819/1620] r5 h1 s0 e600  rings_ws
2026-07-25 00:59:40,279 [INFO] [820/1620] r5 h1 s0 e900  heuristic
2026-07-25 00:59:40,280 [INFO] [821/1620] r5 h1 s0 e900  rings
2026-07-25 01:29:41,437 [INFO] [822/1620] r5 h1 s0 e900  rings_ws
2026-07-25 01:59:42,529 [INFO] [823/1620] r5 h1 s0 e1500  heuristic
2026-07-25 01:59:42,530 [INFO] [824/1620] r5 h1 s0 e1500  rings
2026-07-25 02:29:43,469 [INFO] [825/1620] r5 h1 s0 e1500  rings_ws
2026-07-25 02:59:44,489 [INFO] [826/1620] r5 h1 s0 e2400  heuristic
2026-07-25 02:59:44,489 [INFO] [827/1620] r5 h1 s0 e2400  rings
2026-07-25 03:29:45,280 [INFO] [828/1620] r5 h1 s0 e2400  rings_ws
2026-07-25 03:59:46,327 [INFO] [829/1620] r5 h1 s1 e300  heuristic
2026-07-25 03:59:46,328 [INFO] [830/1620] r5 h1 s1 e300  rings
2026-07-25 04:29:47,040 [INFO] [831/1620] r5 h1 s1 e300  rings_ws
2026-07-25 04:59:48,006 [INFO] [832/1620] r5 h1 s1 e450  heuristic
2026-07-25 04:59:48,007 [INFO] [833/1620] r5 h1 s1 e450  rings
2026-07-25 05:29:48,817 [INFO] [834/1620] r5 h1 s1 e450  rings_ws
2026-07-25 05:59:49,899 [INFO] [835/1620] r5 h1 s1 e600  heuristic
2026-07-25 05:59:49,900 [INFO] [836/1620] r5 h1 s1 e600  rings
2026-07-25 06:29:50,735 [INFO] [837/1620] r5 h1 s1 e600  rings_ws
2026-07-25 06:59:52,231 [INFO] [838/1620] r5 h1 s1 e900  heuristic
2026-07-25 06:59:52,232 [INFO] [839/1620] r5 h1 s1 e900  rings
2026-07-25 07:29:53,636 [INFO] [840/1620] r5 h1 s1 e900  rings_ws
2026-07-25 07:59:54,699 [INFO] [841/1620] r5 h1 s1 e1500  heuristic
2026-07-25 07:59:54,700 [INFO] [842/1620] r5 h1 s1 e1500  rings
2026-07-25 08:29:55,373 [INFO] [843/1620] r5 h1 s1 e1500  rings_ws
2026-07-25 08:59:56,621 [INFO] [844/1620] r5 h1 s1 e2400  heuristic
2026-07-25 08:59:56,622 [INFO] [845/1620] r5 h1 s1 e2400  rings
2026-07-25 09:29:57,596 [INFO] [846/1620] r5 h1 s1 e2400  rings_ws
2026-07-25 09:59:58,686 [INFO] [847/1620] r5 h1 s2 e300  heuristic
2026-07-25 09:59:58,687 [INFO] [848/1620] r5 h1 s2 e300  rings
2026-07-25 10:29:59,716 [INFO] [849/1620] r5 h1 s2 e300  rings_ws
2026-07-25 11:00:00,557 [INFO] [850/1620] r5 h1 s2 e450  heuristic
2026-07-25 11:00:00,558 [INFO] [851/1620] r5 h1 s2 e450  rings
2026-07-25 11:30:01,380 [INFO] [852/1620] r5 h1 s2 e450  rings_ws
2026-07-25 12:00:02,497 [INFO] [853/1620] r5 h1 s2 e600  heuristic
2026-07-25 12:00:02,498 [INFO] [854/1620] r5 h1 s2 e600  rings
2026-07-25 12:30:03,272 [INFO] [855/1620] r5 h1 s2 e600  rings_ws
2026-07-25 13:00:04,311 [INFO] [856/1620] r5 h1 s2 e900  heuristic
2026-07-25 13:00:04,313 [INFO] [857/1620] r5 h1 s2 e900  rings
2026-07-25 13:30:05,323 [INFO] [858/1620] r5 h1 s2 e900  rings_ws
2026-07-25 14:00:06,315 [INFO] [859/1620] r5 h1 s2 e1500  heuristic
2026-07-25 14:00:06,316 [INFO] [860/1620] r5 h1 s2 e1500  rings
2026-07-25 14:15:24,079 [INFO] [861/1620] r5 h1 s2 e1500  rings_ws
2026-07-25 14:45:24,787 [INFO] [862/1620] r5 h1 s2 e2400  heuristic
2026-07-25 14:45:24,788 [INFO] [863/1620] r5 h1 s2 e2400  rings
2026-07-25 15:15:25,476 [INFO] [864/1620] r5 h1 s2 e2400  rings_ws
2026-07-25 15:45:26,750 [INFO] [865/1620] r5 h1 s3 e300  heuristic
2026-07-25 15:45:26,752 [INFO] [866/1620] r5 h1 s3 e300  rings
2026-07-25 16:15:27,457 [INFO] [867/1620] r5 h1 s3 e300  rings_ws
2026-07-25 16:45:28,676 [INFO] [868/1620] r5 h1 s3 e450  heuristic
2026-07-25 16:45:28,678 [INFO] [869/1620] r5 h1 s3 e450  rings
2026-07-25 17:15:29,590 [INFO] [870/1620] r5 h1 s3 e450  rings_ws
2026-07-25 17:45:30,891 [INFO] [871/1620] r5 h1 s3 e600  heuristic
2026-07-25 17:45:30,892 [INFO] [872/1620] r5 h1 s3 e600  rings
2026-07-25 18:15:32,136 [INFO] [873/1620] r5 h1 s3 e600  rings_ws
2026-07-25 18:45:33,449 [INFO] [874/1620] r5 h1 s3 e900  heuristic
2026-07-25 18:45:33,450 [INFO] [875/1620] r5 h1 s3 e900  rings
2026-07-25 19:15:34,682 [INFO] [876/1620] r5 h1 s3 e900  rings_ws
2026-07-25 19:45:35,717 [INFO] [877/1620] r5 h1 s3 e1500  heuristic
2026-07-25 19:45:35,718 [INFO] [878/1620] r5 h1 s3 e1500  rings
2026-07-25 20:15:36,632 [INFO] [879/1620] r5 h1 s3 e1500  rings_ws
2026-07-25 20:45:37,712 [INFO] [880/1620] r5 h1 s3 e2400  heuristic
2026-07-25 20:45:37,714 [INFO] [881/1620] r5 h1 s3 e2400  rings
2026-07-25 21:15:38,750 [INFO] [882/1620] r5 h1 s3 e2400  rings_ws
2026-07-25 21:45:40,425 [INFO] [883/1620] r5 h1 s4 e300  heuristic
2026-07-25 21:45:40,427 [INFO] [884/1620] r5 h1 s4 e300  rings
2026-07-25 22:15:41,115 [INFO] [885/1620] r5 h1 s4 e300  rings_ws
2026-07-25 22:45:42,226 [INFO] [886/1620] r5 h1 s4 e450  heuristic
2026-07-25 22:45:42,229 [INFO] [887/1620] r5 h1 s4 e450  rings
2026-07-25 23:15:42,989 [INFO] [888/1620] r5 h1 s4 e450  rings_ws
2026-07-25 23:45:44,003 [INFO] [889/1620] r5 h1 s4 e600  heuristic
2026-07-25 23:45:44,004 [INFO] [890/1620] r5 h1 s4 e600  rings
2026-07-26 00:15:45,051 [INFO] [891/1620] r5 h1 s4 e600  rings_ws
2026-07-26 00:45:46,415 [INFO] [892/1620] r5 h1 s4 e900  heuristic
2026-07-26 00:45:46,417 [INFO] [893/1620] r5 h1 s4 e900  rings
2026-07-26 01:15:47,880 [INFO] [894/1620] r5 h1 s4 e900  rings_ws
2026-07-26 01:45:49,389 [INFO] [895/1620] r5 h1 s4 e1500  heuristic
2026-07-26 01:45:49,390 [INFO] [896/1620] r5 h1 s4 e1500  rings
2026-07-26 02:15:50,661 [INFO] [897/1620] r5 h1 s4 e1500  rings_ws
2026-07-26 02:45:52,162 [INFO] [898/1620] r5 h1 s4 e2400  heuristic
2026-07-26 02:45:52,163 [INFO] [899/1620] r5 h1 s4 e2400  rings
2026-07-26 03:15:53,607 [INFO] [900/1620] r5 h1 s4 e2400  rings_ws
2026-07-26 03:45:54,810 [INFO] [901/1620] r5 h2 s0 e300  heuristic
2026-07-26 03:45:54,812 [INFO] [902/1620] r5 h2 s0 e300  rings
2026-07-26 04:15:56,472 [INFO] [903/1620] r5 h2 s0 e300  rings_ws
2026-07-26 04:45:58,233 [INFO] [904/1620] r5 h2 s0 e450  heuristic
2026-07-26 04:45:58,234 [INFO] [905/1620] r5 h2 s0 e450  rings
2026-07-26 05:15:59,662 [INFO] [906/1620] r5 h2 s0 e450  rings_ws
2026-07-26 05:46:01,655 [INFO] [907/1620] r5 h2 s0 e600  heuristic
2026-07-26 05:46:01,656 [INFO] [908/1620] r5 h2 s0 e600  rings
2026-07-26 06:16:03,120 [INFO] [909/1620] r5 h2 s0 e600  rings_ws
2026-07-26 06:46:04,967 [INFO] [910/1620] r5 h2 s0 e900  heuristic
2026-07-26 06:46:04,968 [INFO] [911/1620] r5 h2 s0 e900  rings
2026-07-26 07:16:06,453 [INFO] [912/1620] r5 h2 s0 e900  rings_ws
2026-07-26 07:46:08,065 [INFO] [913/1620] r5 h2 s0 e1500  heuristic
2026-07-26 07:46:08,067 [INFO] [914/1620] r5 h2 s0 e1500  rings
2026-07-26 08:16:09,616 [INFO] [915/1620] r5 h2 s0 e1500  rings_ws
2026-07-26 08:46:11,282 [INFO] [916/1620] r5 h2 s0 e2400  heuristic
2026-07-26 08:46:11,283 [INFO] [917/1620] r5 h2 s0 e2400  rings
2026-07-26 09:16:12,785 [INFO] [918/1620] r5 h2 s0 e2400  rings_ws
2026-07-26 09:46:14,625 [INFO] [919/1620] r5 h2 s1 e300  heuristic
2026-07-26 09:46:14,627 [INFO] [920/1620] r5 h2 s1 e300  rings
2026-07-26 10:16:15,860 [INFO] [921/1620] r5 h2 s1 e300  rings_ws
2026-07-26 10:46:17,246 [INFO] [922/1620] r5 h2 s1 e450  heuristic
2026-07-26 10:46:17,248 [INFO] [923/1620] r5 h2 s1 e450  rings
2026-07-26 11:16:18,492 [INFO] [924/1620] r5 h2 s1 e450  rings_ws
2026-07-26 11:46:20,046 [INFO] [925/1620] r5 h2 s1 e600  heuristic
2026-07-26 11:46:20,047 [INFO] [926/1620] r5 h2 s1 e600  rings
2026-07-26 12:16:21,181 [INFO] [927/1620] r5 h2 s1 e600  rings_ws
2026-07-26 12:46:22,681 [INFO] [928/1620] r5 h2 s1 e900  heuristic
2026-07-26 12:46:22,682 [INFO] [929/1620] r5 h2 s1 e900  rings
2026-07-26 13:16:23,794 [INFO] [930/1620] r5 h2 s1 e900  rings_ws
2026-07-26 13:46:25,297 [INFO] [931/1620] r5 h2 s1 e1500  heuristic
2026-07-26 13:46:25,298 [INFO] [932/1620] r5 h2 s1 e1500  rings
2026-07-26 14:16:26,567 [INFO] [933/1620] r5 h2 s1 e1500  rings_ws
2026-07-26 14:46:27,952 [INFO] [934/1620] r5 h2 s1 e2400  heuristic
2026-07-26 14:46:27,953 [INFO] [935/1620] r5 h2 s1 e2400  rings
2026-07-26 15:16:29,192 [INFO] [936/1620] r5 h2 s1 e2400  rings_ws
2026-07-26 15:46:30,680 [INFO] [937/1620] r5 h2 s2 e300  heuristic
2026-07-26 15:46:30,681 [INFO] [938/1620] r5 h2 s2 e300  rings
2026-07-26 16:16:31,681 [INFO] [939/1620] r5 h2 s2 e300  rings_ws
2026-07-26 16:46:32,827 [INFO] [940/1620] r5 h2 s2 e450  heuristic
2026-07-26 16:46:32,830 [INFO] [941/1620] r5 h2 s2 e450  rings
2026-07-26 17:16:33,684 [INFO] [942/1620] r5 h2 s2 e450  rings_ws
2026-07-26 17:46:34,873 [INFO] [943/1620] r5 h2 s2 e600  heuristic
2026-07-26 17:46:34,874 [INFO] [944/1620] r5 h2 s2 e600  rings
2026-07-26 18:16:35,790 [INFO] [945/1620] r5 h2 s2 e600  rings_ws
2026-07-26 18:46:37,051 [INFO] [946/1620] r5 h2 s2 e900  heuristic
2026-07-26 18:46:37,053 [INFO] [947/1620] r5 h2 s2 e900  rings
2026-07-26 19:16:38,064 [INFO] [948/1620] r5 h2 s2 e900  rings_ws
2026-07-26 19:46:39,205 [INFO] [949/1620] r5 h2 s2 e1500  heuristic
2026-07-26 19:46:39,206 [INFO] [950/1620] r5 h2 s2 e1500  rings
2026-07-26 20:16:40,195 [INFO] [951/1620] r5 h2 s2 e1500  rings_ws
2026-07-26 20:46:41,379 [INFO] [952/1620] r5 h2 s2 e2400  heuristic
2026-07-26 20:46:41,381 [INFO] [953/1620] r5 h2 s2 e2400  rings
2026-07-26 21:16:42,531 [INFO] [954/1620] r5 h2 s2 e2400  rings_ws
2026-07-26 21:46:44,045 [INFO] [955/1620] r5 h2 s3 e300  heuristic
2026-07-26 21:46:44,046 [INFO] [956/1620] r5 h2 s3 e300  rings
2026-07-26 22:16:45,650 [INFO] [957/1620] r5 h2 s3 e300  rings_ws
2026-07-26 22:46:47,557 [INFO] [958/1620] r5 h2 s3 e450  heuristic
2026-07-26 22:46:47,558 [INFO] [959/1620] r5 h2 s3 e450  rings
2026-07-26 23:16:49,244 [INFO] [960/1620] r5 h2 s3 e450  rings_ws
2026-07-26 23:46:51,246 [INFO] [961/1620] r5 h2 s3 e600  heuristic
2026-07-26 23:46:51,248 [INFO] [962/1620] r5 h2 s3 e600  rings
2026-07-27 00:16:52,978 [INFO] [963/1620] r5 h2 s3 e600  rings_ws
2026-07-27 00:46:54,936 [INFO] [964/1620] r5 h2 s3 e900  heuristic
2026-07-27 00:46:54,937 [INFO] [965/1620] r5 h2 s3 e900  rings
2026-07-27 01:16:56,714 [INFO] [966/1620] r5 h2 s3 e900  rings_ws
2026-07-27 01:46:58,929 [INFO] [967/1620] r5 h2 s3 e1500  heuristic
2026-07-27 01:46:58,930 [INFO] [968/1620] r5 h2 s3 e1500  rings
2026-07-27 02:17:00,596 [INFO] [969/1620] r5 h2 s3 e1500  rings_ws
2026-07-27 02:47:02,774 [INFO] [970/1620] r5 h2 s3 e2400  heuristic
2026-07-27 02:47:02,776 [INFO] [971/1620] r5 h2 s3 e2400  rings
2026-07-27 03:17:04,354 [INFO] [972/1620] r5 h2 s3 e2400  rings_ws
2026-07-27 03:47:06,907 [INFO] [973/1620] r5 h2 s4 e300  heuristic
2026-07-27 03:47:06,909 [INFO] [974/1620] r5 h2 s4 e300  rings
2026-07-27 04:17:08,263 [INFO] [975/1620] r5 h2 s4 e300  rings_ws
2026-07-27 04:47:09,681 [INFO] [976/1620] r5 h2 s4 e450  heuristic
2026-07-27 04:47:09,682 [INFO] [977/1620] r5 h2 s4 e450  rings
2026-07-27 05:17:11,015 [INFO] [978/1620] r5 h2 s4 e450  rings_ws
2026-07-27 05:47:12,598 [INFO] [979/1620] r5 h2 s4 e600  heuristic
2026-07-27 05:47:12,599 [INFO] [980/1620] r5 h2 s4 e600  rings
2026-07-27 06:17:13,920 [INFO] [981/1620] r5 h2 s4 e600  rings_ws
2026-07-27 06:47:15,457 [INFO] [982/1620] r5 h2 s4 e900  heuristic
2026-07-27 06:47:15,458 [INFO] [983/1620] r5 h2 s4 e900  rings
2026-07-27 07:17:16,819 [INFO] [984/1620] r5 h2 s4 e900  rings_ws
2026-07-27 07:47:18,338 [INFO] [985/1620] r5 h2 s4 e1500  heuristic
2026-07-27 07:47:18,339 [INFO] [986/1620] r5 h2 s4 e1500  rings
2026-07-27 08:17:19,607 [INFO] [987/1620] r5 h2 s4 e1500  rings_ws
2026-07-27 08:47:21,048 [INFO] [988/1620] r5 h2 s4 e2400  heuristic
2026-07-27 08:47:21,050 [INFO] [989/1620] r5 h2 s4 e2400  rings
2026-07-27 09:17:22,386 [INFO] [990/1620] r5 h2 s4 e2400  rings_ws
2026-07-27 09:47:24,547 [INFO] [991/1620] r5 h3 s0 e300  heuristic
2026-07-27 09:47:24,548 [INFO] [992/1620] r5 h3 s0 e300  rings
2026-07-27 10:17:26,891 [INFO] [993/1620] r5 h3 s0 e300  rings_ws
2026-07-27 10:47:29,619 [INFO] [994/1620] r5 h3 s0 e450  heuristic
2026-07-27 10:47:29,621 [INFO] [995/1620] r5 h3 s0 e450  rings
2026-07-27 11:17:32,434 [INFO] [996/1620] r5 h3 s0 e450  rings_ws
2026-07-27 11:47:35,018 [INFO] [997/1620] r5 h3 s0 e600  heuristic
2026-07-27 11:47:35,020 [INFO] [998/1620] r5 h3 s0 e600  rings
2026-07-27 12:17:37,519 [INFO] [999/1620] r5 h3 s0 e600  rings_ws
2026-07-27 12:47:40,402 [INFO] [1000/1620] r5 h3 s0 e900  heuristic
2026-07-27 12:47:40,404 [INFO] [1001/1620] r5 h3 s0 e900  rings
2026-07-27 13:17:43,091 [INFO] [1002/1620] r5 h3 s0 e900  rings_ws
2026-07-27 13:47:45,828 [INFO] [1003/1620] r5 h3 s0 e1500  heuristic
2026-07-27 13:47:45,830 [INFO] [1004/1620] r5 h3 s0 e1500  rings
2026-07-27 14:17:48,493 [INFO] [1005/1620] r5 h3 s0 e1500  rings_ws
2026-07-27 14:47:51,400 [INFO] [1006/1620] r5 h3 s0 e2400  heuristic
2026-07-27 14:47:51,402 [INFO] [1007/1620] r5 h3 s0 e2400  rings
2026-07-27 15:17:54,073 [INFO] [1008/1620] r5 h3 s0 e2400  rings_ws
2026-07-27 15:47:57,109 [INFO] [1009/1620] r5 h3 s1 e300  heuristic
2026-07-27 15:47:57,111 [INFO] [1010/1620] r5 h3 s1 e300  rings
2026-07-27 16:17:58,977 [INFO] [1011/1620] r5 h3 s1 e300  rings_ws
2026-07-27 16:48:00,838 [INFO] [1012/1620] r5 h3 s1 e450  heuristic
2026-07-27 16:48:00,841 [INFO] [1013/1620] r5 h3 s1 e450  rings
2026-07-27 17:18:02,775 [INFO] [1014/1620] r5 h3 s1 e450  rings_ws
2026-07-27 17:48:04,741 [INFO] [1015/1620] r5 h3 s1 e600  heuristic
2026-07-27 17:48:04,743 [INFO] [1016/1620] r5 h3 s1 e600  rings
2026-07-27 18:18:06,841 [INFO] [1017/1620] r5 h3 s1 e600  rings_ws
2026-07-27 18:48:08,732 [INFO] [1018/1620] r5 h3 s1 e900  heuristic
2026-07-27 18:48:08,733 [INFO] [1019/1620] r5 h3 s1 e900  rings
2026-07-27 19:18:10,561 [INFO] [1020/1620] r5 h3 s1 e900  rings_ws
2026-07-27 19:48:12,619 [INFO] [1021/1620] r5 h3 s1 e1500  heuristic
2026-07-27 19:48:12,621 [INFO] [1022/1620] r5 h3 s1 e1500  rings
2026-07-27 20:18:14,441 [INFO] [1023/1620] r5 h3 s1 e1500  rings_ws
2026-07-27 20:48:16,368 [INFO] [1024/1620] r5 h3 s1 e2400  heuristic
2026-07-27 20:48:16,370 [INFO] [1025/1620] r5 h3 s1 e2400  rings
2026-07-27 21:18:18,221 [INFO] [1026/1620] r5 h3 s1 e2400  rings_ws
2026-07-27 21:48:20,020 [INFO] [1027/1620] r5 h3 s2 e300  heuristic
2026-07-27 21:48:20,022 [INFO] [1028/1620] r5 h3 s2 e300  rings
2026-07-27 22:18:21,910 [INFO] [1029/1620] r5 h3 s2 e300  rings_ws
2026-07-27 22:48:24,036 [INFO] [1030/1620] r5 h3 s2 e450  heuristic
2026-07-27 22:48:24,038 [INFO] [1031/1620] r5 h3 s2 e450  rings
2026-07-27 23:18:25,850 [INFO] [1032/1620] r5 h3 s2 e450  rings_ws
2026-07-27 23:48:28,020 [INFO] [1033/1620] r5 h3 s2 e600  heuristic
2026-07-27 23:48:28,021 [INFO] [1034/1620] r5 h3 s2 e600  rings
2026-07-28 00:18:29,903 [INFO] [1035/1620] r5 h3 s2 e600  rings_ws
2026-07-28 00:48:32,297 [INFO] [1036/1620] r5 h3 s2 e900  heuristic
2026-07-28 00:48:32,299 [INFO] [1037/1620] r5 h3 s2 e900  rings
2026-07-28 01:18:34,400 [INFO] [1038/1620] r5 h3 s2 e900  rings_ws
2026-07-28 01:48:36,756 [INFO] [1039/1620] r5 h3 s2 e1500  heuristic
2026-07-28 01:48:36,758 [INFO] [1040/1620] r5 h3 s2 e1500  rings
2026-07-28 02:18:38,637 [INFO] [1041/1620] r5 h3 s2 e1500  rings_ws
2026-07-28 02:48:41,172 [INFO] [1042/1620] r5 h3 s2 e2400  heuristic
2026-07-28 02:48:41,174 [INFO] [1043/1620] r5 h3 s2 e2400  rings
2026-07-28 03:18:43,024 [INFO] [1044/1620] r5 h3 s2 e2400  rings_ws
2026-07-28 03:48:45,930 [INFO] [1045/1620] r5 h3 s3 e300  heuristic
2026-07-28 03:48:45,932 [INFO] [1046/1620] r5 h3 s3 e300  rings
2026-07-28 04:18:48,800 [INFO] [1047/1620] r5 h3 s3 e300  rings_ws
2026-07-28 04:48:52,012 [INFO] [1048/1620] r5 h3 s3 e450  heuristic
2026-07-28 04:48:52,014 [INFO] [1049/1620] r5 h3 s3 e450  rings
2026-07-28 05:18:54,539 [INFO] [1050/1620] r5 h3 s3 e450  rings_ws
2026-07-28 05:48:57,611 [INFO] [1051/1620] r5 h3 s3 e600  heuristic
2026-07-28 05:48:57,613 [INFO] [1052/1620] r5 h3 s3 e600  rings
2026-07-28 06:19:00,707 [INFO] [1053/1620] r5 h3 s3 e600  rings_ws
2026-07-28 06:49:04,028 [INFO] [1054/1620] r5 h3 s3 e900  heuristic
2026-07-28 06:49:04,030 [INFO] [1055/1620] r5 h3 s3 e900  rings
2026-07-28 07:19:06,900 [INFO] [1056/1620] r5 h3 s3 e900  rings_ws
2026-07-28 07:49:10,120 [INFO] [1057/1620] r5 h3 s3 e1500  heuristic
2026-07-28 07:49:10,122 [INFO] [1058/1620] r5 h3 s3 e1500  rings
2026-07-28 08:19:12,936 [INFO] [1059/1620] r5 h3 s3 e1500  rings_ws
2026-07-31 17:25:22,588 [INFO] Loaded endurance levels from compare_results/endurance_levels.json: [300, 450, 600, 900, 1500, 2400]
2026-07-31 17:25:22,612 [INFO] [1/1620] r1 h1 s0 e300  heuristic
2026-07-31 17:25:22,614 [INFO] [2/1620] r1 h1 s0 e300  rings
2026-07-31 17:25:22,628 [INFO] Set parameter Username
2026-07-31 17:25:22,630 [INFO] Academic license - for non-commercial use only - expires 2026-09-24
2026-07-31 17:25:22,879 [INFO] [3/1620] r1 h1 s0 e300  rings_ws
2026-07-31 17:25:22,976 [INFO] [4/1620] r1 h1 s0 e450  heuristic
2026-07-31 17:25:22,977 [INFO] [5/1620] r1 h1 s0 e450  rings
2026-07-31 17:25:23,085 [INFO] [6/1620] r1 h1 s0 e450  rings_ws
2026-07-31 17:25:23,201 [INFO] [7/1620] r1 h1 s0 e600  heuristic
2026-07-31 17:25:23,201 [INFO] [8/1620] r1 h1 s0 e600  rings
2026-07-31 17:25:23,290 [INFO] [9/1620] r1 h1 s0 e600  rings_ws
2026-07-31 17:25:23,413 [INFO] [10/1620] r1 h1 s0 e900  heuristic
2026-07-31 17:25:23,414 [INFO] [11/1620] r1 h1 s0 e900  rings
2026-07-31 17:25:23,489 [INFO] [12/1620] r1 h1 s0 e900  rings_ws
2026-07-31 17:25:23,608 [INFO] [13/1620] r1 h1 s0 e1500  heuristic
2026-07-31 17:25:23,608 [INFO] [14/1620] r1 h1 s0 e1500  rings
2026-07-31 17:25:23,720 [INFO] [15/1620] r1 h1 s0 e1500  rings_ws
2026-07-31 17:25:23,825 [INFO] [16/1620] r1 h1 s0 e2400  heuristic
2026-07-31 17:25:23,826 [INFO] [17/1620] r1 h1 s0 e2400  rings
2026-07-31 17:25:23,932 [INFO] [18/1620] r1 h1 s0 e2400  rings_ws
2026-07-31 17:25:24,044 [INFO] [19/1620] r1 h1 s1 e300  heuristic
2026-07-31 17:25:24,045 [INFO] [20/1620] r1 h1 s1 e300  rings
2026-07-31 17:25:24,149 [INFO] [21/1620] r1 h1 s1 e300  rings_ws
2026-07-31 17:25:24,289 [INFO] [22/1620] r1 h1 s1 e450  heuristic
2026-07-31 17:25:24,290 [INFO] [23/1620] r1 h1 s1 e450  rings
2026-07-31 17:25:24,381 [INFO] [24/1620] r1 h1 s1 e450  rings_ws
2026-07-31 17:25:24,471 [INFO] [25/1620] r1 h1 s1 e600  heuristic
2026-07-31 17:25:24,472 [INFO] [26/1620] r1 h1 s1 e600  rings
2026-07-31 17:25:24,581 [INFO] [27/1620] r1 h1 s1 e600  rings_ws
2026-07-31 17:25:24,675 [INFO] [28/1620] r1 h1 s1 e900  heuristic
2026-07-31 17:25:24,676 [INFO] [29/1620] r1 h1 s1 e900  rings
2026-07-31 17:25:24,777 [INFO] [30/1620] r1 h1 s1 e900  rings_ws
2026-07-31 17:25:24,870 [INFO] [31/1620] r1 h1 s1 e1500  heuristic
2026-07-31 17:25:24,871 [INFO] [32/1620] r1 h1 s1 e1500  rings
2026-07-31 17:25:24,970 [INFO] [33/1620] r1 h1 s1 e1500  rings_ws
2026-07-31 17:25:25,063 [INFO] [34/1620] r1 h1 s1 e2400  heuristic
2026-07-31 17:25:25,063 [INFO] [35/1620] r1 h1 s1 e2400  rings
2026-07-31 17:25:25,171 [INFO] [36/1620] r1 h1 s1 e2400  rings_ws
2026-07-31 17:25:25,282 [INFO] [37/1620] r1 h1 s2 e300  heuristic
2026-07-31 17:25:25,282 [INFO] [38/1620] r1 h1 s2 e300  rings
2026-07-31 17:25:25,355 [INFO] [39/1620] r1 h1 s2 e300  rings_ws
2026-07-31 17:25:25,469 [INFO] [40/1620] r1 h1 s2 e450  heuristic
2026-07-31 17:25:25,469 [INFO] [41/1620] r1 h1 s2 e450  rings
2026-07-31 17:25:25,530 [INFO] [42/1620] r1 h1 s2 e450  rings_ws
2026-07-31 17:25:25,613 [INFO] [43/1620] r1 h1 s2 e600  heuristic
2026-07-31 17:25:25,615 [INFO] [44/1620] r1 h1 s2 e600  rings
2026-07-31 17:25:25,713 [INFO] [45/1620] r1 h1 s2 e600  rings_ws
2026-07-31 17:25:25,806 [INFO] [46/1620] r1 h1 s2 e900  heuristic
2026-07-31 17:25:25,807 [INFO] [47/1620] r1 h1 s2 e900  rings
2026-07-31 17:25:25,873 [INFO] [48/1620] r1 h1 s2 e900  rings_ws
2026-07-31 17:25:25,995 [INFO] [49/1620] r1 h1 s2 e1500  heuristic
2026-07-31 17:25:25,995 [INFO] [50/1620] r1 h1 s2 e1500  rings
2026-07-31 17:25:26,070 [INFO] [51/1620] r1 h1 s2 e1500  rings_ws
2026-07-31 17:25:26,151 [INFO] [52/1620] r1 h1 s2 e2400  heuristic
2026-07-31 17:25:26,151 [INFO] [53/1620] r1 h1 s2 e2400  rings
2026-07-31 17:25:26,209 [INFO] [54/1620] r1 h1 s2 e2400  rings_ws
2026-07-31 17:25:26,298 [INFO] [55/1620] r1 h1 s3 e300  heuristic
2026-07-31 17:25:26,299 [INFO] [56/1620] r1 h1 s3 e300  rings
2026-07-31 17:25:26,772 [INFO] [57/1620] r1 h1 s3 e300  rings_ws
2026-07-31 17:25:27,070 [INFO] [58/1620] r1 h1 s3 e450  heuristic
2026-07-31 17:25:27,071 [INFO] [59/1620] r1 h1 s3 e450  rings
2026-07-31 17:25:27,388 [INFO] [60/1620] r1 h1 s3 e450  rings_ws
2026-07-31 17:25:27,854 [INFO] [61/1620] r1 h1 s3 e600  heuristic
2026-07-31 17:25:27,855 [INFO] [62/1620] r1 h1 s3 e600  rings
2026-07-31 17:25:28,182 [INFO] [63/1620] r1 h1 s3 e600  rings_ws
2026-07-31 17:25:28,611 [INFO] [64/1620] r1 h1 s3 e900  heuristic
2026-07-31 17:25:28,612 [INFO] [65/1620] r1 h1 s3 e900  rings
2026-07-31 17:25:28,893 [INFO] [66/1620] r1 h1 s3 e900  rings_ws
2026-07-31 17:25:29,180 [INFO] [67/1620] r1 h1 s3 e1500  heuristic
2026-07-31 17:25:29,181 [INFO] [68/1620] r1 h1 s3 e1500  rings
2026-07-31 17:25:29,407 [INFO] [69/1620] r1 h1 s3 e1500  rings_ws
2026-07-31 17:25:29,708 [INFO] [70/1620] r1 h1 s3 e2400  heuristic
2026-07-31 17:25:29,709 [INFO] [71/1620] r1 h1 s3 e2400  rings
2026-07-31 17:25:29,905 [INFO] [72/1620] r1 h1 s3 e2400  rings_ws
2026-07-31 17:25:30,190 [INFO] [73/1620] r1 h1 s4 e300  heuristic
2026-07-31 17:25:30,190 [INFO] [74/1620] r1 h1 s4 e300  rings
2026-07-31 17:25:30,296 [INFO] [75/1620] r1 h1 s4 e300  rings_ws
2026-07-31 17:25:30,402 [INFO] [76/1620] r1 h1 s4 e450  heuristic
2026-07-31 17:25:30,403 [INFO] [77/1620] r1 h1 s4 e450  rings
2026-07-31 17:25:30,486 [INFO] [78/1620] r1 h1 s4 e450  rings_ws
2026-07-31 17:25:30,606 [INFO] [79/1620] r1 h1 s4 e600  heuristic
2026-07-31 17:25:30,606 [INFO] [80/1620] r1 h1 s4 e600  rings
2026-07-31 17:25:30,684 [INFO] [81/1620] r1 h1 s4 e600  rings_ws
2026-07-31 17:25:30,773 [INFO] [82/1620] r1 h1 s4 e900  heuristic
2026-07-31 17:25:30,773 [INFO] [83/1620] r1 h1 s4 e900  rings
2026-07-31 17:25:30,854 [INFO] [84/1620] r1 h1 s4 e900  rings_ws
2026-07-31 17:27:17,240 [INFO] Loaded endurance levels from compare_results/endurance_levels.json: [300, 450, 600, 900, 1500, 2400]
2026-07-31 17:27:17,247 [INFO] Resume mode: 1058 runs already completed
2026-07-31 17:27:57,313 [INFO] [1059/1620] r5 h3 s3 e1500  rings_ws
2026-07-31 17:27:57,319 [INFO] Set parameter Username
2026-07-31 17:27:57,320 [INFO] Academic license - for non-commercial use only - expires 2026-09-24
2026-07-31 17:57:59,832 [INFO] [1060/1620] r5 h3 s3 e2400  heuristic
2026-07-31 17:57:59,834 [INFO] [1061/1620] r5 h3 s3 e2400  rings
2026-07-31 18:28:02,299 [INFO] [1062/1620] r5 h3 s3 e2400  rings_ws
2026-07-31 18:58:05,749 [INFO] [1063/1620] r5 h3 s4 e300  heuristic
2026-07-31 18:58:05,751 [INFO] [1064/1620] r5 h3 s4 e300  rings
2026-07-31 19:28:08,056 [INFO] [1065/1620] r5 h3 s4 e300  rings_ws
2026-07-31 19:58:10,245 [INFO] [1066/1620] r5 h3 s4 e450  heuristic
2026-07-31 19:58:10,247 [INFO] [1067/1620] r5 h3 s4 e450  rings
2026-07-31 20:28:12,211 [INFO] [1068/1620] r5 h3 s4 e450  rings_ws
2026-07-31 20:58:14,563 [INFO] [1069/1620] r5 h3 s4 e600  heuristic
2026-07-31 20:58:14,566 [INFO] [1070/1620] r5 h3 s4 e600  rings
2026-07-31 21:28:16,850 [INFO] [1071/1620] r5 h3 s4 e600  rings_ws
2026-07-31 21:58:19,229 [INFO] [1072/1620] r5 h3 s4 e900  heuristic
2026-07-31 21:58:19,231 [INFO] [1073/1620] r5 h3 s4 e900  rings
2026-07-31 22:28:21,881 [INFO] [1074/1620] r5 h3 s4 e900  rings_ws
2026-07-31 22:58:24,142 [INFO] [1075/1620] r5 h3 s4 e1500  heuristic
2026-07-31 22:58:24,144 [INFO] [1076/1620] r5 h3 s4 e1500  rings
2026-07-31 23:28:26,231 [INFO] [1077/1620] r5 h3 s4 e1500  rings_ws
2026-07-31 23:58:28,653 [INFO] [1078/1620] r5 h3 s4 e2400  heuristic
2026-07-31 23:58:28,655 [INFO] [1079/1620] r5 h3 s4 e2400  rings
2026-08-01 00:28:30,660 [INFO] [1080/1620] r5 h3 s4 e2400  rings_ws
2026-08-01 00:58:33,012 [INFO] [1081/1620] r8 h1 s0 e300  heuristic
2026-08-01 00:58:33,013 [INFO] [1082/1620] r8 h1 s0 e300  rings
2026-08-01 01:28:35,522 [INFO] [1083/1620] r8 h1 s0 e300  rings_ws
2026-08-01 01:58:38,155 [INFO] [1084/1620] r8 h1 s0 e450  heuristic
2026-08-01 01:58:38,157 [INFO] [1085/1620] r8 h1 s0 e450  rings
2026-08-01 02:28:40,487 [INFO] [1086/1620] r8 h1 s0 e450  rings_ws
2026-08-01 02:58:43,348 [INFO] [1087/1620] r8 h1 s0 e600  heuristic
2026-08-01 02:58:43,349 [INFO] [1088/1620] r8 h1 s0 e600  rings
2026-08-01 03:28:45,663 [INFO] [1089/1620] r8 h1 s0 e600  rings_ws
2026-08-01 03:58:48,426 [INFO] [1090/1620] r8 h1 s0 e900  heuristic
2026-08-01 03:58:48,428 [INFO] [1091/1620] r8 h1 s0 e900  rings
2026-08-01 04:28:50,913 [INFO] [1092/1620] r8 h1 s0 e900  rings_ws
2026-08-01 04:58:53,732 [INFO] [1093/1620] r8 h1 s0 e1500  heuristic
2026-08-01 04:58:53,734 [INFO] [1094/1620] r8 h1 s0 e1500  rings
2026-08-01 05:28:56,186 [INFO] [1095/1620] r8 h1 s0 e1500  rings_ws
2026-08-01 05:58:58,978 [INFO] [1096/1620] r8 h1 s0 e2400  heuristic
2026-08-01 05:58:58,980 [INFO] [1097/1620] r8 h1 s0 e2400  rings
2026-08-01 06:29:01,310 [INFO] [1098/1620] r8 h1 s0 e2400  rings_ws
2026-08-01 06:59:04,090 [INFO] [1099/1620] r8 h1 s1 e300  heuristic
2026-08-01 06:59:04,091 [INFO] [1100/1620] r8 h1 s1 e300  rings
2026-08-01 07:29:06,431 [INFO] [1101/1620] r8 h1 s1 e300  rings_ws
2026-08-01 07:59:08,930 [INFO] [1102/1620] r8 h1 s1 e450  heuristic
2026-08-01 07:59:08,932 [INFO] [1103/1620] r8 h1 s1 e450  rings
2026-08-01 08:29:11,180 [INFO] [1104/1620] r8 h1 s1 e450  rings_ws
2026-08-01 08:59:14,061 [INFO] [1105/1620] r8 h1 s1 e600  heuristic
2026-08-01 08:59:14,063 [INFO] [1106/1620] r8 h1 s1 e600  rings
2026-08-01 09:29:16,227 [INFO] [1107/1620] r8 h1 s1 e600  rings_ws
2026-08-01 09:59:19,139 [INFO] [1108/1620] r8 h1 s1 e900  heuristic
2026-08-01 09:59:19,140 [INFO] [1109/1620] r8 h1 s1 e900  rings
2026-08-01 10:29:21,394 [INFO] [1110/1620] r8 h1 s1 e900  rings_ws
2026-08-01 10:59:23,795 [INFO] [1111/1620] r8 h1 s1 e1500  heuristic
2026-08-01 10:59:23,796 [INFO] [1112/1620] r8 h1 s1 e1500  rings
2026-08-01 11:29:26,504 [INFO] [1113/1620] r8 h1 s1 e1500  rings_ws
2026-08-01 11:59:29,138 [INFO] [1114/1620] r8 h1 s1 e2400  heuristic
2026-08-01 11:59:29,139 [INFO] [1115/1620] r8 h1 s1 e2400  rings
2026-08-01 12:29:31,506 [INFO] [1116/1620] r8 h1 s1 e2400  rings_ws
2026-08-01 12:59:34,314 [INFO] [1117/1620] r8 h1 s2 e300  heuristic
2026-08-01 12:59:34,316 [INFO] [1118/1620] r8 h1 s2 e300  rings
2026-08-01 13:29:36,769 [INFO] [1119/1620] r8 h1 s2 e300  rings_ws
2026-08-01 13:59:39,339 [INFO] [1120/1620] r8 h1 s2 e450  heuristic
2026-08-01 13:59:39,341 [INFO] [1121/1620] r8 h1 s2 e450  rings
2026-08-01 14:29:41,605 [INFO] [1122/1620] r8 h1 s2 e450  rings_ws
2026-08-01 14:59:43,990 [INFO] [1123/1620] r8 h1 s2 e600  heuristic
2026-08-01 14:59:43,992 [INFO] [1124/1620] r8 h1 s2 e600  rings
2026-08-01 15:29:46,545 [INFO] [1125/1620] r8 h1 s2 e600  rings_ws
2026-08-01 15:59:49,116 [INFO] [1126/1620] r8 h1 s2 e900  heuristic
2026-08-01 15:59:49,118 [INFO] [1127/1620] r8 h1 s2 e900  rings
2026-08-01 16:29:51,360 [INFO] [1128/1620] r8 h1 s2 e900  rings_ws
2026-08-01 16:59:53,928 [INFO] [1129/1620] r8 h1 s2 e1500  heuristic
2026-08-01 16:59:53,930 [INFO] [1130/1620] r8 h1 s2 e1500  rings
2026-08-01 17:29:56,381 [INFO] [1131/1620] r8 h1 s2 e1500  rings_ws
2026-08-01 17:59:58,955 [INFO] [1132/1620] r8 h1 s2 e2400  heuristic
2026-08-01 17:59:58,957 [INFO] [1133/1620] r8 h1 s2 e2400  rings
2026-08-01 18:30:01,315 [INFO] [1134/1620] r8 h1 s2 e2400  rings_ws
2026-08-01 19:00:04,057 [INFO] [1135/1620] r8 h1 s3 e300  heuristic
2026-08-01 19:00:04,059 [INFO] [1136/1620] r8 h1 s3 e300  rings
2026-08-01 19:30:06,761 [INFO] [1137/1620] r8 h1 s3 e300  rings_ws
2026-08-01 20:00:09,862 [INFO] [1138/1620] r8 h1 s3 e450  heuristic
2026-08-01 20:00:09,863 [INFO] [1139/1620] r8 h1 s3 e450  rings
2026-08-01 20:30:12,594 [INFO] [1140/1620] r8 h1 s3 e450  rings_ws
2026-08-01 21:00:15,483 [INFO] [1141/1620] r8 h1 s3 e600  heuristic
2026-08-01 21:00:15,485 [INFO] [1142/1620] r8 h1 s3 e600  rings
2026-08-01 21:30:18,141 [INFO] [1143/1620] r8 h1 s3 e600  rings_ws
2026-08-01 22:00:21,165 [INFO] [1144/1620] r8 h1 s3 e900  heuristic
2026-08-01 22:00:21,166 [INFO] [1145/1620] r8 h1 s3 e900  rings
2026-08-01 22:30:24,054 [INFO] [1146/1620] r8 h1 s3 e900  rings_ws
2026-08-01 23:00:26,836 [INFO] [1147/1620] r8 h1 s3 e1500  heuristic
2026-08-01 23:00:26,837 [INFO] [1148/1620] r8 h1 s3 e1500  rings
2026-08-01 23:30:29,593 [INFO] [1149/1620] r8 h1 s3 e1500  rings_ws
2026-08-02 00:00:32,414 [INFO] [1150/1620] r8 h1 s3 e2400  heuristic
2026-08-02 00:00:32,416 [INFO] [1151/1620] r8 h1 s3 e2400  rings
2026-08-02 00:30:35,192 [INFO] [1152/1620] r8 h1 s3 e2400  rings_ws
2026-08-02 01:00:38,364 [INFO] [1153/1620] r8 h1 s4 e300  heuristic
2026-08-02 01:00:38,366 [INFO] [1154/1620] r8 h1 s4 e300  rings
2026-08-02 01:30:40,789 [INFO] [1155/1620] r8 h1 s4 e300  rings_ws
2026-08-02 02:00:43,417 [INFO] [1156/1620] r8 h1 s4 e450  heuristic
2026-08-02 02:00:43,419 [INFO] [1157/1620] r8 h1 s4 e450  rings
2026-08-02 02:30:45,813 [INFO] [1158/1620] r8 h1 s4 e450  rings_ws
2026-08-02 03:00:48,130 [INFO] [1159/1620] r8 h1 s4 e600  heuristic
2026-08-02 03:00:48,132 [INFO] [1160/1620] r8 h1 s4 e600  rings
2026-08-02 03:30:50,262 [INFO] [1161/1620] r8 h1 s4 e600  rings_ws
2026-08-02 04:00:53,100 [INFO] [1162/1620] r8 h1 s4 e900  heuristic
2026-08-02 04:00:53,102 [INFO] [1163/1620] r8 h1 s4 e900  rings
2026-08-02 04:30:55,546 [INFO] [1164/1620] r8 h1 s4 e900  rings_ws
2026-08-02 05:00:58,037 [INFO] [1165/1620] r8 h1 s4 e1500  heuristic
2026-08-02 05:00:58,039 [INFO] [1166/1620] r8 h1 s4 e1500  rings
2026-08-02 05:31:00,934 [INFO] [1167/1620] r8 h1 s4 e1500  rings_ws
2026-08-02 06:01:03,295 [INFO] [1168/1620] r8 h1 s4 e2400  heuristic
2026-08-02 06:01:03,296 [INFO] [1169/1620] r8 h1 s4 e2400  rings
2026-08-02 06:31:05,382 [INFO] [1170/1620] r8 h1 s4 e2400  rings_ws
2026-08-02 07:01:08,307 [INFO] [1171/1620] r8 h2 s0 e300  heuristic
2026-08-02 07:01:08,310 [INFO] [1172/1620] r8 h2 s0 e300  rings
2026-08-02 07:31:12,777 [INFO] [1173/1620] r8 h2 s0 e300  rings_ws
2026-08-02 08:01:17,460 [INFO] [1174/1620] r8 h2 s0 e450  heuristic
2026-08-02 08:01:17,462 [INFO] [1175/1620] r8 h2 s0 e450  rings
2026-08-02 08:31:21,789 [INFO] [1176/1620] r8 h2 s0 e450  rings_ws
2026-08-02 09:01:26,521 [INFO] [1177/1620] r8 h2 s0 e600  heuristic
2026-08-02 09:01:26,522 [INFO] [1178/1620] r8 h2 s0 e600  rings
2026-08-02 09:31:30,800 [INFO] [1179/1620] r8 h2 s0 e600  rings_ws
2026-08-02 10:01:35,275 [INFO] [1180/1620] r8 h2 s0 e900  heuristic
2026-08-02 10:01:35,277 [INFO] [1181/1620] r8 h2 s0 e900  rings
2026-08-02 10:31:39,566 [INFO] [1182/1620] r8 h2 s0 e900  rings_ws
2026-08-02 11:01:43,905 [INFO] [1183/1620] r8 h2 s0 e1500  heuristic
2026-08-02 11:01:43,907 [INFO] [1184/1620] r8 h2 s0 e1500  rings
2026-08-02 11:31:48,463 [INFO] [1185/1620] r8 h2 s0 e1500  rings_ws
2026-08-02 12:01:53,130 [INFO] [1186/1620] r8 h2 s0 e2400  heuristic
2026-08-02 12:01:53,133 [INFO] [1187/1620] r8 h2 s0 e2400  rings
2026-08-02 12:31:57,770 [INFO] [1188/1620] r8 h2 s0 e2400  rings_ws
2026-08-02 13:02:02,200 [INFO] [1189/1620] r8 h2 s1 e300  heuristic
2026-08-02 13:02:02,202 [INFO] [1190/1620] r8 h2 s1 e300  rings
2026-08-02 13:32:05,628 [INFO] [1191/1620] r8 h2 s1 e300  rings_ws
2026-08-02 14:02:09,294 [INFO] [1192/1620] r8 h2 s1 e450  heuristic
2026-08-02 14:02:09,296 [INFO] [1193/1620] r8 h2 s1 e450  rings
2026-08-02 14:32:12,756 [INFO] [1194/1620] r8 h2 s1 e450  rings_ws
2026-08-02 15:02:16,096 [INFO] [1195/1620] r8 h2 s1 e600  heuristic
2026-08-02 15:02:16,097 [INFO] [1196/1620] r8 h2 s1 e600  rings
2026-08-02 15:32:19,427 [INFO] [1197/1620] r8 h2 s1 e600  rings_ws
2026-08-02 16:02:23,012 [INFO] [1198/1620] r8 h2 s1 e900  heuristic
2026-08-02 16:02:23,013 [INFO] [1199/1620] r8 h2 s1 e900  rings
2026-08-02 16:32:26,694 [INFO] [1200/1620] r8 h2 s1 e900  rings_ws
2026-08-02 17:02:30,136 [INFO] [1201/1620] r8 h2 s1 e1500  heuristic
2026-08-02 17:02:30,137 [INFO] [1202/1620] r8 h2 s1 e1500  rings
2026-08-02 17:32:33,288 [INFO] [1203/1620] r8 h2 s1 e1500  rings_ws
2026-08-02 18:02:36,900 [INFO] [1204/1620] r8 h2 s1 e2400  heuristic
2026-08-02 18:02:36,902 [INFO] [1205/1620] r8 h2 s1 e2400  rings
2026-08-02 18:32:40,451 [INFO] [1206/1620] r8 h2 s1 e2400  rings_ws
2026-08-02 19:02:44,462 [INFO] [1207/1620] r8 h2 s2 e300  heuristic
2026-08-02 19:02:44,464 [INFO] [1208/1620] r8 h2 s2 e300  rings
2026-08-02 19:32:48,507 [INFO] [1209/1620] r8 h2 s2 e300  rings_ws
2026-08-02 20:02:52,756 [INFO] [1210/1620] r8 h2 s2 e450  heuristic
2026-08-02 20:02:52,758 [INFO] [1211/1620] r8 h2 s2 e450  rings
2026-08-02 20:32:56,655 [INFO] [1212/1620] r8 h2 s2 e450  rings_ws
2026-08-02 21:03:00,847 [INFO] [1213/1620] r8 h2 s2 e600  heuristic
2026-08-02 21:03:00,849 [INFO] [1214/1620] r8 h2 s2 e600  rings
2026-08-02 21:33:05,091 [INFO] [1215/1620] r8 h2 s2 e600  rings_ws
2026-08-02 22:03:09,354 [INFO] [1216/1620] r8 h2 s2 e900  heuristic
2026-08-02 22:03:09,356 [INFO] [1217/1620] r8 h2 s2 e900  rings
2026-08-02 22:33:13,501 [INFO] [1218/1620] r8 h2 s2 e900  rings_ws
2026-08-02 23:03:17,755 [INFO] [1219/1620] r8 h2 s2 e1500  heuristic
2026-08-02 23:03:17,757 [INFO] [1220/1620] r8 h2 s2 e1500  rings
2026-08-02 23:33:21,841 [INFO] [1221/1620] r8 h2 s2 e1500  rings_ws
2026-08-03 00:03:26,366 [INFO] [1222/1620] r8 h2 s2 e2400  heuristic
2026-08-03 00:03:26,368 [INFO] [1223/1620] r8 h2 s2 e2400  rings
2026-08-03 00:33:31,493 [INFO] [1224/1620] r8 h2 s2 e2400  rings_ws
2026-08-03 01:03:36,195 [INFO] [1225/1620] r8 h2 s3 e300  heuristic
2026-08-03 01:03:36,197 [INFO] [1226/1620] r8 h2 s3 e300  rings
2026-08-03 01:33:41,322 [INFO] [1227/1620] r8 h2 s3 e300  rings_ws
2026-08-03 02:03:46,703 [INFO] [1228/1620] r8 h2 s3 e450  heuristic
2026-08-03 02:03:46,705 [INFO] [1229/1620] r8 h2 s3 e450  rings
2026-08-03 02:33:51,598 [INFO] [1230/1620] r8 h2 s3 e450  rings_ws
2026-08-03 03:03:57,092 [INFO] [1231/1620] r8 h2 s3 e600  heuristic
2026-08-03 03:03:57,094 [INFO] [1232/1620] r8 h2 s3 e600  rings
2026-08-03 03:34:01,712 [INFO] [1233/1620] r8 h2 s3 e600  rings_ws
2026-08-03 04:04:06,988 [INFO] [1234/1620] r8 h2 s3 e900  heuristic
2026-08-03 04:04:06,990 [INFO] [1235/1620] r8 h2 s3 e900  rings
2026-08-03 04:34:12,114 [INFO] [1236/1620] r8 h2 s3 e900  rings_ws
2026-08-03 05:04:17,355 [INFO] [1237/1620] r8 h2 s3 e1500  heuristic
2026-08-03 05:04:17,357 [INFO] [1238/1620] r8 h2 s3 e1500  rings
2026-08-03 05:34:22,812 [INFO] [1239/1620] r8 h2 s3 e1500  rings_ws
2026-08-03 06:04:27,989 [INFO] [1240/1620] r8 h2 s3 e2400  heuristic
2026-08-03 06:04:27,991 [INFO] [1241/1620] r8 h2 s3 e2400  rings
2026-08-03 06:34:33,474 [INFO] [1242/1620] r8 h2 s3 e2400  rings_ws
2026-08-03 07:04:38,821 [INFO] [1243/1620] r8 h2 s4 e300  heuristic
2026-08-03 07:04:38,823 [INFO] [1244/1620] r8 h2 s4 e300  rings
2026-08-03 07:34:43,718 [INFO] [1245/1620] r8 h2 s4 e300  rings_ws
2026-08-03 08:04:48,974 [INFO] [1246/1620] r8 h2 s4 e450  heuristic
2026-08-03 08:04:48,977 [INFO] [1247/1620] r8 h2 s4 e450  rings
2026-08-03 08:34:54,022 [INFO] [1248/1620] r8 h2 s4 e450  rings_ws
2026-08-03 09:04:59,385 [INFO] [1249/1620] r8 h2 s4 e600  heuristic
2026-08-03 09:04:59,387 [INFO] [1250/1620] r8 h2 s4 e600  rings
2026-08-03 09:35:04,205 [INFO] [1251/1620] r8 h2 s4 e600  rings_ws
2026-08-03 10:05:09,082 [INFO] [1252/1620] r8 h2 s4 e900  heuristic
2026-08-03 10:05:09,085 [INFO] [1253/1620] r8 h2 s4 e900  rings
2026-08-03 10:35:14,161 [INFO] [1254/1620] r8 h2 s4 e900  rings_ws
2026-08-03 11:05:18,923 [INFO] [1255/1620] r8 h2 s4 e1500  heuristic
2026-08-03 11:05:18,925 [INFO] [1256/1620] r8 h2 s4 e1500  rings
2026-08-03 11:35:23,935 [INFO] [1257/1620] r8 h2 s4 e1500  rings_ws
2026-08-03 12:05:28,718 [INFO] [1258/1620] r8 h2 s4 e2400  heuristic
2026-08-03 12:05:28,720 [INFO] [1259/1620] r8 h2 s4 e2400  rings
2026-08-03 12:35:33,375 [INFO] [1260/1620] r8 h2 s4 e2400  rings_ws
2026-08-03 13:05:38,881 [INFO] [1261/1620] r8 h3 s0 e300  heuristic
2026-08-03 13:05:38,884 [INFO] [1262/1620] r8 h3 s0 e300  rings
2026-08-03 13:35:46,395 [INFO] [1263/1620] r8 h3 s0 e300  rings_ws
2026-08-03 14:05:54,873 [INFO] [1264/1620] r8 h3 s0 e450  heuristic
2026-08-03 14:05:54,876 [INFO] [1265/1620] r8 h3 s0 e450  rings
2026-08-03 14:36:02,792 [INFO] [1266/1620] r8 h3 s0 e450  rings_ws
2026-08-03 15:06:11,213 [INFO] [1267/1620] r8 h3 s0 e600  heuristic
2026-08-03 15:06:11,215 [INFO] [1268/1620] r8 h3 s0 e600  rings
2026-08-03 15:36:19,144 [INFO] [1269/1620] r8 h3 s0 e600  rings_ws
2026-08-03 16:06:27,007 [INFO] [1270/1620] r8 h3 s0 e900  heuristic
2026-08-03 16:06:27,009 [INFO] [1271/1620] r8 h3 s0 e900  rings
2026-08-03 16:36:34,832 [INFO] [1272/1620] r8 h3 s0 e900  rings_ws
2026-08-03 17:06:42,758 [INFO] [1273/1620] r8 h3 s0 e1500  heuristic
2026-08-03 17:06:42,760 [INFO] [1274/1620] r8 h3 s0 e1500  rings
2026-08-03 17:36:50,341 [INFO] [1275/1620] r8 h3 s0 e1500  rings_ws
2026-08-03 18:06:58,293 [INFO] [1276/1620] r8 h3 s0 e2400  heuristic
2026-08-03 18:06:58,295 [INFO] [1277/1620] r8 h3 s0 e2400  rings
2026-08-03 18:37:06,289 [INFO] [1278/1620] r8 h3 s0 e2400  rings_ws
2026-08-03 19:07:14,792 [INFO] [1279/1620] r8 h3 s1 e300  heuristic
2026-08-03 19:07:14,794 [INFO] [1280/1620] r8 h3 s1 e300  rings
2026-08-03 19:37:20,027 [INFO] [1281/1620] r8 h3 s1 e300  rings_ws
2026-08-03 20:07:25,124 [INFO] [1282/1620] r8 h3 s1 e450  heuristic
2026-08-03 20:07:25,125 [INFO] [1283/1620] r8 h3 s1 e450  rings
2026-08-03 20:37:30,096 [INFO] [1284/1620] r8 h3 s1 e450  rings_ws
2026-08-03 21:07:35,315 [INFO] [1285/1620] r8 h3 s1 e600  heuristic
2026-08-03 21:07:35,317 [INFO] [1286/1620] r8 h3 s1 e600  rings
2026-08-03 21:37:40,329 [INFO] [1287/1620] r8 h3 s1 e600  rings_ws
2026-08-03 22:07:45,549 [INFO] [1288/1620] r8 h3 s1 e900  heuristic
2026-08-03 22:07:45,550 [INFO] [1289/1620] r8 h3 s1 e900  rings
2026-08-03 22:37:50,371 [INFO] [1290/1620] r8 h3 s1 e900  rings_ws
2026-08-03 23:07:55,704 [INFO] [1291/1620] r8 h3 s1 e1500  heuristic
2026-08-03 23:07:55,706 [INFO] [1292/1620] r8 h3 s1 e1500  rings
2026-08-03 23:38:00,640 [INFO] [1293/1620] r8 h3 s1 e1500  rings_ws
2026-08-04 00:08:06,095 [INFO] [1294/1620] r8 h3 s1 e2400  heuristic
2026-08-04 00:08:06,097 [INFO] [1295/1620] r8 h3 s1 e2400  rings
2026-08-04 00:38:11,092 [INFO] [1296/1620] r8 h3 s1 e2400  rings_ws
2026-08-04 01:08:17,144 [INFO] [1297/1620] r8 h3 s2 e300  heuristic
2026-08-04 01:08:17,146 [INFO] [1298/1620] r8 h3 s2 e300  rings
2026-08-04 01:38:24,750 [INFO] [1299/1620] r8 h3 s2 e300  rings_ws
2026-08-04 02:08:32,846 [INFO] [1300/1620] r8 h3 s2 e450  heuristic
2026-08-04 02:08:32,849 [INFO] [1301/1620] r8 h3 s2 e450  rings
2026-08-04 02:38:40,385 [INFO] [1302/1620] r8 h3 s2 e450  rings_ws
2026-08-04 03:08:48,552 [INFO] [1303/1620] r8 h3 s2 e600  heuristic
2026-08-04 03:08:48,554 [INFO] [1304/1620] r8 h3 s2 e600  rings
2026-08-04 03:38:55,855 [INFO] [1305/1620] r8 h3 s2 e600  rings_ws
2026-08-04 04:09:04,693 [INFO] [1306/1620] r8 h3 s2 e900  heuristic
2026-08-04 04:09:04,695 [INFO] [1307/1620] r8 h3 s2 e900  rings
2026-08-04 04:39:12,085 [INFO] [1308/1620] r8 h3 s2 e900  rings_ws
2026-08-04 05:09:20,534 [INFO] [1309/1620] r8 h3 s2 e1500  heuristic
2026-08-04 05:09:20,535 [INFO] [1310/1620] r8 h3 s2 e1500  rings
2026-08-04 05:39:27,729 [INFO] [1311/1620] r8 h3 s2 e1500  rings_ws
2026-08-04 06:09:35,949 [INFO] [1312/1620] r8 h3 s2 e2400  heuristic
2026-08-04 06:09:35,951 [INFO] [1313/1620] r8 h3 s2 e2400  rings
2026-08-04 06:39:43,457 [INFO] [1314/1620] r8 h3 s2 e2400  rings_ws
2026-08-04 07:09:52,258 [INFO] [1315/1620] r8 h3 s3 e300  heuristic
2026-08-04 07:09:52,260 [INFO] [1316/1620] r8 h3 s3 e300  rings
2026-08-04 07:40:01,203 [INFO] [1317/1620] r8 h3 s3 e300  rings_ws
2026-08-04 08:10:11,679 [INFO] [1318/1620] r8 h3 s3 e450  heuristic
2026-08-04 08:10:11,681 [INFO] [1319/1620] r8 h3 s3 e450  rings
2026-08-04 08:40:21,257 [INFO] [1320/1620] r8 h3 s3 e450  rings_ws
2026-08-04 09:10:31,499 [INFO] [1321/1620] r8 h3 s3 e600  heuristic
2026-08-04 09:10:31,501 [INFO] [1322/1620] r8 h3 s3 e600  rings
2026-08-04 09:40:41,066 [INFO] [1323/1620] r8 h3 s3 e600  rings_ws
2026-08-04 10:10:51,845 [INFO] [1324/1620] r8 h3 s3 e900  heuristic
2026-08-04 10:10:51,848 [INFO] [1325/1620] r8 h3 s3 e900  rings
2026-08-04 10:41:01,465 [INFO] [1326/1620] r8 h3 s3 e900  rings_ws
2026-08-04 11:11:11,419 [INFO] [1327/1620] r8 h3 s3 e1500  heuristic
2026-08-04 11:11:11,421 [INFO] [1328/1620] r8 h3 s3 e1500  rings
2026-08-04 11:41:21,146 [INFO] [1329/1620] r8 h3 s3 e1500  rings_ws
2026-08-04 12:11:31,499 [INFO] [1330/1620] r8 h3 s3 e2400  heuristic
2026-08-04 12:11:31,501 [INFO] [1331/1620] r8 h3 s3 e2400  rings
2026-08-04 12:41:40,754 [INFO] [1332/1620] r8 h3 s3 e2400  rings_ws
2026-08-04 13:11:51,277 [INFO] [1333/1620] r8 h3 s4 e300  heuristic
2026-08-04 13:11:51,280 [INFO] [1334/1620] r8 h3 s4 e300  rings
2026-08-04 13:41:58,306 [INFO] [1335/1620] r8 h3 s4 e300  rings_ws
2026-08-04 14:12:06,894 [INFO] [1336/1620] r8 h3 s4 e450  heuristic
2026-08-04 14:12:06,896 [INFO] [1337/1620] r8 h3 s4 e450  rings
2026-08-04 14:42:14,299 [INFO] [1338/1620] r8 h3 s4 e450  rings_ws
2026-08-04 15:12:22,884 [INFO] [1339/1620] r8 h3 s4 e600  heuristic
2026-08-04 15:12:22,886 [INFO] [1340/1620] r8 h3 s4 e600  rings
2026-08-04 15:42:30,758 [INFO] [1341/1620] r8 h3 s4 e600  rings_ws
2026-08-04 16:12:39,176 [INFO] [1342/1620] r8 h3 s4 e900  heuristic
2026-08-04 16:12:39,178 [INFO] [1343/1620] r8 h3 s4 e900  rings
2026-08-04 16:42:46,420 [INFO] [1344/1620] r8 h3 s4 e900  rings_ws
2026-08-04 17:12:54,626 [INFO] [1345/1620] r8 h3 s4 e1500  heuristic
2026-08-04 17:12:54,627 [INFO] [1346/1620] r8 h3 s4 e1500  rings
2026-08-04 17:43:01,886 [INFO] [1347/1620] r8 h3 s4 e1500  rings_ws
2026-08-04 18:13:10,025 [INFO] [1348/1620] r8 h3 s4 e2400  heuristic
2026-08-04 18:13:10,027 [INFO] [1349/1620] r8 h3 s4 e2400  rings
2026-08-04 18:43:17,482 [INFO] [1350/1620] r8 h3 s4 e2400  rings_ws
2026-08-04 19:13:26,911 [INFO] [1351/1620] r10 h1 s0 e300  heuristic
2026-08-04 19:13:26,913 [INFO] [1352/1620] r10 h1 s0 e300  rings
2026-08-04 19:43:30,929 [INFO] [1353/1620] r10 h1 s0 e300  rings_ws
2026-08-04 20:13:35,356 [INFO] [1354/1620] r10 h1 s0 e450  heuristic
2026-08-04 20:13:35,357 [INFO] [1355/1620] r10 h1 s0 e450  rings
2026-08-04 20:43:39,453 [INFO] [1356/1620] r10 h1 s0 e450  rings_ws
2026-08-04 21:13:44,737 [INFO] [1357/1620] r10 h1 s0 e600  heuristic
2026-08-04 21:13:44,738 [INFO] [1358/1620] r10 h1 s0 e600  rings
2026-08-04 21:43:48,851 [INFO] [1359/1620] r10 h1 s0 e600  rings_ws
2026-08-04 22:13:53,473 [INFO] [1360/1620] r10 h1 s0 e900  heuristic
2026-08-04 22:13:53,475 [INFO] [1361/1620] r10 h1 s0 e900  rings
2026-08-04 22:43:57,416 [INFO] [1362/1620] r10 h1 s0 e900  rings_ws
2026-08-04 23:14:02,063 [INFO] [1363/1620] r10 h1 s0 e1500  heuristic
2026-08-04 23:14:02,064 [INFO] [1364/1620] r10 h1 s0 e1500  rings
2026-08-04 23:44:05,852 [INFO] [1365/1620] r10 h1 s0 e1500  rings_ws
2026-08-05 00:14:10,322 [INFO] [1366/1620] r10 h1 s0 e2400  heuristic
2026-08-05 00:14:10,323 [INFO] [1367/1620] r10 h1 s0 e2400  rings
2026-08-05 00:44:14,216 [INFO] [1368/1620] r10 h1 s0 e2400  rings_ws
2026-08-05 01:14:19,526 [INFO] [1369/1620] r10 h1 s1 e300  heuristic
2026-08-05 01:14:19,528 [INFO] [1370/1620] r10 h1 s1 e300  rings
2026-08-05 01:44:23,773 [INFO] [1371/1620] r10 h1 s1 e300  rings_ws
2026-08-05 02:14:28,154 [INFO] [1372/1620] r10 h1 s1 e450  heuristic
2026-08-05 02:14:28,156 [INFO] [1373/1620] r10 h1 s1 e450  rings
2026-08-05 02:44:32,358 [INFO] [1374/1620] r10 h1 s1 e450  rings_ws
2026-08-05 03:14:36,793 [INFO] [1375/1620] r10 h1 s1 e600  heuristic
2026-08-05 03:14:36,794 [INFO] [1376/1620] r10 h1 s1 e600  rings
2026-08-05 03:44:40,640 [INFO] [1377/1620] r10 h1 s1 e600  rings_ws
2026-08-05 04:14:45,410 [INFO] [1378/1620] r10 h1 s1 e900  heuristic
2026-08-05 04:14:45,412 [INFO] [1379/1620] r10 h1 s1 e900  rings
2026-08-05 04:44:49,473 [INFO] [1380/1620] r10 h1 s1 e900  rings_ws
2026-08-05 05:14:53,915 [INFO] [1381/1620] r10 h1 s1 e1500  heuristic
2026-08-05 05:14:53,916 [INFO] [1382/1620] r10 h1 s1 e1500  rings
2026-08-05 05:44:57,926 [INFO] [1383/1620] r10 h1 s1 e1500  rings_ws
2026-08-05 06:15:02,520 [INFO] [1384/1620] r10 h1 s1 e2400  heuristic
2026-08-05 06:15:02,522 [INFO] [1385/1620] r10 h1 s1 e2400  rings
2026-08-05 06:45:06,995 [INFO] [1386/1620] r10 h1 s1 e2400  rings_ws
2026-08-05 07:15:12,482 [INFO] [1387/1620] r10 h1 s2 e300  heuristic
2026-08-05 07:15:12,484 [INFO] [1388/1620] r10 h1 s2 e300  rings
2026-08-05 07:45:16,764 [INFO] [1389/1620] r10 h1 s2 e300  rings_ws
2026-08-05 08:15:21,229 [INFO] [1390/1620] r10 h1 s2 e450  heuristic
2026-08-05 08:15:21,231 [INFO] [1391/1620] r10 h1 s2 e450  rings
2026-08-05 08:45:25,377 [INFO] [1392/1620] r10 h1 s2 e450  rings_ws
2026-08-05 09:15:29,842 [INFO] [1393/1620] r10 h1 s2 e600  heuristic
2026-08-05 09:15:29,844 [INFO] [1394/1620] r10 h1 s2 e600  rings
2026-08-05 09:45:34,275 [INFO] [1395/1620] r10 h1 s2 e600  rings_ws
2026-08-05 10:15:38,718 [INFO] [1396/1620] r10 h1 s2 e900  heuristic
2026-08-05 10:15:38,720 [INFO] [1397/1620] r10 h1 s2 e900  rings
2026-08-05 10:45:42,959 [INFO] [1398/1620] r10 h1 s2 e900  rings_ws
2026-08-05 11:15:47,510 [INFO] [1399/1620] r10 h1 s2 e1500  heuristic
2026-08-05 11:15:47,512 [INFO] [1400/1620] r10 h1 s2 e1500  rings
2026-08-05 11:45:51,596 [INFO] [1401/1620] r10 h1 s2 e1500  rings_ws
2026-08-05 12:15:55,981 [INFO] [1402/1620] r10 h1 s2 e2400  heuristic
2026-08-05 12:15:55,982 [INFO] [1403/1620] r10 h1 s2 e2400  rings
2026-08-05 12:46:00,364 [INFO] [1404/1620] r10 h1 s2 e2400  rings_ws
2026-08-05 13:16:05,758 [INFO] [1405/1620] r10 h1 s3 e300  heuristic
2026-08-05 13:16:05,760 [INFO] [1406/1620] r10 h1 s3 e300  rings
2026-08-05 13:46:10,813 [INFO] [1407/1620] r10 h1 s3 e300  rings_ws
2026-08-05 14:16:16,367 [INFO] [1408/1620] r10 h1 s3 e450  heuristic
2026-08-05 14:16:16,368 [INFO] [1409/1620] r10 h1 s3 e450  rings
2026-08-05 14:46:21,319 [INFO] [1410/1620] r10 h1 s3 e450  rings_ws
2026-08-05 15:16:26,691 [INFO] [1411/1620] r10 h1 s3 e600  heuristic
2026-08-05 15:16:26,693 [INFO] [1412/1620] r10 h1 s3 e600  rings
2026-08-05 15:46:31,332 [INFO] [1413/1620] r10 h1 s3 e600  rings_ws
2026-08-05 16:16:36,827 [INFO] [1414/1620] r10 h1 s3 e900  heuristic
2026-08-05 16:16:36,829 [INFO] [1415/1620] r10 h1 s3 e900  rings
2026-08-05 16:46:41,851 [INFO] [1416/1620] r10 h1 s3 e900  rings_ws
2026-08-05 17:16:47,184 [INFO] [1417/1620] r10 h1 s3 e1500  heuristic
2026-08-05 17:16:47,186 [INFO] [1418/1620] r10 h1 s3 e1500  rings
2026-08-05 17:46:51,953 [INFO] [1419/1620] r10 h1 s3 e1500  rings_ws
2026-08-05 18:16:57,602 [INFO] [1420/1620] r10 h1 s3 e2400  heuristic
2026-08-05 18:16:57,604 [INFO] [1421/1620] r10 h1 s3 e2400  rings
2026-08-05 18:47:02,318 [INFO] [1422/1620] r10 h1 s3 e2400  rings_ws
2026-08-05 19:17:08,018 [INFO] [1423/1620] r10 h1 s4 e300  heuristic
2026-08-05 19:17:08,020 [INFO] [1424/1620] r10 h1 s4 e300  rings
2026-08-05 19:47:12,359 [INFO] [1425/1620] r10 h1 s4 e300  rings_ws
2026-08-05 20:17:16,984 [INFO] [1426/1620] r10 h1 s4 e450  heuristic
2026-08-05 20:17:16,986 [INFO] [1427/1620] r10 h1 s4 e450  rings
2026-08-05 20:47:21,564 [INFO] [1428/1620] r10 h1 s4 e450  rings_ws
2026-08-05 21:17:26,060 [INFO] [1429/1620] r10 h1 s4 e600  heuristic
2026-08-05 21:17:26,062 [INFO] [1430/1620] r10 h1 s4 e600  rings
2026-08-05 21:47:30,150 [INFO] [1431/1620] r10 h1 s4 e600  rings_ws
2026-08-05 22:17:35,179 [INFO] [1432/1620] r10 h1 s4 e900  heuristic
2026-08-05 22:17:35,180 [INFO] [1433/1620] r10 h1 s4 e900  rings
2026-08-05 22:47:39,706 [INFO] [1434/1620] r10 h1 s4 e900  rings_ws
2026-08-05 23:17:44,416 [INFO] [1435/1620] r10 h1 s4 e1500  heuristic
2026-08-05 23:17:44,417 [INFO] [1436/1620] r10 h1 s4 e1500  rings
2026-08-05 23:47:48,577 [INFO] [1437/1620] r10 h1 s4 e1500  rings_ws
2026-08-06 00:17:53,143 [INFO] [1438/1620] r10 h1 s4 e2400  heuristic
2026-08-06 00:17:53,145 [INFO] [1439/1620] r10 h1 s4 e2400  rings
2026-08-06 00:47:57,244 [INFO] [1440/1620] r10 h1 s4 e2400  rings_ws
2026-08-06 01:18:02,050 [INFO] [1441/1620] r10 h2 s0 e300  heuristic
2026-08-06 01:18:02,052 [INFO] [1442/1620] r10 h2 s0 e300  rings
2026-08-06 01:48:10,926 [INFO] [1443/1620] r10 h2 s0 e300  rings_ws
2026-08-06 02:18:20,779 [INFO] [1444/1620] r10 h2 s0 e450  heuristic
2026-08-06 02:18:20,781 [INFO] [1445/1620] r10 h2 s0 e450  rings
2026-08-06 02:48:30,013 [INFO] [1446/1620] r10 h2 s0 e450  rings_ws
2026-08-06 03:18:39,742 [INFO] [1447/1620] r10 h2 s0 e600  heuristic
2026-08-06 03:18:39,743 [INFO] [1448/1620] r10 h2 s0 e600  rings
2026-08-06 03:48:48,363 [INFO] [1449/1620] r10 h2 s0 e600  rings_ws
2026-08-06 04:18:58,134 [INFO] [1450/1620] r10 h2 s0 e900  heuristic
2026-08-06 04:18:58,136 [INFO] [1451/1620] r10 h2 s0 e900  rings
2026-08-06 04:49:06,235 [INFO] [1452/1620] r10 h2 s0 e900  rings_ws
2026-08-06 05:19:15,159 [INFO] [1453/1620] r10 h2 s0 e1500  heuristic
2026-08-06 05:19:15,161 [INFO] [1454/1620] r10 h2 s0 e1500  rings
2026-08-06 05:49:23,498 [INFO] [1455/1620] r10 h2 s0 e1500  rings_ws
2026-08-06 06:19:33,582 [INFO] [1456/1620] r10 h2 s0 e2400  heuristic
2026-08-06 06:19:33,584 [INFO] [1457/1620] r10 h2 s0 e2400  rings
2026-08-06 06:49:41,891 [INFO] [1458/1620] r10 h2 s0 e2400  rings_ws
2026-08-06 07:19:50,978 [INFO] [1459/1620] r10 h2 s1 e300  heuristic
2026-08-06 07:19:50,980 [INFO] [1460/1620] r10 h2 s1 e300  rings
2026-08-06 07:49:57,686 [INFO] [1461/1620] r10 h2 s1 e300  rings_ws
2026-08-06 08:20:04,604 [INFO] [1462/1620] r10 h2 s1 e450  heuristic
2026-08-06 08:20:04,606 [INFO] [1463/1620] r10 h2 s1 e450  rings
2026-08-06 08:50:11,928 [INFO] [1464/1620] r10 h2 s1 e450  rings_ws
2026-08-06 09:20:19,118 [INFO] [1465/1620] r10 h2 s1 e600  heuristic
2026-08-06 09:20:19,120 [INFO] [1466/1620] r10 h2 s1 e600  rings
2026-08-06 09:50:25,934 [INFO] [1467/1620] r10 h2 s1 e600  rings_ws
2026-08-06 10:20:33,324 [INFO] [1468/1620] r10 h2 s1 e900  heuristic
2026-08-06 10:20:33,325 [INFO] [1469/1620] r10 h2 s1 e900  rings
2026-08-06 10:50:39,562 [INFO] [1470/1620] r10 h2 s1 e900  rings_ws
2026-08-06 11:20:46,628 [INFO] [1471/1620] r10 h2 s1 e1500  heuristic
2026-08-06 11:20:46,629 [INFO] [1472/1620] r10 h2 s1 e1500  rings
2026-08-06 11:50:52,739 [INFO] [1473/1620] r10 h2 s1 e1500  rings_ws
2026-08-06 12:21:00,276 [INFO] [1474/1620] r10 h2 s1 e2400  heuristic
2026-08-06 12:21:00,278 [INFO] [1475/1620] r10 h2 s1 e2400  rings
2026-08-06 12:51:06,457 [INFO] [1476/1620] r10 h2 s1 e2400  rings_ws
2026-08-06 13:21:15,008 [INFO] [1477/1620] r10 h2 s2 e300  heuristic
2026-08-06 13:21:15,010 [INFO] [1478/1620] r10 h2 s2 e300  rings
2026-08-06 13:51:24,617 [INFO] [1479/1620] r10 h2 s2 e300  rings_ws
2026-08-06 14:21:35,433 [INFO] [1480/1620] r10 h2 s2 e450  heuristic
2026-08-06 14:21:35,435 [INFO] [1481/1620] r10 h2 s2 e450  rings
2026-08-06 14:51:45,036 [INFO] [1482/1620] r10 h2 s2 e450  rings_ws
2026-08-06 15:21:55,952 [INFO] [1483/1620] r10 h2 s2 e600  heuristic
2026-08-06 15:21:55,954 [INFO] [1484/1620] r10 h2 s2 e600  rings
2026-08-06 15:52:06,029 [INFO] [1485/1620] r10 h2 s2 e600  rings_ws
2026-08-06 16:22:17,301 [INFO] [1486/1620] r10 h2 s2 e900  heuristic
2026-08-06 16:22:17,302 [INFO] [1487/1620] r10 h2 s2 e900  rings
2026-08-06 16:52:26,870 [INFO] [1488/1620] r10 h2 s2 e900  rings_ws
2026-08-06 17:22:37,913 [INFO] [1489/1620] r10 h2 s2 e1500  heuristic
2026-08-06 17:22:37,917 [INFO] [1490/1620] r10 h2 s2 e1500  rings
2026-08-06 17:52:47,759 [INFO] [1491/1620] r10 h2 s2 e1500  rings_ws
2026-08-06 18:22:58,447 [INFO] [1492/1620] r10 h2 s2 e2400  heuristic
2026-08-06 18:22:58,449 [INFO] [1493/1620] r10 h2 s2 e2400  rings
2026-08-06 18:53:07,680 [INFO] [1494/1620] r10 h2 s2 e2400  rings_ws
2026-08-06 19:23:19,021 [INFO] [1495/1620] r10 h2 s3 e300  heuristic
2026-08-06 19:23:19,023 [INFO] [1496/1620] r10 h2 s3 e300  rings
2026-08-06 19:53:28,320 [INFO] [1497/1620] r10 h2 s3 e300  rings_ws
2026-08-06 20:23:39,319 [INFO] [1498/1620] r10 h2 s3 e450  heuristic
2026-08-06 20:23:39,321 [INFO] [1499/1620] r10 h2 s3 e450  rings
2026-08-06 20:53:49,716 [INFO] [1500/1620] r10 h2 s3 e450  rings_ws
2026-08-06 21:24:00,412 [INFO] [1501/1620] r10 h2 s3 e600  heuristic
2026-08-06 21:24:00,414 [INFO] [1502/1620] r10 h2 s3 e600  rings
2026-08-06 21:54:10,648 [INFO] [1503/1620] r10 h2 s3 e600  rings_ws
2026-08-06 22:24:21,724 [INFO] [1504/1620] r10 h2 s3 e900  heuristic
2026-08-06 22:24:21,727 [INFO] [1505/1620] r10 h2 s3 e900  rings
2026-08-06 22:54:31,306 [INFO] [1506/1620] r10 h2 s3 e900  rings_ws
2026-08-06 23:24:42,525 [INFO] [1507/1620] r10 h2 s3 e1500  heuristic
2026-08-06 23:24:42,527 [INFO] [1508/1620] r10 h2 s3 e1500  rings
2026-08-06 23:54:51,594 [INFO] [1509/1620] r10 h2 s3 e1500  rings_ws
2026-08-07 00:25:02,444 [INFO] [1510/1620] r10 h2 s3 e2400  heuristic
2026-08-07 00:25:02,446 [INFO] [1511/1620] r10 h2 s3 e2400  rings
2026-08-07 00:55:11,845 [INFO] [1512/1620] r10 h2 s3 e2400  rings_ws
2026-08-07 01:25:22,998 [INFO] [1513/1620] r10 h2 s4 e300  heuristic
2026-08-07 01:25:23,000 [INFO] [1514/1620] r10 h2 s4 e300  rings
2026-08-07 01:55:29,019 [INFO] [1515/1620] r10 h2 s4 e300  rings_ws
2026-08-07 02:25:35,919 [INFO] [1516/1620] r10 h2 s4 e450  heuristic
2026-08-07 02:25:35,921 [INFO] [1517/1620] r10 h2 s4 e450  rings
2026-08-07 02:55:42,783 [INFO] [1518/1620] r10 h2 s4 e450  rings_ws
2026-08-07 03:25:49,509 [INFO] [1519/1620] r10 h2 s4 e600  heuristic
2026-08-07 03:25:49,511 [INFO] [1520/1620] r10 h2 s4 e600  rings
2026-08-07 03:55:55,723 [INFO] [1521/1620] r10 h2 s4 e600  rings_ws
2026-08-07 04:26:02,529 [INFO] [1522/1620] r10 h2 s4 e900  heuristic
2026-08-07 04:26:02,532 [INFO] [1523/1620] r10 h2 s4 e900  rings
2026-08-07 04:56:09,205 [INFO] [1524/1620] r10 h2 s4 e900  rings_ws
2026-08-07 05:26:15,901 [INFO] [1525/1620] r10 h2 s4 e1500  heuristic
2026-08-07 05:26:15,902 [INFO] [1526/1620] r10 h2 s4 e1500  rings
2026-08-07 05:56:22,056 [INFO] [1527/1620] r10 h2 s4 e1500  rings_ws
2026-08-07 06:26:29,267 [INFO] [1528/1620] r10 h2 s4 e2400  heuristic
2026-08-07 06:26:29,268 [INFO] [1529/1620] r10 h2 s4 e2400  rings
2026-08-07 06:56:35,191 [INFO] [1530/1620] r10 h2 s4 e2400  rings_ws
2026-08-07 07:26:42,665 [INFO] [1531/1620] r10 h3 s0 e300  heuristic
2026-08-07 07:26:42,668 [INFO] [1532/1620] r10 h3 s0 e300  rings
2026-08-07 07:56:57,945 [INFO] [1533/1620] r10 h3 s0 e300  rings_ws
2026-08-07 08:27:13,273 [INFO] [1534/1620] r10 h3 s0 e450  heuristic
2026-08-07 08:27:13,276 [INFO] [1535/1620] r10 h3 s0 e450  rings
2026-08-07 08:57:27,612 [INFO] [1536/1620] r10 h3 s0 e450  rings_ws
2026-08-07 09:27:43,185 [INFO] [1537/1620] r10 h3 s0 e600  heuristic
2026-08-07 09:27:43,188 [INFO] [1538/1620] r10 h3 s0 e600  rings
2026-08-07 09:57:57,297 [INFO] [1539/1620] r10 h3 s0 e600  rings_ws
2026-08-07 10:28:12,875 [INFO] [1540/1620] r10 h3 s0 e900  heuristic
2026-08-07 10:28:12,878 [INFO] [1541/1620] r10 h3 s0 e900  rings
2026-08-07 10:58:26,950 [INFO] [1542/1620] r10 h3 s0 e900  rings_ws
2026-08-07 11:28:42,967 [INFO] [1543/1620] r10 h3 s0 e1500  heuristic
2026-08-07 11:28:42,969 [INFO] [1544/1620] r10 h3 s0 e1500  rings
2026-08-07 11:58:56,634 [INFO] [1545/1620] r10 h3 s0 e1500  rings_ws
2026-08-07 12:29:12,571 [INFO] [1546/1620] r10 h3 s0 e2400  heuristic
2026-08-07 12:29:12,573 [INFO] [1547/1620] r10 h3 s0 e2400  rings
2026-08-07 12:59:27,047 [INFO] [1548/1620] r10 h3 s0 e2400  rings_ws
2026-08-07 13:29:42,555 [INFO] [1549/1620] r10 h3 s1 e300  heuristic
2026-08-07 13:29:42,558 [INFO] [1550/1620] r10 h3 s1 e300  rings
2026-08-07 13:59:53,451 [INFO] [1551/1620] r10 h3 s1 e300  rings_ws
2026-08-07 14:30:05,145 [INFO] [1552/1620] r10 h3 s1 e450  heuristic
2026-08-07 14:30:05,147 [INFO] [1553/1620] r10 h3 s1 e450  rings
2026-08-07 15:00:16,631 [INFO] [1554/1620] r10 h3 s1 e450  rings_ws
2026-08-07 15:30:28,418 [INFO] [1555/1620] r10 h3 s1 e600  heuristic
2026-08-07 15:30:28,420 [INFO] [1556/1620] r10 h3 s1 e600  rings
2026-08-07 16:00:39,731 [INFO] [1557/1620] r10 h3 s1 e600  rings_ws
2026-08-07 16:30:51,615 [INFO] [1558/1620] r10 h3 s1 e900  heuristic
2026-08-07 16:30:51,617 [INFO] [1559/1620] r10 h3 s1 e900  rings
2026-08-07 17:01:01,955 [INFO] [1560/1620] r10 h3 s1 e900  rings_ws
2026-08-07 17:31:14,152 [INFO] [1561/1620] r10 h3 s1 e1500  heuristic
2026-08-07 17:31:14,154 [INFO] [1562/1620] r10 h3 s1 e1500  rings
2026-08-07 18:01:24,221 [INFO] [1563/1620] r10 h3 s1 e1500  rings_ws
2026-08-07 18:31:36,158 [INFO] [1564/1620] r10 h3 s1 e2400  heuristic
2026-08-07 18:31:36,160 [INFO] [1565/1620] r10 h3 s1 e2400  rings
2026-08-07 19:01:46,213 [INFO] [1566/1620] r10 h3 s1 e2400  rings_ws
2026-08-07 19:31:59,599 [INFO] [1567/1620] r10 h3 s2 e300  heuristic
2026-08-07 19:31:59,602 [INFO] [1568/1620] r10 h3 s2 e300  rings
2026-08-07 20:02:16,990 [INFO] [1569/1620] r10 h3 s2 e300  rings_ws
2026-08-07 20:32:34,734 [INFO] [1570/1620] r10 h3 s2 e450  heuristic
2026-08-07 20:32:34,738 [INFO] [1571/1620] r10 h3 s2 e450  rings
2026-08-07 21:02:53,016 [INFO] [1572/1620] r10 h3 s2 e450  rings_ws
2026-08-07 21:33:11,915 [INFO] [1573/1620] r10 h3 s2 e600  heuristic
2026-08-07 21:33:11,919 [INFO] [1574/1620] r10 h3 s2 e600  rings
2026-08-07 22:03:29,677 [INFO] [1575/1620] r10 h3 s2 e600  rings_ws
2026-08-07 22:33:48,164 [INFO] [1576/1620] r10 h3 s2 e900  heuristic
2026-08-07 22:33:48,167 [INFO] [1577/1620] r10 h3 s2 e900  rings
2026-08-07 23:04:08,346 [INFO] [1578/1620] r10 h3 s2 e900  rings_ws
2026-08-07 23:34:27,141 [INFO] [1579/1620] r10 h3 s2 e1500  heuristic
2026-08-07 23:34:27,143 [INFO] [1580/1620] r10 h3 s2 e1500  rings
2026-08-08 00:04:44,162 [INFO] [1581/1620] r10 h3 s2 e1500  rings_ws
2026-08-08 00:35:02,398 [INFO] [1582/1620] r10 h3 s2 e2400  heuristic
2026-08-08 00:35:02,400 [INFO] [1583/1620] r10 h3 s2 e2400  rings
2026-08-08 01:05:19,338 [INFO] [1584/1620] r10 h3 s2 e2400  rings_ws
2026-08-08 01:35:39,617 [INFO] [1585/1620] r10 h3 s3 e300  heuristic
2026-08-08 01:35:39,620 [INFO] [1586/1620] r10 h3 s3 e300  rings
2026-08-08 02:05:55,933 [INFO] [1587/1620] r10 h3 s3 e300  rings_ws
2026-08-08 02:36:14,057 [INFO] [1588/1620] r10 h3 s3 e450  heuristic
2026-08-08 02:36:14,060 [INFO] [1589/1620] r10 h3 s3 e450  rings
2026-08-08 03:06:30,827 [INFO] [1590/1620] r10 h3 s3 e450  rings_ws
2026-08-08 03:36:49,602 [INFO] [1591/1620] r10 h3 s3 e600  heuristic
2026-08-08 03:36:49,605 [INFO] [1592/1620] r10 h3 s3 e600  rings
2026-08-08 04:07:06,818 [INFO] [1593/1620] r10 h3 s3 e600  rings_ws
2026-08-08 04:37:24,296 [INFO] [1594/1620] r10 h3 s3 e900  heuristic
2026-08-08 04:37:24,299 [INFO] [1595/1620] r10 h3 s3 e900  rings
2026-08-08 05:07:41,804 [INFO] [1596/1620] r10 h3 s3 e900  rings_ws
2026-08-08 05:37:59,519 [INFO] [1597/1620] r10 h3 s3 e1500  heuristic
2026-08-08 05:37:59,522 [INFO] [1598/1620] r10 h3 s3 e1500  rings
2026-08-08 06:08:16,642 [INFO] [1599/1620] r10 h3 s3 e1500  rings_ws
2026-08-08 06:38:36,029 [INFO] [1600/1620] r10 h3 s3 e2400  heuristic
2026-08-08 06:38:36,032 [INFO] [1601/1620] r10 h3 s3 e2400  rings
2026-08-08 07:08:51,859 [INFO] [1602/1620] r10 h3 s3 e2400  rings_ws
2026-08-08 07:39:09,934 [INFO] [1603/1620] r10 h3 s4 e300  heuristic
2026-08-08 07:39:09,936 [INFO] [1604/1620] r10 h3 s4 e300  rings
2026-08-08 08:09:21,101 [INFO] [1605/1620] r10 h3 s4 e300  rings_ws
2026-08-08 08:39:31,993 [INFO] [1606/1620] r10 h3 s4 e450  heuristic
2026-08-08 08:39:31,995 [INFO] [1607/1620] r10 h3 s4 e450  rings
2026-08-08 09:09:43,051 [INFO] [1608/1620] r10 h3 s4 e450  rings_ws
2026-08-08 09:39:54,597 [INFO] [1609/1620] r10 h3 s4 e600  heuristic
2026-08-08 09:39:54,599 [INFO] [1610/1620] r10 h3 s4 e600  rings
2026-08-08 10:10:06,503 [INFO] [1611/1620] r10 h3 s4 e600  rings_ws
2026-08-08 10:40:19,208 [INFO] [1612/1620] r10 h3 s4 e900  heuristic
2026-08-08 10:40:19,210 [INFO] [1613/1620] r10 h3 s4 e900  rings
2026-08-08 11:10:31,245 [INFO] [1614/1620] r10 h3 s4 e900  rings_ws
2026-08-08 11:40:44,525 [INFO] [1615/1620] r10 h3 s4 e1500  heuristic
2026-08-08 11:40:44,527 [INFO] [1616/1620] r10 h3 s4 e1500  rings
2026-08-08 12:10:55,470 [INFO] [1617/1620] r10 h3 s4 e1500  rings_ws
2026-08-08 12:41:08,315 [INFO] [1618/1620] r10 h3 s4 e2400  heuristic
2026-08-08 12:41:08,317 [INFO] [1619/1620] r10 h3 s4 e2400  rings
2026-08-08 13:11:19,043 [INFO] [1620/1620] r10 h3 s4 e2400  rings_ws
2026-08-08 13:41:31,109 [INFO] Sweep complete. Results in compare_results/results.csv
